Command line arguments: -disable-compute-shaders
UnityEngine.StackTraceUtility:ExtractStackTrace ()
Verse.Log:Message (string)
Verse.Root:CheckGlobalInit ()
Verse.Root:Start ()
Verse.Root_Entry:Start ()

RimWorld 1.6.4871 rev591
UnityEngine.StackTraceUtility:ExtractStackTrace ()
Verse.Log:Message (string)
RimWorld.VersionControl:LogVersionNumber ()
Verse.Root:CheckGlobalInit ()
Verse.Root:Start ()
Verse.Root_Entry:Start ()

[Loading Progress] Loading Progress v0.15.0 initialized! Enjoy the rest of your loading experience!
UnityEngine.StackTraceUtility:ExtractStackTrace ()
Verse.Log:Message (string)
ilyvion.LoadingProgress.LoadingProgressMod:Message (string) (at /home/runner/work/loading-progress/loading-progress/Source/ilyvion.LoadingProgress/LoadingProgressMod.cs:39)
ilyvion.LoadingProgress.LoadingProgressMod:.ctor (Verse.ModContentPack) (at /home/runner/work/loading-progress/loading-progress/Source/ilyvion.LoadingProgress/LoadingProgressMod.cs:27)
System.Reflection.RuntimeConstructorInfo:InternalInvoke (object,object[],bool)
System.Reflection.RuntimeConstructorInfo:DoInvoke (object,System.Reflection.BindingFlags,System.Reflection.Binder,object[],System.Globalization.CultureInfo)
System.Reflection.RuntimeConstructorInfo:Invoke (System.Reflection.BindingFlags,System.Reflection.Binder,object[],System.Globalization.CultureInfo)
System.RuntimeType:CreateInstanceImpl (System.Reflection.BindingFlags,System.Reflection.Binder,object[],System.Globalization.CultureInfo,object[],System.Threading.StackCrawlMark&)
System.Activator:CreateInstance (System.Type,System.Reflection.BindingFlags,System.Reflection.Binder,object[],System.Globalization.CultureInfo,object[])
System.Activator:CreateInstance (System.Type,object[])
Verse.LoadedModManager:CreateModClasses ()
Verse.LoadedModManager:LoadAllActiveMods (bool)
Verse.PlayDataLoader:DoPlayLoad ()
Verse.PlayDataLoader:LoadAllPlayData (bool)
Verse.Root/<>c:<Start>b__10_1 ()
Verse.LongEventHandler:RunEventFromAnotherThread (System.Action)
Verse.LongEventHandler/<>c:<UpdateCurrentAsynchronousEvent>b__28_0 ()
System.Threading.ThreadHelper:ThreadStart_Context (object)
System.Threading.ExecutionContext:RunInternal (System.Threading.ExecutionContext,System.Threading.ContextCallback,object,bool)
System.Threading.ExecutionContext:Run (System.Threading.ExecutionContext,System.Threading.ContextCallback,object,bool)
System.Threading.ExecutionContext:Run (System.Threading.ExecutionContext,System.Threading.ContextCallback,object)
System.Threading.ThreadHelper:ThreadStart ()

[HugsLib] version 12.0.0
UnityEngine.StackTraceUtility:ExtractStackTrace ()
Verse.Log:Message (string)
HugsLib.Utils.ModLogger:Message (string,object[])
HugsLib.HugsLibController:InitializeController ()
HugsLib.HugsLibController:EarlyInitialize (Verse.ModContentPack)
HugsLib.Core.HugsLibMod:.ctor (Verse.ModContentPack)
System.Reflection.RuntimeConstructorInfo:InternalInvoke (object,object[],bool)
System.Reflection.RuntimeConstructorInfo:DoInvoke (object,System.Reflection.BindingFlags,System.Reflection.Binder,object[],System.Globalization.CultureInfo)
System.Reflection.RuntimeConstructorInfo:Invoke (System.Reflection.BindingFlags,System.Reflection.Binder,object[],System.Globalization.CultureInfo)
System.RuntimeType:CreateInstanceImpl (System.Reflection.BindingFlags,System.Reflection.Binder,object[],System.Globalization.CultureInfo,object[],System.Threading.StackCrawlMark&)
System.Activator:CreateInstance (System.Type,System.Reflection.BindingFlags,System.Reflection.Binder,object[],System.Globalization.CultureInfo,object[])
System.Activator:CreateInstance (System.Type,object[])
Verse.LoadedModManager:CreateModClasses ()
Verse.LoadedModManager:LoadAllActiveMods (bool)
Verse.PlayDataLoader:DoPlayLoad ()
Verse.PlayDataLoader:LoadAllPlayData (bool)
Verse.Root/<>c:<Start>b__10_1 ()
Verse.LongEventHandler:RunEventFromAnotherThread (System.Action)
Verse.LongEventHandler/<>c:<UpdateCurrentAsynchronousEvent>b__28_0 ()
System.Threading.ThreadHelper:ThreadStart_Context (object)
System.Threading.ExecutionContext:RunInternal (System.Threading.ExecutionContext,System.Threading.ContextCallback,object,bool)
System.Threading.ExecutionContext:Run (System.Threading.ExecutionContext,System.Threading.ContextCallback,object,bool)
System.Threading.ExecutionContext:Run (System.Threading.ExecutionContext,System.Threading.ContextCallback,object)
System.Threading.ThreadHelper:ThreadStart ()

[HugsLib] early-initializing AllowTool
UnityEngine.StackTraceUtility:ExtractStackTrace ()
Verse.Log:Message (string)
HugsLib.Utils.ModLogger:Message (string,object[])
HugsLib.HugsLibController:EnumerateChildMods (bool)
HugsLib.HugsLibController:EarlyInitializeChildMods ()
HugsLib.HugsLibController:InitializeController ()
HugsLib.HugsLibController:EarlyInitialize (Verse.ModContentPack)
HugsLib.Core.HugsLibMod:.ctor (Verse.ModContentPack)
System.Reflection.RuntimeConstructorInfo:InternalInvoke (object,object[],bool)
System.Reflection.RuntimeConstructorInfo:DoInvoke (object,System.Reflection.BindingFlags,System.Reflection.Binder,object[],System.Globalization.CultureInfo)
System.Reflection.RuntimeConstructorInfo:Invoke (System.Reflection.BindingFlags,System.Reflection.Binder,object[],System.Globalization.CultureInfo)
System.RuntimeType:CreateInstanceImpl (System.Reflection.BindingFlags,System.Reflection.Binder,object[],System.Globalization.CultureInfo,object[],System.Threading.StackCrawlMark&)
System.Activator:CreateInstance (System.Type,System.Reflection.BindingFlags,System.Reflection.Binder,object[],System.Globalization.CultureInfo,object[])
System.Activator:CreateInstance (System.Type,object[])
Verse.LoadedModManager:CreateModClasses ()
Verse.LoadedModManager:LoadAllActiveMods (bool)
Verse.PlayDataLoader:DoPlayLoad ()
Verse.PlayDataLoader:LoadAllPlayData (bool)
Verse.Root/<>c:<Start>b__10_1 ()
Verse.LongEventHandler:RunEventFromAnotherThread (System.Action)
Verse.LongEventHandler/<>c:<UpdateCurrentAsynchronousEvent>b__28_0 ()
System.Threading.ThreadHelper:ThreadStart_Context (object)
System.Threading.ExecutionContext:RunInternal (System.Threading.ExecutionContext,System.Threading.ContextCallback,object,bool)
System.Threading.ExecutionContext:Run (System.Threading.ExecutionContext,System.Threading.ContextCallback,object,bool)
System.Threading.ExecutionContext:Run (System.Threading.ExecutionContext,System.Threading.ContextCallback,object)
System.Threading.ThreadHelper:ThreadStart ()

Better Autocasting - Running Version 8.1.1.0 Release compiled for RimWorld version v1.6
UnityEngine.StackTraceUtility:ExtractStackTrace ()
Verse.Log:Message (string)
BetterAutocastVPE.BetterAutocastVPE:.ctor (Verse.ModContentPack)
System.Reflection.RuntimeConstructorInfo:InternalInvoke (object,object[],bool)
System.Reflection.RuntimeConstructorInfo:DoInvoke (object,System.Reflection.BindingFlags,System.Reflection.Binder,object[],System.Globalization.CultureInfo)
System.Reflection.RuntimeConstructorInfo:Invoke (System.Reflection.BindingFlags,System.Reflection.Binder,object[],System.Globalization.CultureInfo)
System.RuntimeType:CreateInstanceImpl (System.Reflection.BindingFlags,System.Reflection.Binder,object[],System.Globalization.CultureInfo,object[],System.Threading.StackCrawlMark&)
System.Activator:CreateInstance (System.Type,System.Reflection.BindingFlags,System.Reflection.Binder,object[],System.Globalization.CultureInfo,object[])
System.Activator:CreateInstance (System.Type,object[])
Verse.LoadedModManager:CreateModClasses ()
Verse.LoadedModManager:LoadAllActiveMods (bool)
Verse.PlayDataLoader:DoPlayLoad ()
Verse.PlayDataLoader:LoadAllPlayData (bool)
Verse.Root/<>c:<Start>b__10_1 ()
Verse.LongEventHandler:RunEventFromAnotherThread (System.Action)
Verse.LongEventHandler/<>c:<UpdateCurrentAsynchronousEvent>b__28_0 ()
System.Threading.ThreadHelper:ThreadStart_Context (object)
System.Threading.ExecutionContext:RunInternal (System.Threading.ExecutionContext,System.Threading.ContextCallback,object,bool)
System.Threading.ExecutionContext:Run (System.Threading.ExecutionContext,System.Threading.ContextCallback,object,bool)
System.Threading.ExecutionContext:Run (System.Threading.ExecutionContext,System.Threading.ContextCallback,object)
System.Threading.ThreadHelper:ThreadStart ()

Better Autocasting - UnregisterPatch succeeded
UnityEngine.StackTraceUtility:ExtractStackTrace ()
Verse.Log:Message (string)
BetterAutocastVPE.BetterAutocastVPE:.ctor (Verse.ModContentPack)
System.Reflection.RuntimeConstructorInfo:InternalInvoke (object,object[],bool)
System.Reflection.RuntimeConstructorInfo:DoInvoke (object,System.Reflection.BindingFlags,System.Reflection.Binder,object[],System.Globalization.CultureInfo)
System.Reflection.RuntimeConstructorInfo:Invoke (System.Reflection.BindingFlags,System.Reflection.Binder,object[],System.Globalization.CultureInfo)
System.RuntimeType:CreateInstanceImpl (System.Reflection.BindingFlags,System.Reflection.Binder,object[],System.Globalization.CultureInfo,object[],System.Threading.StackCrawlMark&)
System.Activator:CreateInstance (System.Type,System.Reflection.BindingFlags,System.Reflection.Binder,object[],System.Globalization.CultureInfo,object[])
System.Activator:CreateInstance (System.Type,object[])
Verse.LoadedModManager:CreateModClasses ()
Verse.LoadedModManager:LoadAllActiveMods (bool)
Verse.PlayDataLoader:DoPlayLoad ()
Verse.PlayDataLoader:LoadAllPlayData (bool)
Verse.Root/<>c:<Start>b__10_1 ()
Verse.LongEventHandler:RunEventFromAnotherThread (System.Action)
Verse.LongEventHandler/<>c:<UpdateCurrentAsynchronousEvent>b__28_0 ()
System.Threading.ThreadHelper:ThreadStart_Context (object)
System.Threading.ExecutionContext:RunInternal (System.Threading.ExecutionContext,System.Threading.ContextCallback,object,bool)
System.Threading.ExecutionContext:Run (System.Threading.ExecutionContext,System.Threading.ContextCallback,object,bool)
System.Threading.ExecutionContext:Run (System.Threading.ExecutionContext,System.Threading.ContextCallback,object)
System.Threading.ThreadHelper:ThreadStart ()

DubsMintMenus v1.3.1086
UnityEngine.StackTraceUtility:ExtractStackTrace ()
Verse.Log:Message (string)
DubsMintMenus.DubsMintMenusMod:.ctor (Verse.ModContentPack)
System.Reflection.RuntimeConstructorInfo:InternalInvoke (object,object[],bool)
System.Reflection.RuntimeConstructorInfo:DoInvoke (object,System.Reflection.BindingFlags,System.Reflection.Binder,object[],System.Globalization.CultureInfo)
System.Reflection.RuntimeConstructorInfo:Invoke (System.Reflection.BindingFlags,System.Reflection.Binder,object[],System.Globalization.CultureInfo)
System.RuntimeType:CreateInstanceImpl (System.Reflection.BindingFlags,System.Reflection.Binder,object[],System.Globalization.CultureInfo,object[],System.Threading.StackCrawlMark&)
System.Activator:CreateInstance (System.Type,System.Reflection.BindingFlags,System.Reflection.Binder,object[],System.Globalization.CultureInfo,object[])
System.Activator:CreateInstance (System.Type,object[])
Verse.LoadedModManager:CreateModClasses ()
Verse.LoadedModManager:LoadAllActiveMods (bool)
Verse.PlayDataLoader:DoPlayLoad ()
Verse.PlayDataLoader:LoadAllPlayData (bool)
Verse.Root/<>c:<Start>b__10_1 ()
Verse.LongEventHandler:RunEventFromAnotherThread (System.Action)
Verse.LongEventHandler/<>c:<UpdateCurrentAsynchronousEvent>b__28_0 ()
System.Threading.ThreadHelper:ThreadStart_Context (object)
System.Threading.ExecutionContext:RunInternal (System.Threading.ExecutionContext,System.Threading.ContextCallback,object,bool)
System.Threading.ExecutionContext:Run (System.Threading.ExecutionContext,System.Threading.ContextCallback,object,bool)
System.Threading.ExecutionContext:Run (System.Threading.ExecutionContext,System.Threading.ContextCallback,object)
System.Threading.ThreadHelper:ThreadStart ()

FactionCustomizer is successfully initialized!
UnityEngine.StackTraceUtility:ExtractStackTrace ()
Verse.Log:Message (string)
FactionCustomizer.FactionCustomizer:.ctor (Verse.ModContentPack)
System.Reflection.RuntimeConstructorInfo:InternalInvoke (object,object[],bool)
System.Reflection.RuntimeConstructorInfo:DoInvoke (object,System.Reflection.BindingFlags,System.Reflection.Binder,object[],System.Globalization.CultureInfo)
System.Reflection.RuntimeConstructorInfo:Invoke (System.Reflection.BindingFlags,System.Reflection.Binder,object[],System.Globalization.CultureInfo)
System.RuntimeType:CreateInstanceImpl (System.Reflection.BindingFlags,System.Reflection.Binder,object[],System.Globalization.CultureInfo,object[],System.Threading.StackCrawlMark&)
System.Activator:CreateInstance (System.Type,System.Reflection.BindingFlags,System.Reflection.Binder,object[],System.Globalization.CultureInfo,object[])
System.Activator:CreateInstance (System.Type,object[])
Verse.LoadedModManager:CreateModClasses ()
Verse.LoadedModManager:LoadAllActiveMods (bool)
Verse.PlayDataLoader:DoPlayLoad ()
Verse.PlayDataLoader:LoadAllPlayData (bool)
Verse.Root/<>c:<Start>b__10_1 ()
Verse.LongEventHandler:RunEventFromAnotherThread (System.Action)
Verse.LongEventHandler/<>c:<UpdateCurrentAsynchronousEvent>b__28_0 ()
System.Threading.ThreadHelper:ThreadStart_Context (object)
System.Threading.ExecutionContext:RunInternal (System.Threading.ExecutionContext,System.Threading.ContextCallback,object,bool)
System.Threading.ExecutionContext:Run (System.Threading.ExecutionContext,System.Threading.ContextCallback,object,bool)
System.Threading.ExecutionContext:Run (System.Threading.ExecutionContext,System.Threading.ContextCallback,object)
System.Threading.ThreadHelper:ThreadStart ()

[1.6]Graphics Setter - Loaded
UnityEngine.StackTraceUtility:ExtractStackTrace ()
Verse.Log:Message (string)
GraphicSetter.GraphicSetter:.ctor (Verse.ModContentPack) (at C:/Program Files (x86)/Steam/steamapps/common/RimWorld/Mods/GraphicsSetter/Source/GraphicSetter/GraphicSetter/GraphicSetter.cs:16)
System.Reflection.RuntimeConstructorInfo:InternalInvoke (object,object[],bool)
System.Reflection.RuntimeConstructorInfo:DoInvoke (object,System.Reflection.BindingFlags,System.Reflection.Binder,object[],System.Globalization.CultureInfo)
System.Reflection.RuntimeConstructorInfo:Invoke (System.Reflection.BindingFlags,System.Reflection.Binder,object[],System.Globalization.CultureInfo)
System.RuntimeType:CreateInstanceImpl (System.Reflection.BindingFlags,System.Reflection.Binder,object[],System.Globalization.CultureInfo,object[],System.Threading.StackCrawlMark&)
System.Activator:CreateInstance (System.Type,System.Reflection.BindingFlags,System.Reflection.Binder,object[],System.Globalization.CultureInfo,object[])
System.Activator:CreateInstance (System.Type,object[])
Verse.LoadedModManager:CreateModClasses ()
Verse.LoadedModManager:LoadAllActiveMods (bool)
Verse.PlayDataLoader:DoPlayLoad ()
Verse.PlayDataLoader:LoadAllPlayData (bool)
Verse.Root/<>c:<Start>b__10_1 ()
Verse.LongEventHandler:RunEventFromAnotherThread (System.Action)
Verse.LongEventHandler/<>c:<UpdateCurrentAsynchronousEvent>b__28_0 ()
System.Threading.ThreadHelper:ThreadStart_Context (object)
System.Threading.ExecutionContext:RunInternal (System.Threading.ExecutionContext,System.Threading.ContextCallback,object,bool)
System.Threading.ExecutionContext:Run (System.Threading.ExecutionContext,System.Threading.ContextCallback,object,bool)
System.Threading.ExecutionContext:Run (System.Threading.ExecutionContext,System.Threading.ContextCallback,object)
System.Threading.ThreadHelper:ThreadStart ()

[ImageOpt] Successfully loaded Rust library into process memory. ver: 0.1.13
UnityEngine.StackTraceUtility:ExtractStackTrace ()
Verse.Log:Message (string)
ImageOpt.ImageOpt:LoadRustLibrary (string,string)
ImageOpt.ImageOpt:.ctor (Verse.ModContentPack)
System.Reflection.RuntimeConstructorInfo:InternalInvoke (object,object[],bool)
System.Reflection.RuntimeConstructorInfo:DoInvoke (object,System.Reflection.BindingFlags,System.Reflection.Binder,object[],System.Globalization.CultureInfo)
System.Reflection.RuntimeConstructorInfo:Invoke (System.Reflection.BindingFlags,System.Reflection.Binder,object[],System.Globalization.CultureInfo)
System.RuntimeType:CreateInstanceImpl (System.Reflection.BindingFlags,System.Reflection.Binder,object[],System.Globalization.CultureInfo,object[],System.Threading.StackCrawlMark&)
System.Activator:CreateInstance (System.Type,System.Reflection.BindingFlags,System.Reflection.Binder,object[],System.Globalization.CultureInfo,object[])
System.Activator:CreateInstance (System.Type,object[])
Verse.LoadedModManager:CreateModClasses ()
Verse.LoadedModManager:LoadAllActiveMods (bool)
Verse.PlayDataLoader:DoPlayLoad ()
Verse.PlayDataLoader:LoadAllPlayData (bool)
Verse.Root/<>c:<Start>b__10_1 ()
Verse.LongEventHandler:RunEventFromAnotherThread (System.Action)
Verse.LongEventHandler/<>c:<UpdateCurrentAsynchronousEvent>b__28_0 ()
System.Threading.ThreadHelper:ThreadStart_Context (object)
System.Threading.ExecutionContext:RunInternal (System.Threading.ExecutionContext,System.Threading.ContextCallback,object,bool)
System.Threading.ExecutionContext:Run (System.Threading.ExecutionContext,System.Threading.ContextCallback,object,bool)
System.Threading.ExecutionContext:Run (System.Threading.ExecutionContext,System.Threading.ContextCallback,object)
System.Threading.ThreadHelper:ThreadStart ()

<color=#66ffb5>[MeleeAnim]</color> Hello, world!
Build date: 7/31/2026 6:45 PM
Loaded assemblies (10):
0BetterFloatMenu, Version=16.0.0.0, Culture=neutral, PublicKeyToken=null,
0ColourPicker, Version=1.0.0.0, Culture=neutral, PublicKeyToken=null,
AMRetextureSupport, Version=0.0.0.0, Culture=neutral, PublicKeyToken=null,
Meta.Numerics, Version=3.1.0.0, Culture=neutral, PublicKeyToken=67d25c65a6631347,
ModRequestAPI, Version=1.0.0.0, Culture=neutral, PublicKeyToken=null,
ModRequestAPI.Models, Version=1.0.0.0, Culture=neutral, PublicKeyToken=null,
Unity.Newtonsoft.Json, Version=7.0.0.0, Culture=neutral, PublicKeyToken=null,
zAnimationMod, Version=1.0.0.0, Culture=neutral, PublicKeyToken=null,
AM.FacialAnimationPatch, Version=0.0.0.0, Culture=neutral, PublicKeyToken=null,
AM.VehiclesPatch, Version=0.0.0.0, Culture=neutral, PublicKeyToken=null
UnityEngine.StackTraceUtility:ExtractStackTrace ()
Verse.Log:Message (string)
AM.Core:Log (string)
AM.Core:.ctor (Verse.ModContentPack)
System.Reflection.RuntimeConstructorInfo:InternalInvoke (object,object[],bool)
System.Reflection.RuntimeConstructorInfo:DoInvoke (object,System.Reflection.BindingFlags,System.Reflection.Binder,object[],System.Globalization.CultureInfo)
System.Reflection.RuntimeConstructorInfo:Invoke (System.Reflection.BindingFlags,System.Reflection.Binder,object[],System.Globalization.CultureInfo)
System.RuntimeType:CreateInstanceImpl (System.Reflection.BindingFlags,System.Reflection.Binder,object[],System.Globalization.CultureInfo,object[],System.Threading.StackCrawlMark&)
System.Activator:CreateInstance (System.Type,System.Reflection.BindingFlags,System.Reflection.Binder,object[],System.Globalization.CultureInfo,object[])
System.Activator:CreateInstance (System.Type,object[])
Verse.LoadedModManager:CreateModClasses ()
Verse.LoadedModManager:LoadAllActiveMods (bool)
Verse.PlayDataLoader:DoPlayLoad ()
Verse.PlayDataLoader:LoadAllPlayData (bool)
Verse.Root/<>c:<Start>b__10_1 ()
Verse.LongEventHandler:RunEventFromAnotherThread (System.Action)
Verse.LongEventHandler/<>c:<UpdateCurrentAsynchronousEvent>b__28_0 ()
System.Threading.ThreadHelper:ThreadStart_Context (object)
System.Threading.ExecutionContext:RunInternal (System.Threading.ExecutionContext,System.Threading.ContextCallback,object,bool)
System.Threading.ExecutionContext:Run (System.Threading.ExecutionContext,System.Threading.ContextCallback,object,bool)
System.Threading.ExecutionContext:Run (System.Threading.ExecutionContext,System.Threading.ContextCallback,object)
System.Threading.ThreadHelper:ThreadStart ()

<color=#66ffb5>[MeleeAnim]</color> Scanning 272 mods for animation data...
UnityEngine.StackTraceUtility:ExtractStackTrace ()
Verse.Log:Message (string)
AM.Core:Log (string)
AM.Data.AnimDataSourceManager:ScanForDataFiles ()
AM.Core:.ctor (Verse.ModContentPack)
System.Reflection.RuntimeConstructorInfo:InternalInvoke (object,object[],bool)
System.Reflection.RuntimeConstructorInfo:DoInvoke (object,System.Reflection.BindingFlags,System.Reflection.Binder,object[],System.Globalization.CultureInfo)
System.Reflection.RuntimeConstructorInfo:Invoke (System.Reflection.BindingFlags,System.Reflection.Binder,object[],System.Globalization.CultureInfo)
System.RuntimeType:CreateInstanceImpl (System.Reflection.BindingFlags,System.Reflection.Binder,object[],System.Globalization.CultureInfo,object[],System.Threading.StackCrawlMark&)
System.Activator:CreateInstance (System.Type,System.Reflection.BindingFlags,System.Reflection.Binder,object[],System.Globalization.CultureInfo,object[])
System.Activator:CreateInstance (System.Type,object[])
Verse.LoadedModManager:CreateModClasses ()
Verse.LoadedModManager:LoadAllActiveMods (bool)
Verse.PlayDataLoader:DoPlayLoad ()
Verse.PlayDataLoader:LoadAllPlayData (bool)
Verse.Root/<>c:<Start>b__10_1 ()
Verse.LongEventHandler:RunEventFromAnotherThread (System.Action)
Verse.LongEventHandler/<>c:<UpdateCurrentAsynchronousEvent>b__28_0 ()
System.Threading.ThreadHelper:ThreadStart_Context (object)
System.Threading.ExecutionContext:RunInternal (System.Threading.ExecutionContext,System.Threading.ContextCallback,object,bool)
System.Threading.ExecutionContext:Run (System.Threading.ExecutionContext,System.Threading.ContextCallback,object,bool)
System.Threading.ExecutionContext:Run (System.Threading.ExecutionContext,System.Threading.ContextCallback,object)
System.Threading.ThreadHelper:ThreadStart ()

<color=#66ffb5>[MeleeAnim]</color> Found 1 mod folders with animation data, total 69 loadable files.
UnityEngine.StackTraceUtility:ExtractStackTrace ()
Verse.Log:Message (string)
AM.Core:Log (string)
AM.Data.AnimDataSourceManager:ScanForDataFiles ()
AM.Core:.ctor (Verse.ModContentPack)
System.Reflection.RuntimeConstructorInfo:InternalInvoke (object,object[],bool)
System.Reflection.RuntimeConstructorInfo:DoInvoke (object,System.Reflection.BindingFlags,System.Reflection.Binder,object[],System.Globalization.CultureInfo)
System.Reflection.RuntimeConstructorInfo:Invoke (System.Reflection.BindingFlags,System.Reflection.Binder,object[],System.Globalization.CultureInfo)
System.RuntimeType:CreateInstanceImpl (System.Reflection.BindingFlags,System.Reflection.Binder,object[],System.Globalization.CultureInfo,object[],System.Threading.StackCrawlMark&)
System.Activator:CreateInstance (System.Type,System.Reflection.BindingFlags,System.Reflection.Binder,object[],System.Globalization.CultureInfo,object[])
System.Activator:CreateInstance (System.Type,object[])
Verse.LoadedModManager:CreateModClasses ()
Verse.LoadedModManager:LoadAllActiveMods (bool)
Verse.PlayDataLoader:DoPlayLoad ()
Verse.PlayDataLoader:LoadAllPlayData (bool)
Verse.Root/<>c:<Start>b__10_1 ()
Verse.LongEventHandler:RunEventFromAnotherThread (System.Action)
Verse.LongEventHandler/<>c:<UpdateCurrentAsynchronousEvent>b__28_0 ()
System.Threading.ThreadHelper:ThreadStart_Context (object)
System.Threading.ExecutionContext:RunInternal (System.Threading.ExecutionContext,System.Threading.ContextCallback,object,bool)
System.Threading.ExecutionContext:Run (System.Threading.ExecutionContext,System.Threading.ContextCallback,object,bool)
System.Threading.ExecutionContext:Run (System.Threading.ExecutionContext,System.Threading.ContextCallback,object)
System.Threading.ThreadHelper:ThreadStart ()

<color=#66ffb5>[MeleeAnim]</color> [<color=#63e0ff>Facial Animation Patch</color>] Successfully loaded Facial Animation patch.
UnityEngine.StackTraceUtility:ExtractStackTrace ()
Verse.Log:Message (string)
AM.Core:Log (string)
AM.FacialAnimationPatch.PatchCore:Log (string)
AM.FacialAnimationPatch.PatchCore:.ctor (Verse.ModContentPack)
System.Reflection.RuntimeConstructorInfo:InternalInvoke (object,object[],bool)
System.Reflection.RuntimeConstructorInfo:DoInvoke (object,System.Reflection.BindingFlags,System.Reflection.Binder,object[],System.Globalization.CultureInfo)
System.Reflection.RuntimeConstructorInfo:Invoke (System.Reflection.BindingFlags,System.Reflection.Binder,object[],System.Globalization.CultureInfo)
System.RuntimeType:CreateInstanceImpl (System.Reflection.BindingFlags,System.Reflection.Binder,object[],System.Globalization.CultureInfo,object[],System.Threading.StackCrawlMark&)
System.Activator:CreateInstance (System.Type,System.Reflection.BindingFlags,System.Reflection.Binder,object[],System.Globalization.CultureInfo,object[])
System.Activator:CreateInstance (System.Type,object[])
Verse.LoadedModManager:CreateModClasses ()
Verse.LoadedModManager:LoadAllActiveMods (bool)
Verse.PlayDataLoader:DoPlayLoad ()
Verse.PlayDataLoader:LoadAllPlayData (bool)
Verse.Root/<>c:<Start>b__10_1 ()
Verse.LongEventHandler:RunEventFromAnotherThread (System.Action)
Verse.LongEventHandler/<>c:<UpdateCurrentAsynchronousEvent>b__28_0 ()
System.Threading.ThreadHelper:ThreadStart_Context (object)
System.Threading.ExecutionContext:RunInternal (System.Threading.ExecutionContext,System.Threading.ContextCallback,object,bool)
System.Threading.ExecutionContext:Run (System.Threading.ExecutionContext,System.Threading.ContextCallback,object,bool)
System.Threading.ExecutionContext:Run (System.Threading.ExecutionContext,System.Threading.ContextCallback,object)
System.Threading.ThreadHelper:ThreadStart ()

<color=#66ffb5>[MeleeAnim]</color> <color=#ffa8fc>[Vehicle Framework Patch]</color> Loaded vehicle framework patch!
UnityEngine.StackTraceUtility:ExtractStackTrace ()
Verse.Log:Message (string)
AM.Core:Log (string)
AM.VehiclesPatch.PatchCore:Log (string)
AM.VehiclesPatch.PatchCore:.ctor (Verse.ModContentPack)
System.Reflection.RuntimeConstructorInfo:InternalInvoke (object,object[],bool)
System.Reflection.RuntimeConstructorInfo:DoInvoke (object,System.Reflection.BindingFlags,System.Reflection.Binder,object[],System.Globalization.CultureInfo)
System.Reflection.RuntimeConstructorInfo:Invoke (System.Reflection.BindingFlags,System.Reflection.Binder,object[],System.Globalization.CultureInfo)
System.RuntimeType:CreateInstanceImpl (System.Reflection.BindingFlags,System.Reflection.Binder,object[],System.Globalization.CultureInfo,object[],System.Threading.StackCrawlMark&)
System.Activator:CreateInstance (System.Type,System.Reflection.BindingFlags,System.Reflection.Binder,object[],System.Globalization.CultureInfo,object[])
System.Activator:CreateInstance (System.Type,object[])
Verse.LoadedModManager:CreateModClasses ()
Verse.LoadedModManager:LoadAllActiveMods (bool)
Verse.PlayDataLoader:DoPlayLoad ()
Verse.PlayDataLoader:LoadAllPlayData (bool)
Verse.Root/<>c:<Start>b__10_1 ()
Verse.LongEventHandler:RunEventFromAnotherThread (System.Action)
Verse.LongEventHandler/<>c:<UpdateCurrentAsynchronousEvent>b__28_0 ()
System.Threading.ThreadHelper:ThreadStart_Context (object)
System.Threading.ExecutionContext:RunInternal (System.Threading.ExecutionContext,System.Threading.ContextCallback,object,bool)
System.Threading.ExecutionContext:Run (System.Threading.ExecutionContext,System.Threading.ContextCallback,object,bool)
System.Threading.ExecutionContext:Run (System.Threading.ExecutionContext,System.Threading.ContextCallback,object)
System.Threading.ThreadHelper:ThreadStart ()

TKS_Ragdoll: Patching finished
UnityEngine.StackTraceUtility:ExtractStackTrace ()
Verse.Log:Message (string)
TKS_Ragdoll.TKS_Ragdoll:.ctor (Verse.ModContentPack)
System.Reflection.RuntimeConstructorInfo:InternalInvoke (object,object[],bool)
System.Reflection.RuntimeConstructorInfo:DoInvoke (object,System.Reflection.BindingFlags,System.Reflection.Binder,object[],System.Globalization.CultureInfo)
System.Reflection.RuntimeConstructorInfo:Invoke (System.Reflection.BindingFlags,System.Reflection.Binder,object[],System.Globalization.CultureInfo)
System.RuntimeType:CreateInstanceImpl (System.Reflection.BindingFlags,System.Reflection.Binder,object[],System.Globalization.CultureInfo,object[],System.Threading.StackCrawlMark&)
System.Activator:CreateInstance (System.Type,System.Reflection.BindingFlags,System.Reflection.Binder,object[],System.Globalization.CultureInfo,object[])
System.Activator:CreateInstance (System.Type,object[])
Verse.LoadedModManager:CreateModClasses ()
Verse.LoadedModManager:LoadAllActiveMods (bool)
Verse.PlayDataLoader:DoPlayLoad ()
Verse.PlayDataLoader:LoadAllPlayData (bool)
Verse.Root/<>c:<Start>b__10_1 ()
Verse.LongEventHandler:RunEventFromAnotherThread (System.Action)
Verse.LongEventHandler/<>c:<UpdateCurrentAsynchronousEvent>b__28_0 ()
System.Threading.ThreadHelper:ThreadStart_Context (object)
System.Threading.ExecutionContext:RunInternal (System.Threading.ExecutionContext,System.Threading.ContextCallback,object,bool)
System.Threading.ExecutionContext:Run (System.Threading.ExecutionContext,System.Threading.ContextCallback,object,bool)
System.Threading.ExecutionContext:Run (System.Threading.ExecutionContext,System.Threading.ContextCallback,object)
System.Threading.ThreadHelper:ThreadStart ()

RimSaves NX rev27
UnityEngine.StackTraceUtility:ExtractStackTrace ()
Verse.Log:Message (string)
aRandomKiwi.ARS.RimSaves:.ctor (Verse.ModContentPack)
System.Reflection.RuntimeConstructorInfo:InternalInvoke (object,object[],bool)
System.Reflection.RuntimeConstructorInfo:DoInvoke (object,System.Reflection.BindingFlags,System.Reflection.Binder,object[],System.Globalization.CultureInfo)
System.Reflection.RuntimeConstructorInfo:Invoke (System.Reflection.BindingFlags,System.Reflection.Binder,object[],System.Globalization.CultureInfo)
System.RuntimeType:CreateInstanceImpl (System.Reflection.BindingFlags,System.Reflection.Binder,object[],System.Globalization.CultureInfo,object[],System.Threading.StackCrawlMark&)
System.Activator:CreateInstance (System.Type,System.Reflection.BindingFlags,System.Reflection.Binder,object[],System.Globalization.CultureInfo,object[])
System.Activator:CreateInstance (System.Type,object[])
Verse.LoadedModManager:CreateModClasses ()
Verse.LoadedModManager:LoadAllActiveMods (bool)
Verse.PlayDataLoader:DoPlayLoad ()
Verse.PlayDataLoader:LoadAllPlayData (bool)
Verse.Root/<>c:<Start>b__10_1 ()
Verse.LongEventHandler:RunEventFromAnotherThread (System.Action)
Verse.LongEventHandler/<>c:<UpdateCurrentAsynchronousEvent>b__28_0 ()
System.Threading.ThreadHelper:ThreadStart_Context (object)
System.Threading.ExecutionContext:RunInternal (System.Threading.ExecutionContext,System.Threading.ContextCallback,object,bool)
System.Threading.ExecutionContext:Run (System.Threading.ExecutionContext,System.Threading.ContextCallback,object,bool)
System.Threading.ExecutionContext:Run (System.Threading.ExecutionContext,System.Threading.ContextCallback,object)
System.Threading.ThreadHelper:ThreadStart ()

[RimHUD v1.17.5] Initialized
UnityEngine.StackTraceUtility:ExtractStackTrace ()
Verse.Log:Message (string)
RimHUD.Engine.Report:Log (string)
RimHUD.Mod:.ctor (Verse.ModContentPack)
System.Reflection.RuntimeConstructorInfo:InternalInvoke (object,object[],bool)
System.Reflection.RuntimeConstructorInfo:DoInvoke (object,System.Reflection.BindingFlags,System.Reflection.Binder,object[],System.Globalization.CultureInfo)
System.Reflection.RuntimeConstructorInfo:Invoke (System.Reflection.BindingFlags,System.Reflection.Binder,object[],System.Globalization.CultureInfo)
System.RuntimeType:CreateInstanceImpl (System.Reflection.BindingFlags,System.Reflection.Binder,object[],System.Globalization.CultureInfo,object[],System.Threading.StackCrawlMark&)
System.Activator:CreateInstance (System.Type,System.Reflection.BindingFlags,System.Reflection.Binder,object[],System.Globalization.CultureInfo,object[])
System.Activator:CreateInstance (System.Type,object[])
Verse.LoadedModManager:CreateModClasses ()
Verse.LoadedModManager:LoadAllActiveMods (bool)
Verse.PlayDataLoader:DoPlayLoad ()
Verse.PlayDataLoader:LoadAllPlayData (bool)
Verse.Root/<>c:<Start>b__10_1 ()
Verse.LongEventHandler:RunEventFromAnotherThread (System.Action)
Verse.LongEventHandler/<>c:<UpdateCurrentAsynchronousEvent>b__28_0 ()
System.Threading.ThreadHelper:ThreadStart_Context (object)
System.Threading.ExecutionContext:RunInternal (System.Threading.ExecutionContext,System.Threading.ContextCallback,object,bool)
System.Threading.ExecutionContext:Run (System.Threading.ExecutionContext,System.Threading.ContextCallback,object,bool)
System.Threading.ExecutionContext:Run (System.Threading.ExecutionContext,System.Threading.ContextCallback,object)
System.Threading.ThreadHelper:ThreadStart ()

Loaded What's That Mod.
UnityEngine.StackTraceUtility:ExtractStackTrace ()
Verse.Log:Message (string)
WhatsThatMod.ModCore:.ctor (Verse.ModContentPack)
System.Reflection.RuntimeConstructorInfo:InternalInvoke (object,object[],bool)
System.Reflection.RuntimeConstructorInfo:DoInvoke (object,System.Reflection.BindingFlags,System.Reflection.Binder,object[],System.Globalization.CultureInfo)
System.Reflection.RuntimeConstructorInfo:Invoke (System.Reflection.BindingFlags,System.Reflection.Binder,object[],System.Globalization.CultureInfo)
System.RuntimeType:CreateInstanceImpl (System.Reflection.BindingFlags,System.Reflection.Binder,object[],System.Globalization.CultureInfo,object[],System.Threading.StackCrawlMark&)
System.Activator:CreateInstance (System.Type,System.Reflection.BindingFlags,System.Reflection.Binder,object[],System.Globalization.CultureInfo,object[])
System.Activator:CreateInstance (System.Type,object[])
Verse.LoadedModManager:CreateModClasses ()
Verse.LoadedModManager:LoadAllActiveMods (bool)
Verse.PlayDataLoader:DoPlayLoad ()
Verse.PlayDataLoader:LoadAllPlayData (bool)
Verse.Root/<>c:<Start>b__10_1 ()
Verse.LongEventHandler:RunEventFromAnotherThread (System.Action)
Verse.LongEventHandler/<>c:<UpdateCurrentAsynchronousEvent>b__28_0 ()
System.Threading.ThreadHelper:ThreadStart_Context (object)
System.Threading.ExecutionContext:RunInternal (System.Threading.ExecutionContext,System.Threading.ContextCallback,object,bool)
System.Threading.ExecutionContext:Run (System.Threading.ExecutionContext,System.Threading.ContextCallback,object,bool)
System.Threading.ExecutionContext:Run (System.Threading.ExecutionContext,System.Threading.ContextCallback,object)
System.Threading.ThreadHelper:ThreadStart ()

[Yayo's Animation] - Giddy-up! detected
UnityEngine.StackTraceUtility:ExtractStackTrace ()
Verse.Log:Message (string)
YayoAnimation.Core:.cctor ()
System.Reflection.RuntimeConstructorInfo:InternalInvoke (object,object[],bool)
System.Reflection.RuntimeConstructorInfo:DoInvoke (object,System.Reflection.BindingFlags,System.Reflection.Binder,object[],System.Globalization.CultureInfo)
System.Reflection.RuntimeConstructorInfo:Invoke (System.Reflection.BindingFlags,System.Reflection.Binder,object[],System.Globalization.CultureInfo)
System.RuntimeType:CreateInstanceImpl (System.Reflection.BindingFlags,System.Reflection.Binder,object[],System.Globalization.CultureInfo,object[],System.Threading.StackCrawlMark&)
System.Activator:CreateInstance (System.Type,System.Reflection.BindingFlags,System.Reflection.Binder,object[],System.Globalization.CultureInfo,object[])
System.Activator:CreateInstance (System.Type,object[])
Verse.LoadedModManager:CreateModClasses ()
Verse.LoadedModManager:LoadAllActiveMods (bool)
Verse.PlayDataLoader:DoPlayLoad ()
Verse.PlayDataLoader:LoadAllPlayData (bool)
Verse.Root/<>c:<Start>b__10_1 ()
Verse.LongEventHandler:RunEventFromAnotherThread (System.Action)
Verse.LongEventHandler/<>c:<UpdateCurrentAsynchronousEvent>b__28_0 ()
System.Threading.ThreadHelper:ThreadStart_Context (object)
System.Threading.ExecutionContext:RunInternal (System.Threading.ExecutionContext,System.Threading.ContextCallback,object,bool)
System.Threading.ExecutionContext:Run (System.Threading.ExecutionContext,System.Threading.ContextCallback,object,bool)
System.Threading.ExecutionContext:Run (System.Threading.ExecutionContext,System.Threading.ContextCallback,object)
System.Threading.ThreadHelper:ThreadStart ()

[YART] Patched!
UnityEngine.StackTraceUtility:ExtractStackTrace ()
Verse.Log:Message (string)
YART.YARTMod:.ctor (Verse.ModContentPack)
System.Reflection.RuntimeConstructorInfo:InternalInvoke (object,object[],bool)
System.Reflection.RuntimeConstructorInfo:DoInvoke (object,System.Reflection.BindingFlags,System.Reflection.Binder,object[],System.Globalization.CultureInfo)
System.Reflection.RuntimeConstructorInfo:Invoke (System.Reflection.BindingFlags,System.Reflection.Binder,object[],System.Globalization.CultureInfo)
System.RuntimeType:CreateInstanceImpl (System.Reflection.BindingFlags,System.Reflection.Binder,object[],System.Globalization.CultureInfo,object[],System.Threading.StackCrawlMark&)
System.Activator:CreateInstance (System.Type,System.Reflection.BindingFlags,System.Reflection.Binder,object[],System.Globalization.CultureInfo,object[])
System.Activator:CreateInstance (System.Type,object[])
Verse.LoadedModManager:CreateModClasses ()
Verse.LoadedModManager:LoadAllActiveMods (bool)
Verse.PlayDataLoader:DoPlayLoad ()
Verse.PlayDataLoader:LoadAllPlayData (bool)
Verse.Root/<>c:<Start>b__10_1 ()
Verse.LongEventHandler:RunEventFromAnotherThread (System.Action)
Verse.LongEventHandler/<>c:<UpdateCurrentAsynchronousEvent>b__28_0 ()
System.Threading.ThreadHelper:ThreadStart_Context (object)
System.Threading.ExecutionContext:RunInternal (System.Threading.ExecutionContext,System.Threading.ContextCallback,object,bool)
System.Threading.ExecutionContext:Run (System.Threading.ExecutionContext,System.Threading.ContextCallback,object,bool)
System.Threading.ExecutionContext:Run (System.Threading.ExecutionContext,System.Threading.ContextCallback,object)
System.Threading.ThreadHelper:ThreadStart ()

XML error: Could not find parent node named "Filth_Blood" for node "ThingDef". Full node: <ThingDef Class="RRYautja.Filth_AddAcidDamageDef" ParentName="Filth_Blood"><defName>RRY_FilthBloodXenomorph_Active</defName><label>acidic blood</label><tickerType>Normal</tickerType><thingClass>RRYautja.Filth_AddAcidDamage</thingClass></ThingDef>
UnityEngine.StackTraceUtility:ExtractStackTrace ()
(wrapper dynamic-method) MonoMod.Utils.DynamicMethodDefinition:Verse.Log.Error_Patch1 (string)
Verse.XmlInheritance:GetBestParentFor (Verse.XmlInheritance/XmlInheritanceNode,string)
Verse.XmlInheritance:ResolveParentsAndChildNodesLinks ()
Verse.XmlInheritance:Resolve ()
(wrapper dynamic-method) MonoMod.Utils.DynamicMethodDefinition:Verse.LoadedModManager.ParseAndProcessXML_Patch1 (System.Xml.XmlDocument,System.Collections.Generic.Dictionary`2<System.Xml.XmlNode, Verse.LoadableXmlAsset>,bool)
Verse.LoadedModManager:LoadAllActiveMods (bool)
Verse.PlayDataLoader:DoPlayLoad ()
Verse.PlayDataLoader:LoadAllPlayData (bool)
Verse.Root/<>c:<Start>b__10_1 ()
Verse.LongEventHandler:RunEventFromAnotherThread (System.Action)
Verse.LongEventHandler/<>c:<UpdateCurrentAsynchronousEvent>b__28_0 ()
System.Threading.ThreadHelper:ThreadStart_Context (object)
System.Threading.ExecutionContext:RunInternal (System.Threading.ExecutionContext,System.Threading.ContextCallback,object,bool)
System.Threading.ExecutionContext:Run (System.Threading.ExecutionContext,System.Threading.ContextCallback,object,bool)
System.Threading.ExecutionContext:Run (System.Threading.ExecutionContext,System.Threading.ContextCallback,object)
System.Threading.ThreadHelper:ThreadStart ()

XML error: Could not find parent node named "Filth_Blood" for node "ThingDef". Full node: <ThingDef ParentName="Filth_Blood"><defName>RRY_FilthBloodXenomorph</defName><label>blood</label></ThingDef>
UnityEngine.StackTraceUtility:ExtractStackTrace ()
(wrapper dynamic-method) MonoMod.Utils.DynamicMethodDefinition:Verse.Log.Error_Patch1 (string)
Verse.XmlInheritance:GetBestParentFor (Verse.XmlInheritance/XmlInheritanceNode,string)
Verse.XmlInheritance:ResolveParentsAndChildNodesLinks ()
Verse.XmlInheritance:Resolve ()
(wrapper dynamic-method) MonoMod.Utils.DynamicMethodDefinition:Verse.LoadedModManager.ParseAndProcessXML_Patch1 (System.Xml.XmlDocument,System.Collections.Generic.Dictionary`2<System.Xml.XmlNode, Verse.LoadableXmlAsset>,bool)
Verse.LoadedModManager:LoadAllActiveMods (bool)
Verse.PlayDataLoader:DoPlayLoad ()
Verse.PlayDataLoader:LoadAllPlayData (bool)
Verse.Root/<>c:<Start>b__10_1 ()
Verse.LongEventHandler:RunEventFromAnotherThread (System.Action)
Verse.LongEventHandler/<>c:<UpdateCurrentAsynchronousEvent>b__28_0 ()
System.Threading.ThreadHelper:ThreadStart_Context (object)
System.Threading.ExecutionContext:RunInternal (System.Threading.ExecutionContext,System.Threading.ContextCallback,object,bool)
System.Threading.ExecutionContext:Run (System.Threading.ExecutionContext,System.Threading.ContextCallback,object,bool)
System.Threading.ExecutionContext:Run (System.Threading.ExecutionContext,System.Threading.ContextCallback,object)
System.Threading.ThreadHelper:ThreadStart ()

XML error: Could not find parent node named "Filth_Blood" for node "ThingDef". Full node: <ThingDef ParentName="Filth_Blood"><defName>RRY_FilthBloodNeomorph</defName><label>blood</label></ThingDef>
UnityEngine.StackTraceUtility:ExtractStackTrace ()
(wrapper dynamic-method) MonoMod.Utils.DynamicMethodDefinition:Verse.Log.Error_Patch1 (string)
Verse.XmlInheritance:GetBestParentFor (Verse.XmlInheritance/XmlInheritanceNode,string)
Verse.XmlInheritance:ResolveParentsAndChildNodesLinks ()
Verse.XmlInheritance:Resolve ()
(wrapper dynamic-method) MonoMod.Utils.DynamicMethodDefinition:Verse.LoadedModManager.ParseAndProcessXML_Patch1 (System.Xml.XmlDocument,System.Collections.Generic.Dictionary`2<System.Xml.XmlNode, Verse.LoadableXmlAsset>,bool)
Verse.LoadedModManager:LoadAllActiveMods (bool)
Verse.PlayDataLoader:DoPlayLoad ()
Verse.PlayDataLoader:LoadAllPlayData (bool)
Verse.Root/<>c:<Start>b__10_1 ()
Verse.LongEventHandler:RunEventFromAnotherThread (System.Action)
Verse.LongEventHandler/<>c:<UpdateCurrentAsynchronousEvent>b__28_0 ()
System.Threading.ThreadHelper:ThreadStart_Context (object)
System.Threading.ExecutionContext:RunInternal (System.Threading.ExecutionContext,System.Threading.ContextCallback,object,bool)
System.Threading.ExecutionContext:Run (System.Threading.ExecutionContext,System.Threading.ContextCallback,object,bool)
System.Threading.ExecutionContext:Run (System.Threading.ExecutionContext,System.Threading.ContextCallback,object)
System.Threading.ThreadHelper:ThreadStart ()

[Big & Small] Patched 49 PawnRenderNodeProperties to use PawnRenderingProps_Lite for recolorable graphics.
Remember that you can always disable this again in the mod options.
UnityEngine.StackTraceUtility:ExtractStackTrace ()
Verse.Log:Message (string)
BigAndSmall.RenderNodePatcher:TryPatchPawnRenderNodeDefs () (at C:/Games/Steam/steamapps/common/RimWorld/Mods/1 BigSmall_Framework/1.6/Base/Source/BigSmallFramework/Rendering & Graphics/RenderNodePatcher.cs:221)
BigAndSmall.BSCore:RunAfterGenerateImpliedDefs (bool) (at C:/Games/Steam/steamapps/common/RimWorld/Mods/1 BigSmall_Framework/1.6/Base/Source/BigSmallFramework/Main.cs:134)
BigAndSmall.ReloadPatches:GenerateImpliedDefs_Postfix (bool)
(wrapper dynamic-method) MonoMod.Utils.DynamicMethodDefinition:RimWorld.DefGenerator.GenerateImpliedDefs_PreResolve_Patch6 (bool)
Verse.PlayDataLoader:DoPlayLoad ()
Verse.PlayDataLoader:LoadAllPlayData (bool)
Verse.Root/<>c:<Start>b__10_1 ()
Verse.LongEventHandler:RunEventFromAnotherThread (System.Action)
Verse.LongEventHandler/<>c:<UpdateCurrentAsynchronousEvent>b__28_0 ()
System.Threading.ThreadHelper:ThreadStart_Context (object)
System.Threading.ExecutionContext:RunInternal (System.Threading.ExecutionContext,System.Threading.ContextCallback,object,bool)
System.Threading.ExecutionContext:Run (System.Threading.ExecutionContext,System.Threading.ContextCallback,object,bool)
System.Threading.ExecutionContext:Run (System.Threading.ExecutionContext,System.Threading.ContextCallback,object)
System.Threading.ThreadHelper:ThreadStart ()

[ImageOpt] load image "D:\\SteamLibrary\\steamapps\\workshop\\content\\294100\\1701592470\\Textures\\LevelUp\\DownwardDoubleChevron.png": Format error decoding Png: Transparency chunk found for color type Rgba.

Caused by:
    Transparency chunk found for color type Rgba.
UnityEngine.StackTraceUtility:ExtractStackTrace ()
Verse.Log:Warning (string)
ImageOpt.ImageOpt/<>c:<FlushLogger>b__5_1 (byte*)
ImageOpt.ImageOpt:FlushLogger ()
ImageOpt.ParallelTextureLoadPatch:PrefixV2 (Verse.ModContentHolder`1<UnityEngine.Texture2D>&,Verse.ModContentPack)
ImageOpt.ParallelTextureLoadPatch:Prefix (Verse.ModContentHolder`1<UnityEngine.Texture2D>&,Verse.ModContentPack)
(wrapper dynamic-method) MonoMod.Utils.DynamicMethodDefinition:Verse.ModContentPack.AnyContentLoaded_Patch1 (Verse.ModContentPack)
Verse.LoadedModManager/<>c:<LoadModContent>b__13_1 ()
ilyvion.LoadingProgress.LongEventHandler_ExecuteToExecuteWhenFinished_Patches/<ExecuteToExecuteWhenFinished>d__3:MoveNext () (at /home/runner/work/loading-progress/loading-progress/Source/ilyvion.LoadingProgress/LongEventHandler_ExecuteToExecuteWhenFinished_Patches.cs:330)
(wrapper dynamic-method) MonoMod.Utils.DynamicMethodDefinition:Verse.LongEventHandler.UpdateCurrentEnumeratorEvent_Patch1 ()
(wrapper dynamic-method) MonoMod.Utils.DynamicMethodDefinition:Verse.LongEventHandler.LongEventsUpdate_Patch1 (bool&)
(wrapper dynamic-method) MonoMod.Utils.DynamicMethodDefinition:Verse.Root.Update_Patch1 (Verse.Root)
Verse.Root_Entry:Update ()

[ImageOpt] failed to load image LevelUp/DownwardDoubleChevron. using vanilla texture load
UnityEngine.StackTraceUtility:ExtractStackTrace ()
Verse.Log:Warning (string)
ImageOpt.ParallelTextureLoadPatch:PrefixV2 (Verse.ModContentHolder`1<UnityEngine.Texture2D>&,Verse.ModContentPack)
ImageOpt.ParallelTextureLoadPatch:Prefix (Verse.ModContentHolder`1<UnityEngine.Texture2D>&,Verse.ModContentPack)
(wrapper dynamic-method) MonoMod.Utils.DynamicMethodDefinition:Verse.ModContentPack.AnyContentLoaded_Patch1 (Verse.ModContentPack)
Verse.LoadedModManager/<>c:<LoadModContent>b__13_1 ()
ilyvion.LoadingProgress.LongEventHandler_ExecuteToExecuteWhenFinished_Patches/<ExecuteToExecuteWhenFinished>d__3:MoveNext () (at /home/runner/work/loading-progress/loading-progress/Source/ilyvion.LoadingProgress/LongEventHandler_ExecuteToExecuteWhenFinished_Patches.cs:330)
(wrapper dynamic-method) MonoMod.Utils.DynamicMethodDefinition:Verse.LongEventHandler.UpdateCurrentEnumeratorEvent_Patch1 ()
(wrapper dynamic-method) MonoMod.Utils.DynamicMethodDefinition:Verse.LongEventHandler.LongEventsUpdate_Patch1 (bool&)
(wrapper dynamic-method) MonoMod.Utils.DynamicMethodDefinition:Verse.Root.Update_Patch1 (Verse.Root)
Verse.Root_Entry:Update ()

[ImageOpt] Image with id -25342 not found
UnityEngine.StackTraceUtility:ExtractStackTrace ()
Verse.Log:Warning (string)
ImageOpt.ImageOpt/<>c:<FlushLogger>b__5_1 (byte*)
ImageOpt.ImageOpt:FlushLogger ()
ImageOpt.ParallelTextureLoadPatch:PrefixV2 (Verse.ModContentHolder`1<UnityEngine.Texture2D>&,Verse.ModContentPack)
ImageOpt.ParallelTextureLoadPatch:Prefix (Verse.ModContentHolder`1<UnityEngine.Texture2D>&,Verse.ModContentPack)
(wrapper dynamic-method) MonoMod.Utils.DynamicMethodDefinition:Verse.ModContentPack.AnyContentLoaded_Patch1 (Verse.ModContentPack)
Verse.LoadedModManager/<>c:<LoadModContent>b__13_1 ()
ilyvion.LoadingProgress.LongEventHandler_ExecuteToExecuteWhenFinished_Patches/<ExecuteToExecuteWhenFinished>d__3:MoveNext () (at /home/runner/work/loading-progress/loading-progress/Source/ilyvion.LoadingProgress/LongEventHandler_ExecuteToExecuteWhenFinished_Patches.cs:330)
(wrapper dynamic-method) MonoMod.Utils.DynamicMethodDefinition:Verse.LongEventHandler.UpdateCurrentEnumeratorEvent_Patch1 ()
(wrapper dynamic-method) MonoMod.Utils.DynamicMethodDefinition:Verse.LongEventHandler.LongEventsUpdate_Patch1 (bool&)
(wrapper dynamic-method) MonoMod.Utils.DynamicMethodDefinition:Verse.Root.Update_Patch1 (Verse.Root)
Verse.Root_Entry:Update ()

startIndex: 63
UnityEngine.StackTraceUtility:ExtractStackTrace ()
Verse.Log:Message (string)
VSE.RimHUDPatches:Constructor_Transpiler (System.Collections.Generic.IEnumerable`1<HarmonyLib.CodeInstruction>)
System.Reflection.RuntimeMethodInfo:Invoke (object,System.Reflection.BindingFlags,System.Reflection.Binder,object[],System.Globalization.CultureInfo)
System.Reflection.MethodBase:Invoke (object,object[])
HarmonyLib.CodeTranspiler/<>c__DisplayClass11_0:<GetResult>b__0 (System.Reflection.MethodInfo)
System.Collections.Generic.List`1<System.Reflection.MethodInfo>:ForEach (System.Action`1<System.Reflection.MethodInfo>)
HarmonyLib.CodeTranspiler:GetResult (System.Reflection.Emit.ILGenerator,System.Reflection.MethodBase)
HarmonyLib.MethodBodyReader:FinalizeILCodes (System.Collections.Generic.List`1<System.Reflection.MethodInfo>,bool,bool&,bool&,System.Collections.Generic.List`1<System.Reflection.Emit.Label>)
HarmonyLib.MethodCopier:Finalize (bool,bool&,bool&,System.Collections.Generic.List`1<System.Reflection.Emit.Label>)
HarmonyLib.MethodCreator:CreateReplacement ()
HarmonyLib.PatchFunctions:UpdateWrapper (System.Reflection.MethodBase,HarmonyLib.PatchInfo)
HarmonyLib.PatchProcessor:Patch ()
HarmonyLib.Harmony:Patch (System.Reflection.MethodBase,HarmonyLib.HarmonyMethod,HarmonyLib.HarmonyMethod,HarmonyLib.HarmonyMethod,HarmonyLib.HarmonyMethod)
VSE.RimHUDPatches:Do (HarmonyLib.Harmony)
VSE.ModCompat/<>c:<Init>b__16_0 ()
ilyvion.LoadingProgress.LongEventHandler_ExecuteToExecuteWhenFinished_Patches/<ExecuteToExecuteWhenFinished>d__3:MoveNext () (at /home/runner/work/loading-progress/loading-progress/Source/ilyvion.LoadingProgress/LongEventHandler_ExecuteToExecuteWhenFinished_Patches.cs:330)
(wrapper dynamic-method) MonoMod.Utils.DynamicMethodDefinition:Verse.LongEventHandler.UpdateCurrentEnumeratorEvent_Patch1 ()
(wrapper dynamic-method) MonoMod.Utils.DynamicMethodDefinition:Verse.LongEventHandler.LongEventsUpdate_Patch1 (bool&)
(wrapper dynamic-method) MonoMod.Utils.DynamicMethodDefinition:Verse.Root.Update_Patch1 (Verse.Root)
Verse.Root_Entry:Update ()

endIndex: 75
UnityEngine.StackTraceUtility:ExtractStackTrace ()
Verse.Log:Message (string)
VSE.RimHUDPatches:Constructor_Transpiler (System.Collections.Generic.IEnumerable`1<HarmonyLib.CodeInstruction>)
System.Reflection.RuntimeMethodInfo:Invoke (object,System.Reflection.BindingFlags,System.Reflection.Binder,object[],System.Globalization.CultureInfo)
System.Reflection.MethodBase:Invoke (object,object[])
HarmonyLib.CodeTranspiler/<>c__DisplayClass11_0:<GetResult>b__0 (System.Reflection.MethodInfo)
System.Collections.Generic.List`1<System.Reflection.MethodInfo>:ForEach (System.Action`1<System.Reflection.MethodInfo>)
HarmonyLib.CodeTranspiler:GetResult (System.Reflection.Emit.ILGenerator,System.Reflection.MethodBase)
HarmonyLib.MethodBodyReader:FinalizeILCodes (System.Collections.Generic.List`1<System.Reflection.MethodInfo>,bool,bool&,bool&,System.Collections.Generic.List`1<System.Reflection.Emit.Label>)
HarmonyLib.MethodCopier:Finalize (bool,bool&,bool&,System.Collections.Generic.List`1<System.Reflection.Emit.Label>)
HarmonyLib.MethodCreator:CreateReplacement ()
HarmonyLib.PatchFunctions:UpdateWrapper (System.Reflection.MethodBase,HarmonyLib.PatchInfo)
HarmonyLib.PatchProcessor:Patch ()
HarmonyLib.Harmony:Patch (System.Reflection.MethodBase,HarmonyLib.HarmonyMethod,HarmonyLib.HarmonyMethod,HarmonyLib.HarmonyMethod,HarmonyLib.HarmonyMethod)
VSE.RimHUDPatches:Do (HarmonyLib.Harmony)
VSE.ModCompat/<>c:<Init>b__16_0 ()
ilyvion.LoadingProgress.LongEventHandler_ExecuteToExecuteWhenFinished_Patches/<ExecuteToExecuteWhenFinished>d__3:MoveNext () (at /home/runner/work/loading-progress/loading-progress/Source/ilyvion.LoadingProgress/LongEventHandler_ExecuteToExecuteWhenFinished_Patches.cs:330)
(wrapper dynamic-method) MonoMod.Utils.DynamicMethodDefinition:Verse.LongEventHandler.UpdateCurrentEnumeratorEvent_Patch1 ()
(wrapper dynamic-method) MonoMod.Utils.DynamicMethodDefinition:Verse.LongEventHandler.LongEventsUpdate_Patch1 (bool&)
(wrapper dynamic-method) MonoMod.Utils.DynamicMethodDefinition:Verse.Root.Update_Patch1 (Verse.Root)
Verse.Root_Entry:Update ()

Start: newobj System.Void System.Text.StringBuilder::.ctor()
End:callvirt virtual System.String System.Object::ToString() [Label14]
UnityEngine.StackTraceUtility:ExtractStackTrace ()
Verse.Log:Message (string)
VSE.RimHUDPatches:Constructor_Transpiler (System.Collections.Generic.IEnumerable`1<HarmonyLib.CodeInstruction>)
System.Reflection.RuntimeMethodInfo:Invoke (object,System.Reflection.BindingFlags,System.Reflection.Binder,object[],System.Globalization.CultureInfo)
System.Reflection.MethodBase:Invoke (object,object[])
HarmonyLib.CodeTranspiler/<>c__DisplayClass11_0:<GetResult>b__0 (System.Reflection.MethodInfo)
System.Collections.Generic.List`1<System.Reflection.MethodInfo>:ForEach (System.Action`1<System.Reflection.MethodInfo>)
HarmonyLib.CodeTranspiler:GetResult (System.Reflection.Emit.ILGenerator,System.Reflection.MethodBase)
HarmonyLib.MethodBodyReader:FinalizeILCodes (System.Collections.Generic.List`1<System.Reflection.MethodInfo>,bool,bool&,bool&,System.Collections.Generic.List`1<System.Reflection.Emit.Label>)
HarmonyLib.MethodCopier:Finalize (bool,bool&,bool&,System.Collections.Generic.List`1<System.Reflection.Emit.Label>)
HarmonyLib.MethodCreator:CreateReplacement ()
HarmonyLib.PatchFunctions:UpdateWrapper (System.Reflection.MethodBase,HarmonyLib.PatchInfo)
HarmonyLib.PatchProcessor:Patch ()
HarmonyLib.Harmony:Patch (System.Reflection.MethodBase,HarmonyLib.HarmonyMethod,HarmonyLib.HarmonyMethod,HarmonyLib.HarmonyMethod,HarmonyLib.HarmonyMethod)
VSE.RimHUDPatches:Do (HarmonyLib.Harmony)
VSE.ModCompat/<>c:<Init>b__16_0 ()
ilyvion.LoadingProgress.LongEventHandler_ExecuteToExecuteWhenFinished_Patches/<ExecuteToExecuteWhenFinished>d__3:MoveNext () (at /home/runner/work/loading-progress/loading-progress/Source/ilyvion.LoadingProgress/LongEventHandler_ExecuteToExecuteWhenFinished_Patches.cs:330)
(wrapper dynamic-method) MonoMod.Utils.DynamicMethodDefinition:Verse.LongEventHandler.UpdateCurrentEnumeratorEvent_Patch1 ()
(wrapper dynamic-method) MonoMod.Utils.DynamicMethodDefinition:Verse.LongEventHandler.LongEventsUpdate_Patch1 (bool&)
(wrapper dynamic-method) MonoMod.Utils.DynamicMethodDefinition:Verse.Root.Update_Patch1 (Verse.Root)
Verse.Root_Entry:Update ()

Start: call static System.String System.String::Concat(System.String str0, System.String str1) [Label15]
End:ldloc.0 NULL
UnityEngine.StackTraceUtility:ExtractStackTrace ()
Verse.Log:Message (string)
VSE.RimHUDPatches:Constructor_Transpiler (System.Collections.Generic.IEnumerable`1<HarmonyLib.CodeInstruction>)
System.Reflection.RuntimeMethodInfo:Invoke (object,System.Reflection.BindingFlags,System.Reflection.Binder,object[],System.Globalization.CultureInfo)
System.Reflection.MethodBase:Invoke (object,object[])
HarmonyLib.CodeTranspiler/<>c__DisplayClass11_0:<GetResult>b__0 (System.Reflection.MethodInfo)
System.Collections.Generic.List`1<System.Reflection.MethodInfo>:ForEach (System.Action`1<System.Reflection.MethodInfo>)
HarmonyLib.CodeTranspiler:GetResult (System.Reflection.Emit.ILGenerator,System.Reflection.MethodBase)
HarmonyLib.MethodBodyReader:FinalizeILCodes (System.Collections.Generic.List`1<System.Reflection.MethodInfo>,bool,bool&,bool&,System.Collections.Generic.List`1<System.Reflection.Emit.Label>)
HarmonyLib.MethodCopier:Finalize (bool,bool&,bool&,System.Collections.Generic.List`1<System.Reflection.Emit.Label>)
HarmonyLib.MethodCreator:CreateReplacement ()
HarmonyLib.PatchFunctions:UpdateWrapper (System.Reflection.MethodBase,HarmonyLib.PatchInfo)
HarmonyLib.PatchProcessor:Patch ()
HarmonyLib.Harmony:Patch (System.Reflection.MethodBase,HarmonyLib.HarmonyMethod,HarmonyLib.HarmonyMethod,HarmonyLib.HarmonyMethod,HarmonyLib.HarmonyMethod)
VSE.RimHUDPatches:Do (HarmonyLib.Harmony)
VSE.ModCompat/<>c:<Init>b__16_0 ()
ilyvion.LoadingProgress.LongEventHandler_ExecuteToExecuteWhenFinished_Patches/<ExecuteToExecuteWhenFinished>d__3:MoveNext () (at /home/runner/work/loading-progress/loading-progress/Source/ilyvion.LoadingProgress/LongEventHandler_ExecuteToExecuteWhenFinished_Patches.cs:330)
(wrapper dynamic-method) MonoMod.Utils.DynamicMethodDefinition:Verse.LongEventHandler.UpdateCurrentEnumeratorEvent_Patch1 ()
(wrapper dynamic-method) MonoMod.Utils.DynamicMethodDefinition:Verse.LongEventHandler.LongEventsUpdate_Patch1 (bool&)
(wrapper dynamic-method) MonoMod.Utils.DynamicMethodDefinition:Verse.Root.Update_Patch1 (Verse.Root)
Verse.Root_Entry:Update ()

ThingDef RRY_FilthBloodXenomorph has no thingClass. This is a misconfiguration in AVP Xenomorphs.
UnityEngine.StackTraceUtility:ExtractStackTrace ()
Verse.Log:Warning (string)
Hospitality.Utilities.DefsUtility:LogMisconfiguration (Verse.Def,string)
Hospitality.Utilities.DefsUtility:CheckBedDefs ()
Hospitality.Utilities.DefsUtility:CheckForInvalidDefs ()
ilyvion.LoadingProgress.LongEventHandler_ExecuteToExecuteWhenFinished_Patches/<ExecuteToExecuteWhenFinished>d__3:MoveNext () (at /home/runner/work/loading-progress/loading-progress/Source/ilyvion.LoadingProgress/LongEventHandler_ExecuteToExecuteWhenFinished_Patches.cs:330)
(wrapper dynamic-method) MonoMod.Utils.DynamicMethodDefinition:Verse.LongEventHandler.UpdateCurrentEnumeratorEvent_Patch1 ()
(wrapper dynamic-method) MonoMod.Utils.DynamicMethodDefinition:Verse.LongEventHandler.LongEventsUpdate_Patch1 (bool&)
(wrapper dynamic-method) MonoMod.Utils.DynamicMethodDefinition:Verse.Root.Update_Patch1 (Verse.Root)
Verse.Root_Entry:Update ()

ThingDef RRY_FilthBloodNeomorph has no thingClass. This is a misconfiguration in AVP Xenomorphs.
UnityEngine.StackTraceUtility:ExtractStackTrace ()
Verse.Log:Warning (string)
Hospitality.Utilities.DefsUtility:LogMisconfiguration (Verse.Def,string)
Hospitality.Utilities.DefsUtility:CheckBedDefs ()
Hospitality.Utilities.DefsUtility:CheckForInvalidDefs ()
ilyvion.LoadingProgress.LongEventHandler_ExecuteToExecuteWhenFinished_Patches/<ExecuteToExecuteWhenFinished>d__3:MoveNext () (at /home/runner/work/loading-progress/loading-progress/Source/ilyvion.LoadingProgress/LongEventHandler_ExecuteToExecuteWhenFinished_Patches.cs:330)
(wrapper dynamic-method) MonoMod.Utils.DynamicMethodDefinition:Verse.LongEventHandler.UpdateCurrentEnumeratorEvent_Patch1 ()
(wrapper dynamic-method) MonoMod.Utils.DynamicMethodDefinition:Verse.LongEventHandler.LongEventsUpdate_Patch1 (bool&)
(wrapper dynamic-method) MonoMod.Utils.DynamicMethodDefinition:Verse.Root.Update_Patch1 (Verse.Root)
Verse.Root_Entry:Update ()

Translation data for language English has 14 errors. Generate translation report for more info.
UnityEngine.StackTraceUtility:ExtractStackTrace ()
Verse.Log:Warning (string)
Verse.LoadedLanguage:InjectIntoData_AfterImpliedDefs ()
Verse.PlayDataLoader/<>c:<DoPlayLoad>b__4_3 ()
ilyvion.LoadingProgress.LongEventHandler_ExecuteToExecuteWhenFinished_Patches/<ExecuteToExecuteWhenFinished>d__3:MoveNext () (at /home/runner/work/loading-progress/loading-progress/Source/ilyvion.LoadingProgress/LongEventHandler_ExecuteToExecuteWhenFinished_Patches.cs:330)
(wrapper dynamic-method) MonoMod.Utils.DynamicMethodDefinition:Verse.LongEventHandler.UpdateCurrentEnumeratorEvent_Patch1 ()
(wrapper dynamic-method) MonoMod.Utils.DynamicMethodDefinition:Verse.LongEventHandler.LongEventsUpdate_Patch1 (bool&)
(wrapper dynamic-method) MonoMod.Utils.DynamicMethodDefinition:Verse.Root.Update_Patch1 (Verse.Root)
Verse.Root_Entry:Update ()

[AVP Xenomorphs] Broken install blueprint cleanup patch applied
UnityEngine.StackTraceUtility:ExtractStackTrace ()
Verse.Log:Message (string)
RRYautja.BrokenInstallBlueprintPatch:.cctor ()
System.Runtime.CompilerServices.RuntimeHelpers:RunClassConstructor (System.RuntimeTypeHandle)
ilyvion.LoadingProgress.StaticConstructorOnStartupUtilityReplacement/<CallAllAndRest>d__2:MoveNext () (at /home/runner/work/loading-progress/loading-progress/Source/ilyvion.LoadingProgress/StaticConstructorOnStartupUtilityReplacement.cs:53)
(wrapper dynamic-method) MonoMod.Utils.DynamicMethodDefinition:Verse.LongEventHandler.UpdateCurrentEnumeratorEvent_Patch1 ()
(wrapper dynamic-method) MonoMod.Utils.DynamicMethodDefinition:Verse.LongEventHandler.LongEventsUpdate_Patch1 (bool&)
(wrapper dynamic-method) MonoMod.Utils.DynamicMethodDefinition:Verse.Root.Update_Patch1 (Verse.Root)
Verse.Root_Entry:Update ()

[AVP Xenomorphs] Patched 4 vanilla think node Satisfied methods with null-map guards
UnityEngine.StackTraceUtility:ExtractStackTrace ()
Verse.Log:Message (string)
RRYautja.VanillaThinkNodeNullMapPatch:.cctor ()
System.Runtime.CompilerServices.RuntimeHelpers:RunClassConstructor (System.RuntimeTypeHandle)
ilyvion.LoadingProgress.StaticConstructorOnStartupUtilityReplacement/<CallAllAndRest>d__2:MoveNext () (at /home/runner/work/loading-progress/loading-progress/Source/ilyvion.LoadingProgress/StaticConstructorOnStartupUtilityReplacement.cs:53)
(wrapper dynamic-method) MonoMod.Utils.DynamicMethodDefinition:Verse.LongEventHandler.UpdateCurrentEnumeratorEvent_Patch1 ()
(wrapper dynamic-method) MonoMod.Utils.DynamicMethodDefinition:Verse.LongEventHandler.LongEventsUpdate_Patch1 (bool&)
(wrapper dynamic-method) MonoMod.Utils.DynamicMethodDefinition:Verse.Root.Update_Patch1 (Verse.Root)
Verse.Root_Entry:Update ()

[AVP Xenomorphs] Patched JobDriver_Wait.CheckForAutoAttack
UnityEngine.StackTraceUtility:ExtractStackTrace ()
Verse.Log:Message (string)
RRYautja.WaitAutoAttackPatch:.cctor ()
System.Runtime.CompilerServices.RuntimeHelpers:RunClassConstructor (System.RuntimeTypeHandle)
ilyvion.LoadingProgress.StaticConstructorOnStartupUtilityReplacement/<CallAllAndRest>d__2:MoveNext () (at /home/runner/work/loading-progress/loading-progress/Source/ilyvion.LoadingProgress/StaticConstructorOnStartupUtilityReplacement.cs:53)
(wrapper dynamic-method) MonoMod.Utils.DynamicMethodDefinition:Verse.LongEventHandler.UpdateCurrentEnumeratorEvent_Patch1 ()
(wrapper dynamic-method) MonoMod.Utils.DynamicMethodDefinition:Verse.LongEventHandler.LongEventsUpdate_Patch1 (bool&)
(wrapper dynamic-method) MonoMod.Utils.DynamicMethodDefinition:Verse.Root.Update_Patch1 (Verse.Root)
Verse.Root_Entry:Update ()

[AVP Xenomorphs] Patched Designator_ZoneAdd.CanDesignateCell to block hive/tunnel tiles
UnityEngine.StackTraceUtility:ExtractStackTrace ()
Verse.Log:Message (string)
RRYautja.ZoneDesignatorPatch:.cctor ()
System.Runtime.CompilerServices.RuntimeHelpers:RunClassConstructor (System.RuntimeTypeHandle)
ilyvion.LoadingProgress.StaticConstructorOnStartupUtilityReplacement/<CallAllAndRest>d__2:MoveNext () (at /home/runner/work/loading-progress/loading-progress/Source/ilyvion.LoadingProgress/StaticConstructorOnStartupUtilityReplacement.cs:53)
(wrapper dynamic-method) MonoMod.Utils.DynamicMethodDefinition:Verse.LongEventHandler.UpdateCurrentEnumeratorEvent_Patch1 ()
(wrapper dynamic-method) MonoMod.Utils.DynamicMethodDefinition:Verse.LongEventHandler.LongEventsUpdate_Patch1 (bool&)
(wrapper dynamic-method) MonoMod.Utils.DynamicMethodDefinition:Verse.Root.Update_Patch1 (Verse.Root)
Verse.Root_Entry:Update ()

Xenomorph Host System Loaded
1216 Possible Hosts out of 1413 Races detected: Race Setting init
UnityEngine.StackTraceUtility:ExtractStackTrace ()
Verse.Log:Message (string)
RRYautja.Xenomorph.XenomorphHostSystem:.cctor ()
System.Runtime.CompilerServices.RuntimeHelpers:RunClassConstructor (System.RuntimeTypeHandle)
ilyvion.LoadingProgress.StaticConstructorOnStartupUtilityReplacement/<CallAllAndRest>d__2:MoveNext () (at /home/runner/work/loading-progress/loading-progress/Source/ilyvion.LoadingProgress/StaticConstructorOnStartupUtilityReplacement.cs:53)
(wrapper dynamic-method) MonoMod.Utils.DynamicMethodDefinition:Verse.LongEventHandler.UpdateCurrentEnumeratorEvent_Patch1 ()
(wrapper dynamic-method) MonoMod.Utils.DynamicMethodDefinition:Verse.LongEventHandler.LongEventsUpdate_Patch1 (bool&)
(wrapper dynamic-method) MonoMod.Utils.DynamicMethodDefinition:Verse.Root.Update_Patch1 (Verse.Root)
Verse.Root_Entry:Update ()

[CRB] Startup running
UnityEngine.StackTraceUtility:ExtractStackTrace ()
Verse.Log:Message (string)
ColonistReturnBuff.Startup:.cctor ()
System.Runtime.CompilerServices.RuntimeHelpers:RunClassConstructor (System.RuntimeTypeHandle)
ilyvion.LoadingProgress.StaticConstructorOnStartupUtilityReplacement/<CallAllAndRest>d__2:MoveNext () (at /home/runner/work/loading-progress/loading-progress/Source/ilyvion.LoadingProgress/StaticConstructorOnStartupUtilityReplacement.cs:53)
(wrapper dynamic-method) MonoMod.Utils.DynamicMethodDefinition:Verse.LongEventHandler.UpdateCurrentEnumeratorEvent_Patch1 ()
(wrapper dynamic-method) MonoMod.Utils.DynamicMethodDefinition:Verse.LongEventHandler.LongEventsUpdate_Patch1 (bool&)
(wrapper dynamic-method) MonoMod.Utils.DynamicMethodDefinition:Verse.Root.Update_Patch1 (Verse.Root)
Verse.Root_Entry:Update ()

[CRB] Harmony patched: ColonistReturnBuff
UnityEngine.StackTraceUtility:ExtractStackTrace ()
Verse.Log:Message (string)
ColonistReturnBuff.Startup:.cctor ()
System.Runtime.CompilerServices.RuntimeHelpers:RunClassConstructor (System.RuntimeTypeHandle)
ilyvion.LoadingProgress.StaticConstructorOnStartupUtilityReplacement/<CallAllAndRest>d__2:MoveNext () (at /home/runner/work/loading-progress/loading-progress/Source/ilyvion.LoadingProgress/StaticConstructorOnStartupUtilityReplacement.cs:53)
(wrapper dynamic-method) MonoMod.Utils.DynamicMethodDefinition:Verse.LongEventHandler.UpdateCurrentEnumeratorEvent_Patch1 ()
(wrapper dynamic-method) MonoMod.Utils.DynamicMethodDefinition:Verse.LongEventHandler.LongEventsUpdate_Patch1 (bool&)
(wrapper dynamic-method) MonoMod.Utils.DynamicMethodDefinition:Verse.Root.Update_Patch1 (Verse.Root)
Verse.Root_Entry:Update ()

[CRB] Settings applied to ThoughtDefs
UnityEngine.StackTraceUtility:ExtractStackTrace ()
Verse.Log:Message (string)
ColonistReturnBuff.Startup:.cctor ()
System.Runtime.CompilerServices.RuntimeHelpers:RunClassConstructor (System.RuntimeTypeHandle)
ilyvion.LoadingProgress.StaticConstructorOnStartupUtilityReplacement/<CallAllAndRest>d__2:MoveNext () (at /home/runner/work/loading-progress/loading-progress/Source/ilyvion.LoadingProgress/StaticConstructorOnStartupUtilityReplacement.cs:53)
(wrapper dynamic-method) MonoMod.Utils.DynamicMethodDefinition:Verse.LongEventHandler.UpdateCurrentEnumeratorEvent_Patch1 ()
(wrapper dynamic-method) MonoMod.Utils.DynamicMethodDefinition:Verse.LongEventHandler.LongEventsUpdate_Patch1 (bool&)
(wrapper dynamic-method) MonoMod.Utils.DynamicMethodDefinition:Verse.Root.Update_Patch1 (Verse.Root)
Verse.Root_Entry:Update ()

KCSG has Created 7579 symbolDefs for vanilla and DLCs
UnityEngine.StackTraceUtility:ExtractStackTrace ()
Verse.Log:Message (string)
KCSG.StartupActions:CreateSymbols ()
KCSG.StartupActions:.cctor ()
System.Runtime.CompilerServices.RuntimeHelpers:RunClassConstructor (System.RuntimeTypeHandle)
ilyvion.LoadingProgress.StaticConstructorOnStartupUtilityReplacement/<CallAllAndRest>d__2:MoveNext () (at /home/runner/work/loading-progress/loading-progress/Source/ilyvion.LoadingProgress/StaticConstructorOnStartupUtilityReplacement.cs:53)
(wrapper dynamic-method) MonoMod.Utils.DynamicMethodDefinition:Verse.LongEventHandler.UpdateCurrentEnumeratorEvent_Patch1 ()
(wrapper dynamic-method) MonoMod.Utils.DynamicMethodDefinition:Verse.LongEventHandler.LongEventsUpdate_Patch1 (bool&)
(wrapper dynamic-method) MonoMod.Utils.DynamicMethodDefinition:Verse.Root.Update_Patch1 (Verse.Root)
Verse.Root_Entry:Update ()

[BigLittleModPatch] Removed 334 duplicate linkableFacilities entries.
UnityEngine.StackTraceUtility:ExtractStackTrace ()
Verse.Log:Message (string)
BigLittleModPatch.Fix_DuplicateLinkableFacilities:.cctor ()
System.Runtime.CompilerServices.RuntimeHelpers:RunClassConstructor (System.RuntimeTypeHandle)
ilyvion.LoadingProgress.StaticConstructorOnStartupUtilityReplacement/<CallAllAndRest>d__2:MoveNext () (at /home/runner/work/loading-progress/loading-progress/Source/ilyvion.LoadingProgress/StaticConstructorOnStartupUtilityReplacement.cs:53)
(wrapper dynamic-method) MonoMod.Utils.DynamicMethodDefinition:Verse.LongEventHandler.UpdateCurrentEnumeratorEvent_Patch1 ()
(wrapper dynamic-method) MonoMod.Utils.DynamicMethodDefinition:Verse.LongEventHandler.LongEventsUpdate_Patch1 (bool&)
(wrapper dynamic-method) MonoMod.Utils.DynamicMethodDefinition:Verse.Root.Update_Patch1 (Verse.Root)
Verse.Root_Entry:Update ()

[CMColorCodedMoodBar] CMColorCodedMoodBar 1.6.4871.1 initialized
UnityEngine.StackTraceUtility:ExtractStackTrace ()
Verse.Log:Message (string)
ColoredMoodBar13.Main:LogMessage (string,ColoredMoodBar13.MessageType)
ColoredMoodBar13.Main:.cctor ()
System.Runtime.CompilerServices.RuntimeHelpers:RunClassConstructor (System.RuntimeTypeHandle)
ilyvion.LoadingProgress.StaticConstructorOnStartupUtilityReplacement/<CallAllAndRest>d__2:MoveNext () (at /home/runner/work/loading-progress/loading-progress/Source/ilyvion.LoadingProgress/StaticConstructorOnStartupUtilityReplacement.cs:53)
(wrapper dynamic-method) MonoMod.Utils.DynamicMethodDefinition:Verse.LongEventHandler.UpdateCurrentEnumeratorEvent_Patch1 ()
(wrapper dynamic-method) MonoMod.Utils.DynamicMethodDefinition:Verse.LongEventHandler.LongEventsUpdate_Patch1 (bool&)
(wrapper dynamic-method) MonoMod.Utils.DynamicMethodDefinition:Verse.Root.Update_Patch1 (Verse.Root)
Verse.Root_Entry:Update ()

[CleaningAreaRelaunched] Loaded
UnityEngine.StackTraceUtility:ExtractStackTrace ()
Verse.Log:Message (string)
CleaningAreaRelaunched.CleaningAreaRelaunched_Loader:.cctor ()
System.Runtime.CompilerServices.RuntimeHelpers:RunClassConstructor (System.RuntimeTypeHandle)
ilyvion.LoadingProgress.StaticConstructorOnStartupUtilityReplacement/<CallAllAndRest>d__2:MoveNext () (at /home/runner/work/loading-progress/loading-progress/Source/ilyvion.LoadingProgress/StaticConstructorOnStartupUtilityReplacement.cs:53)
(wrapper dynamic-method) MonoMod.Utils.DynamicMethodDefinition:Verse.LongEventHandler.UpdateCurrentEnumeratorEvent_Patch1 ()
(wrapper dynamic-method) MonoMod.Utils.DynamicMethodDefinition:Verse.LongEventHandler.LongEventsUpdate_Patch1 (bool&)
(wrapper dynamic-method) MonoMod.Utils.DynamicMethodDefinition:Verse.Root.Update_Patch1 (Verse.Root)
Verse.Root_Entry:Update ()

[XML Extensions] Initialized 6 SettingsMenuDef(s) and found 0 unused key(s) from 0 mod(s)
UnityEngine.StackTraceUtility:ExtractStackTrace ()
Verse.Log:Message (string)
XmlExtensions.XmlExtensions:.cctor ()
System.Runtime.CompilerServices.RuntimeHelpers:RunClassConstructor (System.RuntimeTypeHandle)
ilyvion.LoadingProgress.StaticConstructorOnStartupUtilityReplacement/<CallAllAndRest>d__2:MoveNext () (at /home/runner/work/loading-progress/loading-progress/Source/ilyvion.LoadingProgress/StaticConstructorOnStartupUtilityReplacement.cs:53)
(wrapper dynamic-method) MonoMod.Utils.DynamicMethodDefinition:Verse.LongEventHandler.UpdateCurrentEnumeratorEvent_Patch1 ()
(wrapper dynamic-method) MonoMod.Utils.DynamicMethodDefinition:Verse.LongEventHandler.LongEventsUpdate_Patch1 (bool&)
(wrapper dynamic-method) MonoMod.Utils.DynamicMethodDefinition:Verse.Root.Update_Patch1 (Verse.Root)
Verse.Root_Entry:Update ()

[XML Extensions] 6902 total patch operations run in 14797ms, 0 failed
UnityEngine.StackTraceUtility:ExtractStackTrace ()
Verse.Log:Message (string)
XmlExtensions.XmlExtensions:.cctor ()
System.Runtime.CompilerServices.RuntimeHelpers:RunClassConstructor (System.RuntimeTypeHandle)
ilyvion.LoadingProgress.StaticConstructorOnStartupUtilityReplacement/<CallAllAndRest>d__2:MoveNext () (at /home/runner/work/loading-progress/loading-progress/Source/ilyvion.LoadingProgress/StaticConstructorOnStartupUtilityReplacement.cs:53)
(wrapper dynamic-method) MonoMod.Utils.DynamicMethodDefinition:Verse.LongEventHandler.UpdateCurrentEnumeratorEvent_Patch1 ()
(wrapper dynamic-method) MonoMod.Utils.DynamicMethodDefinition:Verse.LongEventHandler.LongEventsUpdate_Patch1 (bool&)
(wrapper dynamic-method) MonoMod.Utils.DynamicMethodDefinition:Verse.Root.Update_Patch1 (Verse.Root)
Verse.Root_Entry:Update ()

[XML Extensions] Emitted 6 mod class(es)
UnityEngine.StackTraceUtility:ExtractStackTrace ()
Verse.Log:Message (string)
XmlExtensions.XmlExtensions:.cctor ()
System.Runtime.CompilerServices.RuntimeHelpers:RunClassConstructor (System.RuntimeTypeHandle)
ilyvion.LoadingProgress.StaticConstructorOnStartupUtilityReplacement/<CallAllAndRest>d__2:MoveNext () (at /home/runner/work/loading-progress/loading-progress/Source/ilyvion.LoadingProgress/StaticConstructorOnStartupUtilityReplacement.cs:53)
(wrapper dynamic-method) MonoMod.Utils.DynamicMethodDefinition:Verse.LongEventHandler.UpdateCurrentEnumeratorEvent_Patch1 ()
(wrapper dynamic-method) MonoMod.Utils.DynamicMethodDefinition:Verse.LongEventHandler.LongEventsUpdate_Patch1 (bool&)
(wrapper dynamic-method) MonoMod.Utils.DynamicMethodDefinition:Verse.Root.Update_Patch1 (Verse.Root)
Verse.Root_Entry:Update ()

Damage Indicators initialized.
UnityEngine.StackTraceUtility:ExtractStackTrace ()
Verse.Log:Message (string)
DamageMotes.DamageMotes_Patch:.cctor ()
System.Runtime.CompilerServices.RuntimeHelpers:RunClassConstructor (System.RuntimeTypeHandle)
ilyvion.LoadingProgress.StaticConstructorOnStartupUtilityReplacement/<CallAllAndRest>d__2:MoveNext () (at /home/runner/work/loading-progress/loading-progress/Source/ilyvion.LoadingProgress/StaticConstructorOnStartupUtilityReplacement.cs:53)
(wrapper dynamic-method) MonoMod.Utils.DynamicMethodDefinition:Verse.LongEventHandler.UpdateCurrentEnumeratorEvent_Patch1 ()
(wrapper dynamic-method) MonoMod.Utils.DynamicMethodDefinition:Verse.LongEventHandler.LongEventsUpdate_Patch1 (bool&)
(wrapper dynamic-method) MonoMod.Utils.DynamicMethodDefinition:Verse.Root.Update_Patch1 (Verse.Root)
Verse.Root_Entry:Update ()

[DifferentEggSizes]: Updated 178 egg-definitions
UnityEngine.StackTraceUtility:ExtractStackTrace ()
Verse.Log:Message (string)
DifferentEggSizes.Main:UpdateEggDefinitions ()
DifferentEggSizes.Main:.cctor ()
System.Runtime.CompilerServices.RuntimeHelpers:RunClassConstructor (System.RuntimeTypeHandle)
ilyvion.LoadingProgress.StaticConstructorOnStartupUtilityReplacement/<CallAllAndRest>d__2:MoveNext () (at /home/runner/work/loading-progress/loading-progress/Source/ilyvion.LoadingProgress/StaticConstructorOnStartupUtilityReplacement.cs:53)
(wrapper dynamic-method) MonoMod.Utils.DynamicMethodDefinition:Verse.LongEventHandler.UpdateCurrentEnumeratorEvent_Patch1 ()
(wrapper dynamic-method) MonoMod.Utils.DynamicMethodDefinition:Verse.LongEventHandler.LongEventsUpdate_Patch1 (bool&)
(wrapper dynamic-method) MonoMod.Utils.DynamicMethodDefinition:Verse.Root.Update_Patch1 (Verse.Root)
Verse.Root_Entry:Update ()

Error in static constructor of DoTheRitualsYourselves.RitualLister: System.TypeInitializationException: The type initializer for 'DoTheRitualsYourselves.RitualLister' threw an exception. ---> System.Reflection.TargetInvocationException: Exception has been thrown by the target of an invocation. ---> System.NullReferenceException: Object reference not set to an instance of an object
[Ref 908BD364]
  at DoTheRitualsYourselves.Lister.GroupLister.ColonyRitualGroupLister.IsColonyRitualBuilding (Verse.ThingDef def) [0x00075] in <2c8353b6e28f47d7bd7dddb5586f9a87>:0 
DoTheRitualsYourselves.Lister.GroupLister.ColonyRitualGroupLister..ctor()
(wrapper managed-to-native) System.Reflection.RuntimeConstructorInfo.InternalInvoke(System.Reflection.RuntimeConstructorInfo,object,object[],System.Exception&)
  at System.Reflection.RuntimeConstructorInfo.InternalInvoke (System.Object obj, System.Object[] parameters, System.Boolean wrapExceptions) [0x00005] in <51fded79cd284d4d911c5949aff4cb21>:0 
   --- End of inner exception stack trace ---
[Ref DFD7F4B2]
  at System.Reflection.RuntimeConstructorInfo.InternalInvoke (System.Object obj, System.Object[] parameters, System.Boolean wrapExceptions) [0x0001a] in <51fded79cd284d4d911c5949aff4cb21>:0 
  at System.RuntimeType.CreateInstanceMono (System.Boolean nonPublic, System.Boolean wrapExceptions) [0x00095] in <51fded79cd284d4d911c5949aff4cb21>:0 
  at System.RuntimeType.CreateInstanceSlow (System.Boolean publicOnly, System.Boolean wrapExceptions, System.Boolean skipCheckThis, System.Boolean fillCache) [0x00009] in <51fded79cd284d4d911c5949aff4cb21>:0 
  at System.RuntimeType.CreateInstanceDefaultCtor (System.Boolean publicOnly, System.Boolean skipCheckThis, System.Boolean fillCache, System.Boolean wrapExceptions, System.Threading.StackCrawlMark& stackMark) [0x00027] in <51fded79cd284d4d911c5949aff4cb21>:0 
  at System.Activator.CreateInstance (System.Type type, System.Boolean nonPublic, System.Boolean wrapExceptions) [0x00020] in <51fded79cd284d4d911c5949aff4cb21>:0 
  at System.Activator.CreateInstance (System.Type type, System.Boolean nonPublic) [0x00000] in <51fded79cd284d4d911c5949aff4cb21>:0 
  at System.Activator.CreateInstance (System.Type type) [0x00000] in <51fded79cd284d4d911c5949aff4cb21>:0 
DoTheRitualsYourselves.RitualLister..cctor()
   --- End of inner exception stack trace ---
[Ref F38909E1]
(wrapper managed-to-native) System.Runtime.CompilerServices.RuntimeHelpers.RunClassConstructor(intptr)
  at System.Runtime.CompilerServices.RuntimeHelpers.RunClassConstructor (System.RuntimeTypeHandle type) [0x0002a] in <51fded79cd284d4d911c5949aff4cb21>:0 
  at ilyvion.LoadingProgress.StaticConstructorOnStartupUtilityReplacement+<CallAllAndRest>d__2.MoveNext () [0x000f9] in /home/runner/work/loading-progress/loading-progress/Source/ilyvion.LoadingProgress/StaticConstructorOnStartupUtilityReplacement.cs:53 
UnityEngine.StackTraceUtility:ExtractStackTrace ()
(wrapper dynamic-method) MonoMod.Utils.DynamicMethodDefinition:Verse.Log.Error_Patch1 (string)
ilyvion.LoadingProgress.StaticConstructorOnStartupUtilityReplacement/<CallAllAndRest>d__2:MoveNext () (at /home/runner/work/loading-progress/loading-progress/Source/ilyvion.LoadingProgress/StaticConstructorOnStartupUtilityReplacement.cs:58)
(wrapper dynamic-method) MonoMod.Utils.DynamicMethodDefinition:Verse.LongEventHandler.UpdateCurrentEnumeratorEvent_Patch1 ()
(wrapper dynamic-method) MonoMod.Utils.DynamicMethodDefinition:Verse.LongEventHandler.LongEventsUpdate_Patch1 (bool&)
(wrapper dynamic-method) MonoMod.Utils.DynamicMethodDefinition:Verse.Root.Update_Patch1 (Verse.Root)
Verse.Root_Entry:Update ()

GUD: patches were successful
UnityEngine.StackTraceUtility:ExtractStackTrace ()
Verse.Log:Message (string)
GoreUponDismemberment.HarmonyPatches.GoreHarmony:.cctor ()
System.Runtime.CompilerServices.RuntimeHelpers:RunClassConstructor (System.RuntimeTypeHandle)
ilyvion.LoadingProgress.StaticConstructorOnStartupUtilityReplacement/<CallAllAndRest>d__2:MoveNext () (at /home/runner/work/loading-progress/loading-progress/Source/ilyvion.LoadingProgress/StaticConstructorOnStartupUtilityReplacement.cs:53)
(wrapper dynamic-method) MonoMod.Utils.DynamicMethodDefinition:Verse.LongEventHandler.UpdateCurrentEnumeratorEvent_Patch1 ()
(wrapper dynamic-method) MonoMod.Utils.DynamicMethodDefinition:Verse.LongEventHandler.LongEventsUpdate_Patch1 (bool&)
(wrapper dynamic-method) MonoMod.Utils.DynamicMethodDefinition:Verse.Root.Update_Patch1 (Verse.Root)
Verse.Root_Entry:Update ()

Locks: Doors expanded found
UnityEngine.StackTraceUtility:ExtractStackTrace ()
Verse.Log:Message (string)
Locks.CompatibilityPatches.DoorsExpanded:Init ()
Locks.Initialization:.cctor ()
System.Runtime.CompilerServices.RuntimeHelpers:RunClassConstructor (System.RuntimeTypeHandle)
ilyvion.LoadingProgress.StaticConstructorOnStartupUtilityReplacement/<CallAllAndRest>d__2:MoveNext () (at /home/runner/work/loading-progress/loading-progress/Source/ilyvion.LoadingProgress/StaticConstructorOnStartupUtilityReplacement.cs:53)
(wrapper dynamic-method) MonoMod.Utils.DynamicMethodDefinition:Verse.LongEventHandler.UpdateCurrentEnumeratorEvent_Patch1 ()
(wrapper dynamic-method) MonoMod.Utils.DynamicMethodDefinition:Verse.LongEventHandler.LongEventsUpdate_Patch1 (bool&)
(wrapper dynamic-method) MonoMod.Utils.DynamicMethodDefinition:Verse.Root.Update_Patch1 (Verse.Root)
Verse.Root_Entry:Update ()

Locks: SoS2 not found 
UnityEngine.StackTraceUtility:ExtractStackTrace ()
Verse.Log:Message (string)
Locks.CompatibilityPatches.SoS2:Init ()
Locks.Initialization:.cctor ()
System.Runtime.CompilerServices.RuntimeHelpers:RunClassConstructor (System.RuntimeTypeHandle)
ilyvion.LoadingProgress.StaticConstructorOnStartupUtilityReplacement/<CallAllAndRest>d__2:MoveNext () (at /home/runner/work/loading-progress/loading-progress/Source/ilyvion.LoadingProgress/StaticConstructorOnStartupUtilityReplacement.cs:53)
(wrapper dynamic-method) MonoMod.Utils.DynamicMethodDefinition:Verse.LongEventHandler.UpdateCurrentEnumeratorEvent_Patch1 ()
(wrapper dynamic-method) MonoMod.Utils.DynamicMethodDefinition:Verse.LongEventHandler.LongEventsUpdate_Patch1 (bool&)
(wrapper dynamic-method) MonoMod.Utils.DynamicMethodDefinition:Verse.Root.Update_Patch1 (Verse.Root)
Verse.Root_Entry:Update ()

Locks version: 3.1.3 loaded.
UnityEngine.StackTraceUtility:ExtractStackTrace ()
Verse.Log:Message (string)
Locks.Initialization:.cctor ()
System.Runtime.CompilerServices.RuntimeHelpers:RunClassConstructor (System.RuntimeTypeHandle)
ilyvion.LoadingProgress.StaticConstructorOnStartupUtilityReplacement/<CallAllAndRest>d__2:MoveNext () (at /home/runner/work/loading-progress/loading-progress/Source/ilyvion.LoadingProgress/StaticConstructorOnStartupUtilityReplacement.cs:53)
(wrapper dynamic-method) MonoMod.Utils.DynamicMethodDefinition:Verse.LongEventHandler.UpdateCurrentEnumeratorEvent_Patch1 ()
(wrapper dynamic-method) MonoMod.Utils.DynamicMethodDefinition:Verse.LongEventHandler.LongEventsUpdate_Patch1 (bool&)
(wrapper dynamic-method) MonoMod.Utils.DynamicMethodDefinition:Verse.Root.Update_Patch1 (Verse.Root)
Verse.Root_Entry:Update ()

[TrueTerrainColors v1.12.26] Loaded cached true colors for 515 terrain defs from file.
UnityEngine.StackTraceUtility:ExtractStackTrace ()
Verse.Log:Message (string)
LunarFramework.Logging.IngameLogContext:Log (LunarFramework.Logging.LogContext/LogLevel,string,System.Exception)
LunarFramework.Logging.LogContext:Log (string,System.Exception)
MapPreview.TrueTerrainColors:.cctor ()
System.Runtime.CompilerServices.RuntimeHelpers:RunClassConstructor (System.RuntimeTypeHandle)
ilyvion.LoadingProgress.StaticConstructorOnStartupUtilityReplacement/<CallAllAndRest>d__2:MoveNext () (at /home/runner/work/loading-progress/loading-progress/Source/ilyvion.LoadingProgress/StaticConstructorOnStartupUtilityReplacement.cs:53)
(wrapper dynamic-method) MonoMod.Utils.DynamicMethodDefinition:Verse.LongEventHandler.UpdateCurrentEnumeratorEvent_Patch1 ()
(wrapper dynamic-method) MonoMod.Utils.DynamicMethodDefinition:Verse.LongEventHandler.LongEventsUpdate_Patch1 (bool&)
(wrapper dynamic-method) MonoMod.Utils.DynamicMethodDefinition:Verse.Root.Update_Patch1 (Verse.Root)
Verse.Root_Entry:Update ()

Mines 2.0 -> RecipeDef named MinesAutomated_RecipeDef_MineableSteel added to the mine.
UnityEngine.StackTraceUtility:ExtractStackTrace ()
Verse.Log:Message (string)
MinesAutomated.CreateRecipeDefs:Generate ()
MinesAutomated.MineRecipes:EnsureBaseRecipesGenerated ()
MinesAutomated.CreateRecipeDefs:.cctor ()
System.Runtime.CompilerServices.RuntimeHelpers:RunClassConstructor (System.RuntimeTypeHandle)
ilyvion.LoadingProgress.StaticConstructorOnStartupUtilityReplacement/<CallAllAndRest>d__2:MoveNext () (at /home/runner/work/loading-progress/loading-progress/Source/ilyvion.LoadingProgress/StaticConstructorOnStartupUtilityReplacement.cs:53)
(wrapper dynamic-method) MonoMod.Utils.DynamicMethodDefinition:Verse.LongEventHandler.UpdateCurrentEnumeratorEvent_Patch1 ()
(wrapper dynamic-method) MonoMod.Utils.DynamicMethodDefinition:Verse.LongEventHandler.LongEventsUpdate_Patch1 (bool&)
(wrapper dynamic-method) MonoMod.Utils.DynamicMethodDefinition:Verse.Root.Update_Patch1 (Verse.Root)
Verse.Root_Entry:Update ()

Mines 2.0 -> RecipeDef named MinesAutomated_RecipeDef_MineableComponentsIndustrial added to the mine.
UnityEngine.StackTraceUtility:ExtractStackTrace ()
Verse.Log:Message (string)
MinesAutomated.CreateRecipeDefs:Generate ()
MinesAutomated.MineRecipes:EnsureBaseRecipesGenerated ()
MinesAutomated.CreateRecipeDefs:.cctor ()
System.Runtime.CompilerServices.RuntimeHelpers:RunClassConstructor (System.RuntimeTypeHandle)
ilyvion.LoadingProgress.StaticConstructorOnStartupUtilityReplacement/<CallAllAndRest>d__2:MoveNext () (at /home/runner/work/loading-progress/loading-progress/Source/ilyvion.LoadingProgress/StaticConstructorOnStartupUtilityReplacement.cs:53)
(wrapper dynamic-method) MonoMod.Utils.DynamicMethodDefinition:Verse.LongEventHandler.UpdateCurrentEnumeratorEvent_Patch1 ()
(wrapper dynamic-method) MonoMod.Utils.DynamicMethodDefinition:Verse.LongEventHandler.LongEventsUpdate_Patch1 (bool&)
(wrapper dynamic-method) MonoMod.Utils.DynamicMethodDefinition:Verse.Root.Update_Patch1 (Verse.Root)
Verse.Root_Entry:Update ()

Mines 2.0 -> RecipeDef named MinesAutomated_RecipeDef_MineableUranium added to the mine.
UnityEngine.StackTraceUtility:ExtractStackTrace ()
Verse.Log:Message (string)
MinesAutomated.CreateRecipeDefs:Generate ()
MinesAutomated.MineRecipes:EnsureBaseRecipesGenerated ()
MinesAutomated.CreateRecipeDefs:.cctor ()
System.Runtime.CompilerServices.RuntimeHelpers:RunClassConstructor (System.RuntimeTypeHandle)
ilyvion.LoadingProgress.StaticConstructorOnStartupUtilityReplacement/<CallAllAndRest>d__2:MoveNext () (at /home/runner/work/loading-progress/loading-progress/Source/ilyvion.LoadingProgress/StaticConstructorOnStartupUtilityReplacement.cs:53)
(wrapper dynamic-method) MonoMod.Utils.DynamicMethodDefinition:Verse.LongEventHandler.UpdateCurrentEnumeratorEvent_Patch1 ()
(wrapper dynamic-method) MonoMod.Utils.DynamicMethodDefinition:Verse.LongEventHandler.LongEventsUpdate_Patch1 (bool&)
(wrapper dynamic-method) MonoMod.Utils.DynamicMethodDefinition:Verse.Root.Update_Patch1 (Verse.Root)
Verse.Root_Entry:Update ()

Mines 2.0 -> RecipeDef named MinesAutomated_RecipeDef_MineableSilver added to the mine.
UnityEngine.StackTraceUtility:ExtractStackTrace ()
Verse.Log:Message (string)
MinesAutomated.CreateRecipeDefs:Generate ()
MinesAutomated.MineRecipes:EnsureBaseRecipesGenerated ()
MinesAutomated.CreateRecipeDefs:.cctor ()
System.Runtime.CompilerServices.RuntimeHelpers:RunClassConstructor (System.RuntimeTypeHandle)
ilyvion.LoadingProgress.StaticConstructorOnStartupUtilityReplacement/<CallAllAndRest>d__2:MoveNext () (at /home/runner/work/loading-progress/loading-progress/Source/ilyvion.LoadingProgress/StaticConstructorOnStartupUtilityReplacement.cs:53)
(wrapper dynamic-method) MonoMod.Utils.DynamicMethodDefinition:Verse.LongEventHandler.UpdateCurrentEnumeratorEvent_Patch1 ()
(wrapper dynamic-method) MonoMod.Utils.DynamicMethodDefinition:Verse.LongEventHandler.LongEventsUpdate_Patch1 (bool&)
(wrapper dynamic-method) MonoMod.Utils.DynamicMethodDefinition:Verse.Root.Update_Patch1 (Verse.Root)
Verse.Root_Entry:Update ()

Mines 2.0 -> RecipeDef named MinesAutomated_RecipeDef_MineableGold added to the mine.
UnityEngine.StackTraceUtility:ExtractStackTrace ()
Verse.Log:Message (string)
MinesAutomated.CreateRecipeDefs:Generate ()
MinesAutomated.MineRecipes:EnsureBaseRecipesGenerated ()
MinesAutomated.CreateRecipeDefs:.cctor ()
System.Runtime.CompilerServices.RuntimeHelpers:RunClassConstructor (System.RuntimeTypeHandle)
ilyvion.LoadingProgress.StaticConstructorOnStartupUtilityReplacement/<CallAllAndRest>d__2:MoveNext () (at /home/runner/work/loading-progress/loading-progress/Source/ilyvion.LoadingProgress/StaticConstructorOnStartupUtilityReplacement.cs:53)
(wrapper dynamic-method) MonoMod.Utils.DynamicMethodDefinition:Verse.LongEventHandler.UpdateCurrentEnumeratorEvent_Patch1 ()
(wrapper dynamic-method) MonoMod.Utils.DynamicMethodDefinition:Verse.LongEventHandler.LongEventsUpdate_Patch1 (bool&)
(wrapper dynamic-method) MonoMod.Utils.DynamicMethodDefinition:Verse.Root.Update_Patch1 (Verse.Root)
Verse.Root_Entry:Update ()

Mines 2.0 -> RecipeDef named MinesAutomated_RecipeDef_MineableJade added to the mine.
UnityEngine.StackTraceUtility:ExtractStackTrace ()
Verse.Log:Message (string)
MinesAutomated.CreateRecipeDefs:Generate ()
MinesAutomated.MineRecipes:EnsureBaseRecipesGenerated ()
MinesAutomated.CreateRecipeDefs:.cctor ()
System.Runtime.CompilerServices.RuntimeHelpers:RunClassConstructor (System.RuntimeTypeHandle)
ilyvion.LoadingProgress.StaticConstructorOnStartupUtilityReplacement/<CallAllAndRest>d__2:MoveNext () (at /home/runner/work/loading-progress/loading-progress/Source/ilyvion.LoadingProgress/StaticConstructorOnStartupUtilityReplacement.cs:53)
(wrapper dynamic-method) MonoMod.Utils.DynamicMethodDefinition:Verse.LongEventHandler.UpdateCurrentEnumeratorEvent_Patch1 ()
(wrapper dynamic-method) MonoMod.Utils.DynamicMethodDefinition:Verse.LongEventHandler.LongEventsUpdate_Patch1 (bool&)
(wrapper dynamic-method) MonoMod.Utils.DynamicMethodDefinition:Verse.Root.Update_Patch1 (Verse.Root)
Verse.Root_Entry:Update ()

Mines 2.0 -> RecipeDef named MinesAutomated_RecipeDef_MineablePlasteel added to the mine.
UnityEngine.StackTraceUtility:ExtractStackTrace ()
Verse.Log:Message (string)
MinesAutomated.CreateRecipeDefs:Generate ()
MinesAutomated.MineRecipes:EnsureBaseRecipesGenerated ()
MinesAutomated.CreateRecipeDefs:.cctor ()
System.Runtime.CompilerServices.RuntimeHelpers:RunClassConstructor (System.RuntimeTypeHandle)
ilyvion.LoadingProgress.StaticConstructorOnStartupUtilityReplacement/<CallAllAndRest>d__2:MoveNext () (at /home/runner/work/loading-progress/loading-progress/Source/ilyvion.LoadingProgress/StaticConstructorOnStartupUtilityReplacement.cs:53)
(wrapper dynamic-method) MonoMod.Utils.DynamicMethodDefinition:Verse.LongEventHandler.UpdateCurrentEnumeratorEvent_Patch1 ()
(wrapper dynamic-method) MonoMod.Utils.DynamicMethodDefinition:Verse.LongEventHandler.LongEventsUpdate_Patch1 (bool&)
(wrapper dynamic-method) MonoMod.Utils.DynamicMethodDefinition:Verse.Root.Update_Patch1 (Verse.Root)
Verse.Root_Entry:Update ()

Mines 2.0 -> RecipeDef named MinesAutomated_RecipeDef_MineableObsidian added to the mine.
UnityEngine.StackTraceUtility:ExtractStackTrace ()
Verse.Log:Message (string)
MinesAutomated.CreateRecipeDefs:Generate ()
MinesAutomated.MineRecipes:EnsureBaseRecipesGenerated ()
MinesAutomated.CreateRecipeDefs:.cctor ()
System.Runtime.CompilerServices.RuntimeHelpers:RunClassConstructor (System.RuntimeTypeHandle)
ilyvion.LoadingProgress.StaticConstructorOnStartupUtilityReplacement/<CallAllAndRest>d__2:MoveNext () (at /home/runner/work/loading-progress/loading-progress/Source/ilyvion.LoadingProgress/StaticConstructorOnStartupUtilityReplacement.cs:53)
(wrapper dynamic-method) MonoMod.Utils.DynamicMethodDefinition:Verse.LongEventHandler.UpdateCurrentEnumeratorEvent_Patch1 ()
(wrapper dynamic-method) MonoMod.Utils.DynamicMethodDefinition:Verse.LongEventHandler.LongEventsUpdate_Patch1 (bool&)
(wrapper dynamic-method) MonoMod.Utils.DynamicMethodDefinition:Verse.Root.Update_Patch1 (Verse.Root)
Verse.Root_Entry:Update ()

Mines 2.0 -> RecipeDef named MinesAutomated_RecipeDef_VPE_EltexOre added to the mine.
UnityEngine.StackTraceUtility:ExtractStackTrace ()
Verse.Log:Message (string)
MinesAutomated.CreateRecipeDefs:Generate ()
MinesAutomated.MineRecipes:EnsureBaseRecipesGenerated ()
MinesAutomated.CreateRecipeDefs:.cctor ()
System.Runtime.CompilerServices.RuntimeHelpers:RunClassConstructor (System.RuntimeTypeHandle)
ilyvion.LoadingProgress.StaticConstructorOnStartupUtilityReplacement/<CallAllAndRest>d__2:MoveNext () (at /home/runner/work/loading-progress/loading-progress/Source/ilyvion.LoadingProgress/StaticConstructorOnStartupUtilityReplacement.cs:53)
(wrapper dynamic-method) MonoMod.Utils.DynamicMethodDefinition:Verse.LongEventHandler.UpdateCurrentEnumeratorEvent_Patch1 ()
(wrapper dynamic-method) MonoMod.Utils.DynamicMethodDefinition:Verse.LongEventHandler.LongEventsUpdate_Patch1 (bool&)
(wrapper dynamic-method) MonoMod.Utils.DynamicMethodDefinition:Verse.Root.Update_Patch1 (Verse.Root)
Verse.Root_Entry:Update ()

Mines 2.0 -> RecipeDef named MinesAutomated_RecipeDef_AA_SkySteelClumps added to the mine.
UnityEngine.StackTraceUtility:ExtractStackTrace ()
Verse.Log:Message (string)
MinesAutomated.CreateRecipeDefs:Generate ()
MinesAutomated.MineRecipes:EnsureBaseRecipesGenerated ()
MinesAutomated.CreateRecipeDefs:.cctor ()
System.Runtime.CompilerServices.RuntimeHelpers:RunClassConstructor (System.RuntimeTypeHandle)
ilyvion.LoadingProgress.StaticConstructorOnStartupUtilityReplacement/<CallAllAndRest>d__2:MoveNext () (at /home/runner/work/loading-progress/loading-progress/Source/ilyvion.LoadingProgress/StaticConstructorOnStartupUtilityReplacement.cs:53)
(wrapper dynamic-method) MonoMod.Utils.DynamicMethodDefinition:Verse.LongEventHandler.UpdateCurrentEnumeratorEvent_Patch1 ()
(wrapper dynamic-method) MonoMod.Utils.DynamicMethodDefinition:Verse.LongEventHandler.LongEventsUpdate_Patch1 (bool&)
(wrapper dynamic-method) MonoMod.Utils.DynamicMethodDefinition:Verse.Root.Update_Patch1 (Verse.Root)
Verse.Root_Entry:Update ()

Mines 2.0 -> RecipeDef named MinesAutomated_RecipeDef_Sandstone added to the mine.
UnityEngine.StackTraceUtility:ExtractStackTrace ()
Verse.Log:Message (string)
MinesAutomated.CreateRecipeDefs:Generate ()
MinesAutomated.MineRecipes:EnsureBaseRecipesGenerated ()
MinesAutomated.CreateRecipeDefs:.cctor ()
System.Runtime.CompilerServices.RuntimeHelpers:RunClassConstructor (System.RuntimeTypeHandle)
ilyvion.LoadingProgress.StaticConstructorOnStartupUtilityReplacement/<CallAllAndRest>d__2:MoveNext () (at /home/runner/work/loading-progress/loading-progress/Source/ilyvion.LoadingProgress/StaticConstructorOnStartupUtilityReplacement.cs:53)
(wrapper dynamic-method) MonoMod.Utils.DynamicMethodDefinition:Verse.LongEventHandler.UpdateCurrentEnumeratorEvent_Patch1 ()
(wrapper dynamic-method) MonoMod.Utils.DynamicMethodDefinition:Verse.LongEventHandler.LongEventsUpdate_Patch1 (bool&)
(wrapper dynamic-method) MonoMod.Utils.DynamicMethodDefinition:Verse.Root.Update_Patch1 (Verse.Root)
Verse.Root_Entry:Update ()

Mines 2.0 -> RecipeDef named MinesAutomated_RecipeDef_Marble added to the mine.
UnityEngine.StackTraceUtility:ExtractStackTrace ()
Verse.Log:Message (string)
MinesAutomated.CreateRecipeDefs:Generate ()
MinesAutomated.MineRecipes:EnsureBaseRecipesGenerated ()
MinesAutomated.CreateRecipeDefs:.cctor ()
System.Runtime.CompilerServices.RuntimeHelpers:RunClassConstructor (System.RuntimeTypeHandle)
ilyvion.LoadingProgress.StaticConstructorOnStartupUtilityReplacement/<CallAllAndRest>d__2:MoveNext () (at /home/runner/work/loading-progress/loading-progress/Source/ilyvion.LoadingProgress/StaticConstructorOnStartupUtilityReplacement.cs:53)
(wrapper dynamic-method) MonoMod.Utils.DynamicMethodDefinition:Verse.LongEventHandler.UpdateCurrentEnumeratorEvent_Patch1 ()
(wrapper dynamic-method) MonoMod.Utils.DynamicMethodDefinition:Verse.LongEventHandler.LongEventsUpdate_Patch1 (bool&)
(wrapper dynamic-method) MonoMod.Utils.DynamicMethodDefinition:Verse.Root.Update_Patch1 (Verse.Root)
Verse.Root_Entry:Update ()

Mines 2.0 -> RecipeDef named MinesAutomated_RecipeDef_Slate added to the mine.
UnityEngine.StackTraceUtility:ExtractStackTrace ()
Verse.Log:Message (string)
MinesAutomated.CreateRecipeDefs:Generate ()
MinesAutomated.MineRecipes:EnsureBaseRecipesGenerated ()
MinesAutomated.CreateRecipeDefs:.cctor ()
System.Runtime.CompilerServices.RuntimeHelpers:RunClassConstructor (System.RuntimeTypeHandle)
ilyvion.LoadingProgress.StaticConstructorOnStartupUtilityReplacement/<CallAllAndRest>d__2:MoveNext () (at /home/runner/work/loading-progress/loading-progress/Source/ilyvion.LoadingProgress/StaticConstructorOnStartupUtilityReplacement.cs:53)
(wrapper dynamic-method) MonoMod.Utils.DynamicMethodDefinition:Verse.LongEventHandler.UpdateCurrentEnumeratorEvent_Patch1 ()
(wrapper dynamic-method) MonoMod.Utils.DynamicMethodDefinition:Verse.LongEventHandler.LongEventsUpdate_Patch1 (bool&)
(wrapper dynamic-method) MonoMod.Utils.DynamicMethodDefinition:Verse.Root.Update_Patch1 (Verse.Root)
Verse.Root_Entry:Update ()

Mines 2.0 -> RecipeDef named MinesAutomated_RecipeDef_Vacstone added to the mine.
UnityEngine.StackTraceUtility:ExtractStackTrace ()
Verse.Log:Message (string)
MinesAutomated.CreateRecipeDefs:Generate ()
MinesAutomated.MineRecipes:EnsureBaseRecipesGenerated ()
MinesAutomated.CreateRecipeDefs:.cctor ()
System.Runtime.CompilerServices.RuntimeHelpers:RunClassConstructor (System.RuntimeTypeHandle)
ilyvion.LoadingProgress.StaticConstructorOnStartupUtilityReplacement/<CallAllAndRest>d__2:MoveNext () (at /home/runner/work/loading-progress/loading-progress/Source/ilyvion.LoadingProgress/StaticConstructorOnStartupUtilityReplacement.cs:53)
(wrapper dynamic-method) MonoMod.Utils.DynamicMethodDefinition:Verse.LongEventHandler.UpdateCurrentEnumeratorEvent_Patch1 ()
(wrapper dynamic-method) MonoMod.Utils.DynamicMethodDefinition:Verse.LongEventHandler.LongEventsUpdate_Patch1 (bool&)
(wrapper dynamic-method) MonoMod.Utils.DynamicMethodDefinition:Verse.Root.Update_Patch1 (Verse.Root)
Verse.Root_Entry:Update ()

Mines 2.0 -> RecipeDef named MinesAutomated_RecipeDef_Limestone added to the mine.
UnityEngine.StackTraceUtility:ExtractStackTrace ()
Verse.Log:Message (string)
MinesAutomated.CreateRecipeDefs:Generate ()
MinesAutomated.MineRecipes:EnsureBaseRecipesGenerated ()
MinesAutomated.CreateRecipeDefs:.cctor ()
System.Runtime.CompilerServices.RuntimeHelpers:RunClassConstructor (System.RuntimeTypeHandle)
ilyvion.LoadingProgress.StaticConstructorOnStartupUtilityReplacement/<CallAllAndRest>d__2:MoveNext () (at /home/runner/work/loading-progress/loading-progress/Source/ilyvion.LoadingProgress/StaticConstructorOnStartupUtilityReplacement.cs:53)
(wrapper dynamic-method) MonoMod.Utils.DynamicMethodDefinition:Verse.LongEventHandler.UpdateCurrentEnumeratorEvent_Patch1 ()
(wrapper dynamic-method) MonoMod.Utils.DynamicMethodDefinition:Verse.LongEventHandler.LongEventsUpdate_Patch1 (bool&)
(wrapper dynamic-method) MonoMod.Utils.DynamicMethodDefinition:Verse.Root.Update_Patch1 (Verse.Root)
Verse.Root_Entry:Update ()

Mines 2.0 -> RecipeDef named MinesAutomated_RecipeDef_Granite added to the mine.
UnityEngine.StackTraceUtility:ExtractStackTrace ()
Verse.Log:Message (string)
MinesAutomated.CreateRecipeDefs:Generate ()
MinesAutomated.MineRecipes:EnsureBaseRecipesGenerated ()
MinesAutomated.CreateRecipeDefs:.cctor ()
System.Runtime.CompilerServices.RuntimeHelpers:RunClassConstructor (System.RuntimeTypeHandle)
ilyvion.LoadingProgress.StaticConstructorOnStartupUtilityReplacement/<CallAllAndRest>d__2:MoveNext () (at /home/runner/work/loading-progress/loading-progress/Source/ilyvion.LoadingProgress/StaticConstructorOnStartupUtilityReplacement.cs:53)
(wrapper dynamic-method) MonoMod.Utils.DynamicMethodDefinition:Verse.LongEventHandler.UpdateCurrentEnumeratorEvent_Patch1 ()
(wrapper dynamic-method) MonoMod.Utils.DynamicMethodDefinition:Verse.LongEventHandler.LongEventsUpdate_Patch1 (bool&)
(wrapper dynamic-method) MonoMod.Utils.DynamicMethodDefinition:Verse.Root.Update_Patch1 (Verse.Root)
Verse.Root_Entry:Update ()

NamesGalore: Injecting Names
UnityEngine.StackTraceUtility:ExtractStackTrace ()
Verse.Log:Message (string)
NamesGalore.NameInjector:.cctor ()
System.Runtime.CompilerServices.RuntimeHelpers:RunClassConstructor (System.RuntimeTypeHandle)
ilyvion.LoadingProgress.StaticConstructorOnStartupUtilityReplacement/<CallAllAndRest>d__2:MoveNext () (at /home/runner/work/loading-progress/loading-progress/Source/ilyvion.LoadingProgress/StaticConstructorOnStartupUtilityReplacement.cs:53)
(wrapper dynamic-method) MonoMod.Utils.DynamicMethodDefinition:Verse.LongEventHandler.UpdateCurrentEnumeratorEvent_Patch1 ()
(wrapper dynamic-method) MonoMod.Utils.DynamicMethodDefinition:Verse.LongEventHandler.LongEventsUpdate_Patch1 (bool&)
(wrapper dynamic-method) MonoMod.Utils.DynamicMethodDefinition:Verse.Root.Update_Patch1 (Verse.Root)
Verse.Root_Entry:Update ()

Chinese
UnityEngine.StackTraceUtility:ExtractStackTrace ()
Verse.Log:Message (string)
NamesGalore.NameInjector:.cctor ()
System.Runtime.CompilerServices.RuntimeHelpers:RunClassConstructor (System.RuntimeTypeHandle)
ilyvion.LoadingProgress.StaticConstructorOnStartupUtilityReplacement/<CallAllAndRest>d__2:MoveNext () (at /home/runner/work/loading-progress/loading-progress/Source/ilyvion.LoadingProgress/StaticConstructorOnStartupUtilityReplacement.cs:53)
(wrapper dynamic-method) MonoMod.Utils.DynamicMethodDefinition:Verse.LongEventHandler.UpdateCurrentEnumeratorEvent_Patch1 ()
(wrapper dynamic-method) MonoMod.Utils.DynamicMethodDefinition:Verse.LongEventHandler.LongEventsUpdate_Patch1 (bool&)
(wrapper dynamic-method) MonoMod.Utils.DynamicMethodDefinition:Verse.Root.Update_Patch1 (Verse.Root)
Verse.Root_Entry:Update ()

NamesGalore: Current Lang English
UnityEngine.StackTraceUtility:ExtractStackTrace ()
Verse.Log:Message (string)
NamesGalore.NameInjector:.cctor ()
System.Runtime.CompilerServices.RuntimeHelpers:RunClassConstructor (System.RuntimeTypeHandle)
ilyvion.LoadingProgress.StaticConstructorOnStartupUtilityReplacement/<CallAllAndRest>d__2:MoveNext () (at /home/runner/work/loading-progress/loading-progress/Source/ilyvion.LoadingProgress/StaticConstructorOnStartupUtilityReplacement.cs:53)
(wrapper dynamic-method) MonoMod.Utils.DynamicMethodDefinition:Verse.LongEventHandler.UpdateCurrentEnumeratorEvent_Patch1 ()
(wrapper dynamic-method) MonoMod.Utils.DynamicMethodDefinition:Verse.LongEventHandler.LongEventsUpdate_Patch1 (bool&)
(wrapper dynamic-method) MonoMod.Utils.DynamicMethodDefinition:Verse.Root.Update_Patch1 (Verse.Root)
Verse.Root_Entry:Update ()

[Quality Of Building] patching
UnityEngine.StackTraceUtility:ExtractStackTrace ()
Verse.Log:Message (string)
QualityOfBuilding.QualityOfBuildingMain:.cctor ()
System.Runtime.CompilerServices.RuntimeHelpers:RunClassConstructor (System.RuntimeTypeHandle)
ilyvion.LoadingProgress.StaticConstructorOnStartupUtilityReplacement/<CallAllAndRest>d__2:MoveNext () (at /home/runner/work/loading-progress/loading-progress/Source/ilyvion.LoadingProgress/StaticConstructorOnStartupUtilityReplacement.cs:53)
(wrapper dynamic-method) MonoMod.Utils.DynamicMethodDefinition:Verse.LongEventHandler.UpdateCurrentEnumeratorEvent_Patch1 ()
(wrapper dynamic-method) MonoMod.Utils.DynamicMethodDefinition:Verse.LongEventHandler.LongEventsUpdate_Patch1 (bool&)
(wrapper dynamic-method) MonoMod.Utils.DynamicMethodDefinition:Verse.Root.Update_Patch1 (Verse.Root)
Verse.Root_Entry:Update ()

[RelevantStatsInDescription]: Skipping dps-calculation of Mortar as it has no default projectile defined
UnityEngine.StackTraceUtility:ExtractStackTrace ()
Verse.Log:Message (string)
RelevantStatsInDescription.RelevantStatsInDescription:.cctor ()
System.Runtime.CompilerServices.RuntimeHelpers:RunClassConstructor (System.RuntimeTypeHandle)
ilyvion.LoadingProgress.StaticConstructorOnStartupUtilityReplacement/<CallAllAndRest>d__2:MoveNext () (at /home/runner/work/loading-progress/loading-progress/Source/ilyvion.LoadingProgress/StaticConstructorOnStartupUtilityReplacement.cs:53)
(wrapper dynamic-method) MonoMod.Utils.DynamicMethodDefinition:Verse.LongEventHandler.UpdateCurrentEnumeratorEvent_Patch1 ()
(wrapper dynamic-method) MonoMod.Utils.DynamicMethodDefinition:Verse.LongEventHandler.LongEventsUpdate_Patch1 (bool&)
(wrapper dynamic-method) MonoMod.Utils.DynamicMethodDefinition:Verse.Root.Update_Patch1 (Verse.Root)
Verse.Root_Entry:Update ()

[RelevantStatsInDescription]: Skipping dps-calculation of Foam turret as its projectile does not cause damage to health
UnityEngine.StackTraceUtility:ExtractStackTrace ()
Verse.Log:Message (string)
RelevantStatsInDescription.RelevantStatsInDescription:.cctor ()
System.Runtime.CompilerServices.RuntimeHelpers:RunClassConstructor (System.RuntimeTypeHandle)
ilyvion.LoadingProgress.StaticConstructorOnStartupUtilityReplacement/<CallAllAndRest>d__2:MoveNext () (at /home/runner/work/loading-progress/loading-progress/Source/ilyvion.LoadingProgress/StaticConstructorOnStartupUtilityReplacement.cs:53)
(wrapper dynamic-method) MonoMod.Utils.DynamicMethodDefinition:Verse.LongEventHandler.UpdateCurrentEnumeratorEvent_Patch1 ()
(wrapper dynamic-method) MonoMod.Utils.DynamicMethodDefinition:Verse.LongEventHandler.LongEventsUpdate_Patch1 (bool&)
(wrapper dynamic-method) MonoMod.Utils.DynamicMethodDefinition:Verse.Root.Update_Patch1 (Verse.Root)
Verse.Root_Entry:Update ()

[RelevantStatsInDescription]: Skipping dps-calculation of Howitzer as it has no default projectile defined
UnityEngine.StackTraceUtility:ExtractStackTrace ()
Verse.Log:Message (string)
RelevantStatsInDescription.RelevantStatsInDescription:.cctor ()
System.Runtime.CompilerServices.RuntimeHelpers:RunClassConstructor (System.RuntimeTypeHandle)
ilyvion.LoadingProgress.StaticConstructorOnStartupUtilityReplacement/<CallAllAndRest>d__2:MoveNext () (at /home/runner/work/loading-progress/loading-progress/Source/ilyvion.LoadingProgress/StaticConstructorOnStartupUtilityReplacement.cs:53)
(wrapper dynamic-method) MonoMod.Utils.DynamicMethodDefinition:Verse.LongEventHandler.UpdateCurrentEnumeratorEvent_Patch1 ()
(wrapper dynamic-method) MonoMod.Utils.DynamicMethodDefinition:Verse.LongEventHandler.LongEventsUpdate_Patch1 (bool&)
(wrapper dynamic-method) MonoMod.Utils.DynamicMethodDefinition:Verse.Root.Update_Patch1 (Verse.Root)
Verse.Root_Entry:Update ()

[RelevantStatsInDescription]: Skipping dps-calculation of EMP lobber turret as its projectile does not cause damage to health
UnityEngine.StackTraceUtility:ExtractStackTrace ()
Verse.Log:Message (string)
RelevantStatsInDescription.RelevantStatsInDescription:.cctor ()
System.Runtime.CompilerServices.RuntimeHelpers:RunClassConstructor (System.RuntimeTypeHandle)
ilyvion.LoadingProgress.StaticConstructorOnStartupUtilityReplacement/<CallAllAndRest>d__2:MoveNext () (at /home/runner/work/loading-progress/loading-progress/Source/ilyvion.LoadingProgress/StaticConstructorOnStartupUtilityReplacement.cs:53)
(wrapper dynamic-method) MonoMod.Utils.DynamicMethodDefinition:Verse.LongEventHandler.UpdateCurrentEnumeratorEvent_Patch1 ()
(wrapper dynamic-method) MonoMod.Utils.DynamicMethodDefinition:Verse.LongEventHandler.LongEventsUpdate_Patch1 (bool&)
(wrapper dynamic-method) MonoMod.Utils.DynamicMethodDefinition:Verse.Root.Update_Patch1 (Verse.Root)
Verse.Root_Entry:Update ()

[RelevantStatsInDescription]: Skipping dps-calculation of Incinerator turret as it has no default projectile defined
UnityEngine.StackTraceUtility:ExtractStackTrace ()
Verse.Log:Message (string)
RelevantStatsInDescription.RelevantStatsInDescription:.cctor ()
System.Runtime.CompilerServices.RuntimeHelpers:RunClassConstructor (System.RuntimeTypeHandle)
ilyvion.LoadingProgress.StaticConstructorOnStartupUtilityReplacement/<CallAllAndRest>d__2:MoveNext () (at /home/runner/work/loading-progress/loading-progress/Source/ilyvion.LoadingProgress/StaticConstructorOnStartupUtilityReplacement.cs:53)
(wrapper dynamic-method) MonoMod.Utils.DynamicMethodDefinition:Verse.LongEventHandler.UpdateCurrentEnumeratorEvent_Patch1 ()
(wrapper dynamic-method) MonoMod.Utils.DynamicMethodDefinition:Verse.LongEventHandler.LongEventsUpdate_Patch1 (bool&)
(wrapper dynamic-method) MonoMod.Utils.DynamicMethodDefinition:Verse.Root.Update_Patch1 (Verse.Root)
Verse.Root_Entry:Update ()

[RelevantStatsInDescription]: Skipping dps-calculation of Graser turret as it has no default projectile defined
UnityEngine.StackTraceUtility:ExtractStackTrace ()
Verse.Log:Message (string)
RelevantStatsInDescription.RelevantStatsInDescription:.cctor ()
System.Runtime.CompilerServices.RuntimeHelpers:RunClassConstructor (System.RuntimeTypeHandle)
ilyvion.LoadingProgress.StaticConstructorOnStartupUtilityReplacement/<CallAllAndRest>d__2:MoveNext () (at /home/runner/work/loading-progress/loading-progress/Source/ilyvion.LoadingProgress/StaticConstructorOnStartupUtilityReplacement.cs:53)
(wrapper dynamic-method) MonoMod.Utils.DynamicMethodDefinition:Verse.LongEventHandler.UpdateCurrentEnumeratorEvent_Patch1 ()
(wrapper dynamic-method) MonoMod.Utils.DynamicMethodDefinition:Verse.LongEventHandler.LongEventsUpdate_Patch1 (bool&)
(wrapper dynamic-method) MonoMod.Utils.DynamicMethodDefinition:Verse.Root.Update_Patch1 (Verse.Root)
Verse.Root_Entry:Update ()

[RelevantStatsInDescription]: Skipping dps-calculation of Field gun as it has no default projectile defined
UnityEngine.StackTraceUtility:ExtractStackTrace ()
Verse.Log:Message (string)
RelevantStatsInDescription.RelevantStatsInDescription:.cctor ()
System.Runtime.CompilerServices.RuntimeHelpers:RunClassConstructor (System.RuntimeTypeHandle)
ilyvion.LoadingProgress.StaticConstructorOnStartupUtilityReplacement/<CallAllAndRest>d__2:MoveNext () (at /home/runner/work/loading-progress/loading-progress/Source/ilyvion.LoadingProgress/StaticConstructorOnStartupUtilityReplacement.cs:53)
(wrapper dynamic-method) MonoMod.Utils.DynamicMethodDefinition:Verse.LongEventHandler.UpdateCurrentEnumeratorEvent_Patch1 ()
(wrapper dynamic-method) MonoMod.Utils.DynamicMethodDefinition:Verse.LongEventHandler.LongEventsUpdate_Patch1 (bool&)
(wrapper dynamic-method) MonoMod.Utils.DynamicMethodDefinition:Verse.Root.Update_Patch1 (Verse.Root)
Verse.Root_Entry:Update ()

[RelevantStatsInDescription]: Skipping dps-calculation of Graser cannon complex as it has no default projectile defined
UnityEngine.StackTraceUtility:ExtractStackTrace ()
Verse.Log:Message (string)
RelevantStatsInDescription.RelevantStatsInDescription:.cctor ()
System.Runtime.CompilerServices.RuntimeHelpers:RunClassConstructor (System.RuntimeTypeHandle)
ilyvion.LoadingProgress.StaticConstructorOnStartupUtilityReplacement/<CallAllAndRest>d__2:MoveNext () (at /home/runner/work/loading-progress/loading-progress/Source/ilyvion.LoadingProgress/StaticConstructorOnStartupUtilityReplacement.cs:53)
(wrapper dynamic-method) MonoMod.Utils.DynamicMethodDefinition:Verse.LongEventHandler.UpdateCurrentEnumeratorEvent_Patch1 ()
(wrapper dynamic-method) MonoMod.Utils.DynamicMethodDefinition:Verse.LongEventHandler.LongEventsUpdate_Patch1 (bool&)
(wrapper dynamic-method) MonoMod.Utils.DynamicMethodDefinition:Verse.Root.Update_Patch1 (Verse.Root)
Verse.Root_Entry:Update ()

[RelevantStatsInDescription]: Skipping dps-calculation of Heavy incinerator complex as it has no default projectile defined
UnityEngine.StackTraceUtility:ExtractStackTrace ()
Verse.Log:Message (string)
RelevantStatsInDescription.RelevantStatsInDescription:.cctor ()
System.Runtime.CompilerServices.RuntimeHelpers:RunClassConstructor (System.RuntimeTypeHandle)
ilyvion.LoadingProgress.StaticConstructorOnStartupUtilityReplacement/<CallAllAndRest>d__2:MoveNext () (at /home/runner/work/loading-progress/loading-progress/Source/ilyvion.LoadingProgress/StaticConstructorOnStartupUtilityReplacement.cs:53)
(wrapper dynamic-method) MonoMod.Utils.DynamicMethodDefinition:Verse.LongEventHandler.UpdateCurrentEnumeratorEvent_Patch1 ()
(wrapper dynamic-method) MonoMod.Utils.DynamicMethodDefinition:Verse.LongEventHandler.LongEventsUpdate_Patch1 (bool&)
(wrapper dynamic-method) MonoMod.Utils.DynamicMethodDefinition:Verse.Root.Update_Patch1 (Verse.Root)
Verse.Root_Entry:Update ()

[RelevantStatsInDescription]: Skipping dps-calculation of Anti-air turret as it has no default projectile defined
UnityEngine.StackTraceUtility:ExtractStackTrace ()
Verse.Log:Message (string)
RelevantStatsInDescription.RelevantStatsInDescription:.cctor ()
System.Runtime.CompilerServices.RuntimeHelpers:RunClassConstructor (System.RuntimeTypeHandle)
ilyvion.LoadingProgress.StaticConstructorOnStartupUtilityReplacement/<CallAllAndRest>d__2:MoveNext () (at /home/runner/work/loading-progress/loading-progress/Source/ilyvion.LoadingProgress/StaticConstructorOnStartupUtilityReplacement.cs:53)
(wrapper dynamic-method) MonoMod.Utils.DynamicMethodDefinition:Verse.LongEventHandler.UpdateCurrentEnumeratorEvent_Patch1 ()
(wrapper dynamic-method) MonoMod.Utils.DynamicMethodDefinition:Verse.LongEventHandler.LongEventsUpdate_Patch1 (bool&)
(wrapper dynamic-method) MonoMod.Utils.DynamicMethodDefinition:Verse.Root.Update_Patch1 (Verse.Root)
Verse.Root_Entry:Update ()

[RelevantStatsInDescription]: Skipping dps-calculation of Artillery as it has no default projectile defined
UnityEngine.StackTraceUtility:ExtractStackTrace ()
Verse.Log:Message (string)
RelevantStatsInDescription.RelevantStatsInDescription:.cctor ()
System.Runtime.CompilerServices.RuntimeHelpers:RunClassConstructor (System.RuntimeTypeHandle)
ilyvion.LoadingProgress.StaticConstructorOnStartupUtilityReplacement/<CallAllAndRest>d__2:MoveNext () (at /home/runner/work/loading-progress/loading-progress/Source/ilyvion.LoadingProgress/StaticConstructorOnStartupUtilityReplacement.cs:53)
(wrapper dynamic-method) MonoMod.Utils.DynamicMethodDefinition:Verse.LongEventHandler.UpdateCurrentEnumeratorEvent_Patch1 ()
(wrapper dynamic-method) MonoMod.Utils.DynamicMethodDefinition:Verse.LongEventHandler.LongEventsUpdate_Patch1 (bool&)
(wrapper dynamic-method) MonoMod.Utils.DynamicMethodDefinition:Verse.Root.Update_Patch1 (Verse.Root)
Verse.Root_Entry:Update ()

[RelevantStatsInDescription]: Skipping dps-calculation of Searchlight as it has no default projectile defined
UnityEngine.StackTraceUtility:ExtractStackTrace ()
Verse.Log:Message (string)
RelevantStatsInDescription.RelevantStatsInDescription:.cctor ()
System.Runtime.CompilerServices.RuntimeHelpers:RunClassConstructor (System.RuntimeTypeHandle)
ilyvion.LoadingProgress.StaticConstructorOnStartupUtilityReplacement/<CallAllAndRest>d__2:MoveNext () (at /home/runner/work/loading-progress/loading-progress/Source/ilyvion.LoadingProgress/StaticConstructorOnStartupUtilityReplacement.cs:53)
(wrapper dynamic-method) MonoMod.Utils.DynamicMethodDefinition:Verse.LongEventHandler.UpdateCurrentEnumeratorEvent_Patch1 ()
(wrapper dynamic-method) MonoMod.Utils.DynamicMethodDefinition:Verse.LongEventHandler.LongEventsUpdate_Patch1 (bool&)
(wrapper dynamic-method) MonoMod.Utils.DynamicMethodDefinition:Verse.Root.Update_Patch1 (Verse.Root)
Verse.Root_Entry:Update ()

[RelevantStatsInDescription]: Skipping dps-calculation of Tesla blaster as its projectile does not cause damage to health
UnityEngine.StackTraceUtility:ExtractStackTrace ()
Verse.Log:Message (string)
RelevantStatsInDescription.RelevantStatsInDescription:.cctor ()
System.Runtime.CompilerServices.RuntimeHelpers:RunClassConstructor (System.RuntimeTypeHandle)
ilyvion.LoadingProgress.StaticConstructorOnStartupUtilityReplacement/<CallAllAndRest>d__2:MoveNext () (at /home/runner/work/loading-progress/loading-progress/Source/ilyvion.LoadingProgress/StaticConstructorOnStartupUtilityReplacement.cs:53)
(wrapper dynamic-method) MonoMod.Utils.DynamicMethodDefinition:Verse.LongEventHandler.UpdateCurrentEnumeratorEvent_Patch1 ()
(wrapper dynamic-method) MonoMod.Utils.DynamicMethodDefinition:Verse.LongEventHandler.LongEventsUpdate_Patch1 (bool&)
(wrapper dynamic-method) MonoMod.Utils.DynamicMethodDefinition:Verse.Root.Update_Patch1 (Verse.Root)
Verse.Root_Entry:Update ()

(Research Tab Colors) Transpiler injected.
UnityEngine.StackTraceUtility:ExtractStackTrace ()
Verse.Log:Message (string)
ResearchTabColors.HarmonyPatches:MTWResearchListProjects_Transpiler (System.Collections.Generic.IEnumerable`1<HarmonyLib.CodeInstruction>)
System.Reflection.RuntimeMethodInfo:Invoke (object,System.Reflection.BindingFlags,System.Reflection.Binder,object[],System.Globalization.CultureInfo)
System.Reflection.MethodBase:Invoke (object,object[])
HarmonyLib.CodeTranspiler/<>c__DisplayClass11_0:<GetResult>b__0 (System.Reflection.MethodInfo)
System.Collections.Generic.List`1<System.Reflection.MethodInfo>:ForEach (System.Action`1<System.Reflection.MethodInfo>)
HarmonyLib.CodeTranspiler:GetResult (System.Reflection.Emit.ILGenerator,System.Reflection.MethodBase)
HarmonyLib.MethodBodyReader:FinalizeILCodes (System.Collections.Generic.List`1<System.Reflection.MethodInfo>,bool,bool&,bool&,System.Collections.Generic.List`1<System.Reflection.Emit.Label>)
HarmonyLib.MethodCopier:Finalize (bool,bool&,bool&,System.Collections.Generic.List`1<System.Reflection.Emit.Label>)
HarmonyLib.MethodCreator:CreateReplacement ()
HarmonyLib.PatchFunctions:UpdateWrapper (System.Reflection.MethodBase,HarmonyLib.PatchInfo)
HarmonyLib.PatchProcessor:Patch ()
HarmonyLib.Harmony:Patch (System.Reflection.MethodBase,HarmonyLib.HarmonyMethod,HarmonyLib.HarmonyMethod,HarmonyLib.HarmonyMethod,HarmonyLib.HarmonyMethod)
ResearchTabColors.HarmonyPatches:.cctor ()
System.Runtime.CompilerServices.RuntimeHelpers:RunClassConstructor (System.RuntimeTypeHandle)
ilyvion.LoadingProgress.StaticConstructorOnStartupUtilityReplacement/<CallAllAndRest>d__2:MoveNext () (at /home/runner/work/loading-progress/loading-progress/Source/ilyvion.LoadingProgress/StaticConstructorOnStartupUtilityReplacement.cs:53)
(wrapper dynamic-method) MonoMod.Utils.DynamicMethodDefinition:Verse.LongEventHandler.UpdateCurrentEnumeratorEvent_Patch1 ()
(wrapper dynamic-method) MonoMod.Utils.DynamicMethodDefinition:Verse.LongEventHandler.LongEventsUpdate_Patch1 (bool&)
(wrapper dynamic-method) MonoMod.Utils.DynamicMethodDefinition:Verse.Root.Update_Patch1 (Verse.Root)
Verse.Root_Entry:Update ()

[RimMercenaries] MedievalOverhaul not detected - ScribeTable integration disabled
UnityEngine.StackTraceUtility:ExtractStackTrace ()
Verse.Log:Message (string)
RimMercenaries.ScribeTable_GetCommTargets_Patch:IsMedievalOverhaulLoaded ()
RimMercenaries.ScribeTable_GetCommTargets_Patch:Prepare ()
System.Reflection.RuntimeMethodInfo:Invoke (object,System.Reflection.BindingFlags,System.Reflection.Binder,object[],System.Globalization.CultureInfo)
System.Reflection.MethodBase:Invoke (object,object[])
HarmonyLib.PatchClassProcessor:RunMethod<HarmonyLib.HarmonyPrepare, bool> (bool,bool,System.Func`2<bool, string>,object[])
HarmonyLib.PatchClassProcessor:Patch ()
HarmonyLib.Harmony:<PatchAll>b__10_1 (System.Type)
HarmonyLib.CollectionExtensions:Do<System.Type> (System.Collections.Generic.IEnumerable`1<System.Type>,System.Action`1<System.Type>)
HarmonyLib.CollectionExtensions:DoIf<System.Type> (System.Collections.Generic.IEnumerable`1<System.Type>,System.Func`2<System.Type, bool>,System.Action`1<System.Type>)
HarmonyLib.Harmony:PatchAll (System.Reflection.Assembly)
RimMercenaries.RimMercenaries:.cctor ()
System.Runtime.CompilerServices.RuntimeHelpers:RunClassConstructor (System.RuntimeTypeHandle)
ilyvion.LoadingProgress.StaticConstructorOnStartupUtilityReplacement/<CallAllAndRest>d__2:MoveNext () (at /home/runner/work/loading-progress/loading-progress/Source/ilyvion.LoadingProgress/StaticConstructorOnStartupUtilityReplacement.cs:53)
(wrapper dynamic-method) MonoMod.Utils.DynamicMethodDefinition:Verse.LongEventHandler.UpdateCurrentEnumeratorEvent_Patch1 ()
(wrapper dynamic-method) MonoMod.Utils.DynamicMethodDefinition:Verse.LongEventHandler.LongEventsUpdate_Patch1 (bool&)
(wrapper dynamic-method) MonoMod.Utils.DynamicMethodDefinition:Verse.Root.Update_Patch1 (Verse.Root)
Verse.Root_Entry:Update ()

[RimMercenaries] Skipping ScribeTable patch - MedievalOverhaul not loaded
UnityEngine.StackTraceUtility:ExtractStackTrace ()
Verse.Log:Message (string)
RimMercenaries.ScribeTable_GetCommTargets_Patch:Prepare ()
System.Reflection.RuntimeMethodInfo:Invoke (object,System.Reflection.BindingFlags,System.Reflection.Binder,object[],System.Globalization.CultureInfo)
System.Reflection.MethodBase:Invoke (object,object[])
HarmonyLib.PatchClassProcessor:RunMethod<HarmonyLib.HarmonyPrepare, bool> (bool,bool,System.Func`2<bool, string>,object[])
HarmonyLib.PatchClassProcessor:Patch ()
HarmonyLib.Harmony:<PatchAll>b__10_1 (System.Type)
HarmonyLib.CollectionExtensions:Do<System.Type> (System.Collections.Generic.IEnumerable`1<System.Type>,System.Action`1<System.Type>)
HarmonyLib.CollectionExtensions:DoIf<System.Type> (System.Collections.Generic.IEnumerable`1<System.Type>,System.Func`2<System.Type, bool>,System.Action`1<System.Type>)
HarmonyLib.Harmony:PatchAll (System.Reflection.Assembly)
RimMercenaries.RimMercenaries:.cctor ()
System.Runtime.CompilerServices.RuntimeHelpers:RunClassConstructor (System.RuntimeTypeHandle)
ilyvion.LoadingProgress.StaticConstructorOnStartupUtilityReplacement/<CallAllAndRest>d__2:MoveNext () (at /home/runner/work/loading-progress/loading-progress/Source/ilyvion.LoadingProgress/StaticConstructorOnStartupUtilityReplacement.cs:53)
(wrapper dynamic-method) MonoMod.Utils.DynamicMethodDefinition:Verse.LongEventHandler.UpdateCurrentEnumeratorEvent_Patch1 ()
(wrapper dynamic-method) MonoMod.Utils.DynamicMethodDefinition:Verse.LongEventHandler.LongEventsUpdate_Patch1 (bool&)
(wrapper dynamic-method) MonoMod.Utils.DynamicMethodDefinition:Verse.Root.Update_Patch1 (Verse.Root)
Verse.Root_Entry:Update ()

[RimMercenaries] Mod Initialized. Added Mercenary functionality to Comms Console.
UnityEngine.StackTraceUtility:ExtractStackTrace ()
Verse.Log:Message (string)
RimMercenaries.RimMercenaries:.cctor ()
System.Runtime.CompilerServices.RuntimeHelpers:RunClassConstructor (System.RuntimeTypeHandle)
ilyvion.LoadingProgress.StaticConstructorOnStartupUtilityReplacement/<CallAllAndRest>d__2:MoveNext () (at /home/runner/work/loading-progress/loading-progress/Source/ilyvion.LoadingProgress/StaticConstructorOnStartupUtilityReplacement.cs:53)
(wrapper dynamic-method) MonoMod.Utils.DynamicMethodDefinition:Verse.LongEventHandler.UpdateCurrentEnumeratorEvent_Patch1 ()
(wrapper dynamic-method) MonoMod.Utils.DynamicMethodDefinition:Verse.LongEventHandler.LongEventsUpdate_Patch1 (bool&)
(wrapper dynamic-method) MonoMod.Utils.DynamicMethodDefinition:Verse.Root.Update_Patch1 (Verse.Root)
Verse.Root_Entry:Update ()

[SmashPhil.SmashTools] Applying compatibility patch for Jaxe.RimHUD. Active: Yes
[SmashPhil.VehicleFramework] Applying compatibility patch for CaesarV6.DamageIndicators. Active: Yes
[SmashPhil.VehicleFramework] Applying compatibility patch for Jaxe.RimHUD. Active: Yes
[SmashPhil.VehicleFramework] Applying compatibility patch for ludeon.rimworld.odyssey. Active: Yes
UnityEngine.StackTraceUtility:ExtractStackTrace ()
Verse.Log:Message (string)
SmashTools.Patching.ConditionalPatches:DumpPatchReport () (at C:/Program Files (x86)/Steam/steamapps/common/RimWorld/Mods/Vehicle-Framework/SmashTools/SmashTools/SmashTools/Patching/Harmony/ConditionalPatches.cs:78)
SmashTools.ProjectStartup:.cctor () (at C:/Program Files (x86)/Steam/steamapps/common/RimWorld/Mods/Vehicle-Framework/SmashTools/SmashTools/SmashTools/ProjectStartup.cs:38)
System.Runtime.CompilerServices.RuntimeHelpers:RunClassConstructor (System.RuntimeTypeHandle)
ilyvion.LoadingProgress.StaticConstructorOnStartupUtilityReplacement/<CallAllAndRest>d__2:MoveNext () (at /home/runner/work/loading-progress/loading-progress/Source/ilyvion.LoadingProgress/StaticConstructorOnStartupUtilityReplacement.cs:53)
(wrapper dynamic-method) MonoMod.Utils.DynamicMethodDefinition:Verse.LongEventHandler.UpdateCurrentEnumeratorEvent_Patch1 ()
(wrapper dynamic-method) MonoMod.Utils.DynamicMethodDefinition:Verse.LongEventHandler.LongEventsUpdate_Patch1 (bool&)
(wrapper dynamic-method) MonoMod.Utils.DynamicMethodDefinition:Verse.Root.Update_Patch1 (Verse.Root)
Verse.Root_Entry:Update ()

[VehicleFramework] version 1.6.2144
UnityEngine.StackTraceUtility:ExtractStackTrace ()
Verse.Log:Message (string)
Vehicles.VehicleHarmony:.cctor () (at C:/Program Files (x86)/Steam/steamapps/common/RimWorld/Mods/Vehicle-Framework/Source/Vehicles/Harmony/VehicleHarmony.cs:41)
System.Runtime.CompilerServices.RuntimeHelpers:RunClassConstructor (System.RuntimeTypeHandle)
ilyvion.LoadingProgress.StaticConstructorOnStartupUtilityReplacement/<CallAllAndRest>d__2:MoveNext () (at /home/runner/work/loading-progress/loading-progress/Source/ilyvion.LoadingProgress/StaticConstructorOnStartupUtilityReplacement.cs:53)
(wrapper dynamic-method) MonoMod.Utils.DynamicMethodDefinition:Verse.LongEventHandler.UpdateCurrentEnumeratorEvent_Patch1 ()
(wrapper dynamic-method) MonoMod.Utils.DynamicMethodDefinition:Verse.LongEventHandler.LongEventsUpdate_Patch1 (bool&)
(wrapper dynamic-method) MonoMod.Utils.DynamicMethodDefinition:Verse.Root.Update_Patch1 (Verse.Root)
Verse.Root_Entry:Update ()

[UseThisInstead]: Found 1 replacements
UnityEngine.StackTraceUtility:ExtractStackTrace ()
Verse.Log:Message (string)
UseThisInstead.UseThisInstead:logMessage (string,bool,bool)
UseThisInstead.UseThisInstead:checkForReplacements ()
UseThisInstead.UseThisInstead/<>c:<CheckForReplacements>b__26_0 ()
System.Threading.ThreadHelper:ThreadStart_Context (object)
System.Threading.ExecutionContext:RunInternal (System.Threading.ExecutionContext,System.Threading.ContextCallback,object,bool)
System.Threading.ExecutionContext:Run (System.Threading.ExecutionContext,System.Threading.ContextCallback,object,bool)
System.Threading.ExecutionContext:Run (System.Threading.ExecutionContext,System.Threading.ContextCallback,object)
System.Threading.ThreadHelper:ThreadStart ()

PickUpAndHaul v1.1.2¼ welcomes you to RimWorld with pointless logspam.
UnityEngine.StackTraceUtility:ExtractStackTrace ()
Verse.Log:Message (string)
PickUpAndHaul.HarmonyPatches:.cctor ()
System.Runtime.CompilerServices.RuntimeHelpers:RunClassConstructor (System.RuntimeTypeHandle)
ilyvion.LoadingProgress.StaticConstructorOnStartupUtilityReplacement/<CallAllAndRest>d__2:MoveNext () (at /home/runner/work/loading-progress/loading-progress/Source/ilyvion.LoadingProgress/StaticConstructorOnStartupUtilityReplacement.cs:53)
(wrapper dynamic-method) MonoMod.Utils.DynamicMethodDefinition:Verse.LongEventHandler.UpdateCurrentEnumeratorEvent_Patch1 ()
(wrapper dynamic-method) MonoMod.Utils.DynamicMethodDefinition:Verse.LongEventHandler.LongEventsUpdate_Patch1 (bool&)
(wrapper dynamic-method) MonoMod.Utils.DynamicMethodDefinition:Verse.Root.Update_Patch1 (Verse.Root)
Verse.Root_Entry:Update ()

[GeneExpandedHair] harmony patch succeeded.
UnityEngine.StackTraceUtility:ExtractStackTrace ()
Verse.Log:Message (string)
LFSGenesExpandedHair.HarmonyPatch:.cctor ()
System.Runtime.CompilerServices.RuntimeHelpers:RunClassConstructor (System.RuntimeTypeHandle)
ilyvion.LoadingProgress.StaticConstructorOnStartupUtilityReplacement/<CallAllAndRest>d__2:MoveNext () (at /home/runner/work/loading-progress/loading-progress/Source/ilyvion.LoadingProgress/StaticConstructorOnStartupUtilityReplacement.cs:53)
(wrapper dynamic-method) MonoMod.Utils.DynamicMethodDefinition:Verse.LongEventHandler.UpdateCurrentEnumeratorEvent_Patch1 ()
(wrapper dynamic-method) MonoMod.Utils.DynamicMethodDefinition:Verse.LongEventHandler.LongEventsUpdate_Patch1 (bool&)
(wrapper dynamic-method) MonoMod.Utils.DynamicMethodDefinition:Verse.Root.Update_Patch1 (Verse.Root)
Verse.Root_Entry:Update ()

Error in static constructor of DoTheRitualsYourselves.RitualLister: System.TypeInitializationException: The type initializer for 'DoTheRitualsYourselves.RitualLister' threw an exception. ---> System.Reflection.TargetInvocationException: Exception has been thrown by the target of an invocation. ---> System.NullReferenceException: Object reference not set to an instance of an object
[Ref 908BD364] Duplicate stacktrace, see ref for original
   --- End of inner exception stack trace ---
[Ref DFD7F4B2] Duplicate stacktrace, see ref for original
   --- End of inner exception stack trace ---
[Ref 26145C16]
(wrapper managed-to-native) System.Runtime.CompilerServices.RuntimeHelpers.RunClassConstructor(intptr)
  at System.Runtime.CompilerServices.RuntimeHelpers.RunClassConstructor (System.RuntimeTypeHandle type) [0x0002a] in <51fded79cd284d4d911c5949aff4cb21>:0 
  at Verse.StaticConstructorOnStartupUtility.CallAll () [0x00028] in <61e4173561894da49d210260257b5097>:0 
    - POSTFIX LunarFramework.Bootstrap: Void LunarFramework.Internal.Patches.Patch_Verse_StaticConstructorOnStartupUtility:CallAll_Postfix()
UnityEngine.StackTraceUtility:ExtractStackTrace ()
(wrapper dynamic-method) MonoMod.Utils.DynamicMethodDefinition:Verse.Log.Error_Patch1 (string)
(wrapper dynamic-method) MonoMod.Utils.DynamicMethodDefinition:Verse.StaticConstructorOnStartupUtility.CallAll_Patch1 ()
ilyvion.LoadingProgress.StaticConstructorOnStartupUtilityReplacement/<CallAllAndRest>d__2:MoveNext () (at /home/runner/work/loading-progress/loading-progress/Source/ilyvion.LoadingProgress/StaticConstructorOnStartupUtilityReplacement.cs:87)
(wrapper dynamic-method) MonoMod.Utils.DynamicMethodDefinition:Verse.LongEventHandler.UpdateCurrentEnumeratorEvent_Patch1 ()
(wrapper dynamic-method) MonoMod.Utils.DynamicMethodDefinition:Verse.LongEventHandler.LongEventsUpdate_Patch1 (bool&)
(wrapper dynamic-method) MonoMod.Utils.DynamicMethodDefinition:Verse.Root.Update_Patch1 (Verse.Root)
Verse.Root_Entry:Update ()

MVCF successfully applied 58 patches
UnityEngine.StackTraceUtility:ExtractStackTrace ()
Verse.Log:Message (string)
MVCF.Patch:PrintSummary ()
MVCF.MVCF/<>c:<CollectFeatureData>b__15_0 ()
ilyvion.LoadingProgress.LongEventHandler_ExecuteToExecuteWhenFinished_Patches/<ExecuteToExecuteWhenFinished>d__3:MoveNext () (at /home/runner/work/loading-progress/loading-progress/Source/ilyvion.LoadingProgress/LongEventHandler_ExecuteToExecuteWhenFinished_Patches.cs:330)
(wrapper dynamic-method) MonoMod.Utils.DynamicMethodDefinition:Verse.LongEventHandler.UpdateCurrentEnumeratorEvent_Patch1 ()
(wrapper dynamic-method) MonoMod.Utils.DynamicMethodDefinition:Verse.LongEventHandler.LongEventsUpdate_Patch1 (bool&)
(wrapper dynamic-method) MonoMod.Utils.DynamicMethodDefinition:Verse.Root.Update_Patch1 (Verse.Root)
Verse.Root_Entry:Update ()

[ShieldGenerator] Custom parameters applied.
UnityEngine.StackTraceUtility:ExtractStackTrace ()
Verse.Log:Message (string)
RimworldShieldGenerator.RimworldShieldGenerator_Initializer:ApplySettings ()
ilyvion.LoadingProgress.LongEventHandler_ExecuteToExecuteWhenFinished_Patches/<ExecuteToExecuteWhenFinished>d__3:MoveNext () (at /home/runner/work/loading-progress/loading-progress/Source/ilyvion.LoadingProgress/LongEventHandler_ExecuteToExecuteWhenFinished_Patches.cs:330)
(wrapper dynamic-method) MonoMod.Utils.DynamicMethodDefinition:Verse.LongEventHandler.UpdateCurrentEnumeratorEvent_Patch1 ()
(wrapper dynamic-method) MonoMod.Utils.DynamicMethodDefinition:Verse.LongEventHandler.LongEventsUpdate_Patch1 (bool&)
(wrapper dynamic-method) MonoMod.Utils.DynamicMethodDefinition:Verse.Root.Update_Patch1 (Verse.Root)
Verse.Root_Entry:Update ()

[TMM] Auto capitalization fix: scanned=15101, changed=1255, time=32ms
UnityEngine.StackTraceUtility:ExtractStackTrace ()
Verse.Log:Message (string)
TooManyMods.TMM_AutoCapitalizationFix:ApplyIfEnabled ()
ilyvion.LoadingProgress.LongEventHandler_ExecuteToExecuteWhenFinished_Patches/<ExecuteToExecuteWhenFinished>d__3:MoveNext () (at /home/runner/work/loading-progress/loading-progress/Source/ilyvion.LoadingProgress/LongEventHandler_ExecuteToExecuteWhenFinished_Patches.cs:330)
(wrapper dynamic-method) MonoMod.Utils.DynamicMethodDefinition:Verse.LongEventHandler.UpdateCurrentEnumeratorEvent_Patch1 ()
(wrapper dynamic-method) MonoMod.Utils.DynamicMethodDefinition:Verse.LongEventHandler.LongEventsUpdate_Patch1 (bool&)
(wrapper dynamic-method) MonoMod.Utils.DynamicMethodDefinition:Verse.Root.Update_Patch1 (Verse.Root)
Verse.Root_Entry:Update ()

CharacterEditor v1.6.3 initializing...
UnityEngine.StackTraceUtility:ExtractStackTrace ()
Verse.Log:Message (string)
CharacterEditor.CEditor:.ctor ()
CharacterEditor.CEditor:OnMainMenuInit ()
(wrapper dynamic-method) MonoMod.Utils.DynamicMethodDefinition:RimWorld.MainMenuDrawer.Init_Patch4 ()
(wrapper dynamic-method) MonoMod.Utils.DynamicMethodDefinition:Verse.UIRoot_Entry.Init_Patch3 (Verse.UIRoot_Entry)
Verse.Root:<Start>b__10_0 ()
Verse.LongEventHandler:UpdateCurrentSynchronousEvent (bool&)
(wrapper dynamic-method) MonoMod.Utils.DynamicMethodDefinition:Verse.LongEventHandler.LongEventsUpdate_Patch1 (bool&)
(wrapper dynamic-method) MonoMod.Utils.DynamicMethodDefinition:Verse.Root.Update_Patch1 (Verse.Root)
Verse.Root_Entry:Update ()

updating labels for english...
UnityEngine.StackTraceUtility:ExtractStackTrace ()
Verse.Log:Message (string)
CharacterEditor.Label:UpdateLabels ()
CharacterEditor.CEditor/ModOptions:ReInit ()
CharacterEditor.CEditor/ModOptions:.ctor ()
CharacterEditor.CEditor/ModData:CreateType (CharacterEditor.EType)
CharacterEditor.CEditor/ModData:Get<CharacterEditor.CEditor/ModOptions> (CharacterEditor.EType)
CharacterEditor.CEditor/ModData:.ctor ()
CharacterEditor.CEditor:.ctor ()
CharacterEditor.CEditor:OnMainMenuInit ()
(wrapper dynamic-method) MonoMod.Utils.DynamicMethodDefinition:RimWorld.MainMenuDrawer.Init_Patch4 ()
(wrapper dynamic-method) MonoMod.Utils.DynamicMethodDefinition:Verse.UIRoot_Entry.Init_Patch3 (Verse.UIRoot_Entry)
Verse.Root:<Start>b__10_0 ()
Verse.LongEventHandler:UpdateCurrentSynchronousEvent (bool&)
(wrapper dynamic-method) MonoMod.Utils.DynamicMethodDefinition:Verse.LongEventHandler.LongEventsUpdate_Patch1 (bool&)
(wrapper dynamic-method) MonoMod.Utils.DynamicMethodDefinition:Verse.Root.Update_Patch1 (Verse.Root)
Verse.Root_Entry:Update ()

loading pawn slot content from file...
UnityEngine.StackTraceUtility:ExtractStackTrace ()
Verse.Log:Message (string)
CharacterEditor.CEditor/ModOptions:LoadSlots (string)
CharacterEditor.CEditor/ModOptions:ReInit ()
CharacterEditor.CEditor/ModOptions:.ctor ()
CharacterEditor.CEditor/ModData:CreateType (CharacterEditor.EType)
CharacterEditor.CEditor/ModData:Get<CharacterEditor.CEditor/ModOptions> (CharacterEditor.EType)
CharacterEditor.CEditor/ModData:.ctor ()
CharacterEditor.CEditor:.ctor ()
CharacterEditor.CEditor:OnMainMenuInit ()
(wrapper dynamic-method) MonoMod.Utils.DynamicMethodDefinition:RimWorld.MainMenuDrawer.Init_Patch4 ()
(wrapper dynamic-method) MonoMod.Utils.DynamicMethodDefinition:Verse.UIRoot_Entry.Init_Patch3 (Verse.UIRoot_Entry)
Verse.Root:<Start>b__10_0 ()
Verse.LongEventHandler:UpdateCurrentSynchronousEvent (bool&)
(wrapper dynamic-method) MonoMod.Utils.DynamicMethodDefinition:Verse.LongEventHandler.LongEventsUpdate_Patch1 (bool&)
(wrapper dynamic-method) MonoMod.Utils.DynamicMethodDefinition:Verse.Root.Update_Patch1 (Verse.Root)
Verse.Root_Entry:Update ()

character editor instance created
UnityEngine.StackTraceUtility:ExtractStackTrace ()
Verse.Log:Message (string)
CharacterEditor.CEditor:.ctor ()
CharacterEditor.CEditor:OnMainMenuInit ()
(wrapper dynamic-method) MonoMod.Utils.DynamicMethodDefinition:RimWorld.MainMenuDrawer.Init_Patch4 ()
(wrapper dynamic-method) MonoMod.Utils.DynamicMethodDefinition:Verse.UIRoot_Entry.Init_Patch3 (Verse.UIRoot_Entry)
Verse.Root:<Start>b__10_0 ()
Verse.LongEventHandler:UpdateCurrentSynchronousEvent (bool&)
(wrapper dynamic-method) MonoMod.Utils.DynamicMethodDefinition:Verse.LongEventHandler.LongEventsUpdate_Patch1 (bool&)
(wrapper dynamic-method) MonoMod.Utils.DynamicMethodDefinition:Verse.Root.Update_Patch1 (Verse.Root)
Verse.Root_Entry:Update ()

checking editor settings...
UnityEngine.StackTraceUtility:ExtractStackTrace ()
Verse.Log:Message (string)
CharacterEditor.CEditor/ModData:OnSettingsChanged (bool,bool)
CharacterEditor.CEditor:OnSettingsChanged (bool,bool)
CharacterEditor.CEditor:OnMainMenuInit ()
(wrapper dynamic-method) MonoMod.Utils.DynamicMethodDefinition:RimWorld.MainMenuDrawer.Init_Patch4 ()
(wrapper dynamic-method) MonoMod.Utils.DynamicMethodDefinition:Verse.UIRoot_Entry.Init_Patch3 (Verse.UIRoot_Entry)
Verse.Root:<Start>b__10_0 ()
Verse.LongEventHandler:UpdateCurrentSynchronousEvent (bool&)
(wrapper dynamic-method) MonoMod.Utils.DynamicMethodDefinition:Verse.LongEventHandler.LongEventsUpdate_Patch1 (bool&)
(wrapper dynamic-method) MonoMod.Utils.DynamicMethodDefinition:Verse.Root.Update_Patch1 (Verse.Root)
Verse.Root_Entry:Update ()

bodysizes genes are active
UnityEngine.StackTraceUtility:ExtractStackTrace ()
Verse.Log:Message (string)
CharacterEditor.GeneTool:EnDisableBodySizeGenes ()
CharacterEditor.CEditor/ModData:OnSettingsChanged (bool,bool)
CharacterEditor.CEditor:OnSettingsChanged (bool,bool)
CharacterEditor.CEditor:OnMainMenuInit ()
(wrapper dynamic-method) MonoMod.Utils.DynamicMethodDefinition:RimWorld.MainMenuDrawer.Init_Patch4 ()
(wrapper dynamic-method) MonoMod.Utils.DynamicMethodDefinition:Verse.UIRoot_Entry.Init_Patch3 (Verse.UIRoot_Entry)
Verse.Root:<Start>b__10_0 ()
Verse.LongEventHandler:UpdateCurrentSynchronousEvent (bool&)
(wrapper dynamic-method) MonoMod.Utils.DynamicMethodDefinition:Verse.LongEventHandler.LongEventsUpdate_Patch1 (bool&)
(wrapper dynamic-method) MonoMod.Utils.DynamicMethodDefinition:Verse.Root.Update_Patch1 (Verse.Root)
Verse.Root_Entry:Update ()

CharacterEditor v1.6.3 ...done
UnityEngine.StackTraceUtility:ExtractStackTrace ()
Verse.Log:Message (string)
CharacterEditor.CEditor:OnMainMenuInit ()
(wrapper dynamic-method) MonoMod.Utils.DynamicMethodDefinition:RimWorld.MainMenuDrawer.Init_Patch4 ()
(wrapper dynamic-method) MonoMod.Utils.DynamicMethodDefinition:Verse.UIRoot_Entry.Init_Patch3 (Verse.UIRoot_Entry)
Verse.Root:<Start>b__10_0 ()
Verse.LongEventHandler:UpdateCurrentSynchronousEvent (bool&)
(wrapper dynamic-method) MonoMod.Utils.DynamicMethodDefinition:Verse.LongEventHandler.LongEventsUpdate_Patch1 (bool&)
(wrapper dynamic-method) MonoMod.Utils.DynamicMethodDefinition:Verse.Root.Update_Patch1 (Verse.Root)
Verse.Root_Entry:Update ()

CameraPlus: Found mod at D:\SteamLibrary\steamapps\workshop\content\294100\867467808
UnityEngine.StackTraceUtility:ExtractStackTrace ()
Verse.Log:Message (string)
CameraPlus.Assets:LoadAssetBundle ()
(wrapper dynamic-method) MonoMod.Utils.DynamicMethodDefinition:Verse.UIRoot_Entry.Init_Patch3 (Verse.UIRoot_Entry)
Verse.Root:<Start>b__10_0 ()
Verse.LongEventHandler:UpdateCurrentSynchronousEvent (bool&)
(wrapper dynamic-method) MonoMod.Utils.DynamicMethodDefinition:Verse.LongEventHandler.LongEventsUpdate_Patch1 (bool&)
(wrapper dynamic-method) MonoMod.Utils.DynamicMethodDefinition:Verse.Root.Update_Patch1 (Verse.Root)
Verse.Root_Entry:Update ()

[AllowTool] Applied compatibility patch for "Pick Up And Haul"
UnityEngine.StackTraceUtility:ExtractStackTrace ()
Verse.Log:Message (string)
HugsLib.Utils.ModLogger:Message (string,object[])
AllowTool.PickUpAndHaulCompatHandler:Apply ()
Verse.LongEventHandler:UpdateCurrentSynchronousEvent (bool&)
(wrapper dynamic-method) MonoMod.Utils.DynamicMethodDefinition:Verse.LongEventHandler.LongEventsUpdate_Patch1 (bool&)
(wrapper dynamic-method) MonoMod.Utils.DynamicMethodDefinition:Verse.Root.Update_Patch1 (Verse.Root)
Verse.Root_Entry:Update ()

<color=#66ffb5>[MeleeAnim]</color> Potential patch conflicts (22):
UnityEngine.StackTraceUtility:ExtractStackTrace ()
Verse.Log:Warning (string)
AM.Core:Warn (string)
AM.Core:LogPotentialConflicts (HarmonyLib.Harmony)
AM.Core/<>c:<.ctor>b__25_3 ()
AM.Core:<AddLateLoadEvents>b__28_0 ()
Verse.LongEventHandler:RunEventFromAnotherThread (System.Action)
Verse.LongEventHandler/<>c:<UpdateCurrentAsynchronousEvent>b__28_0 ()
System.Threading.ThreadHelper:ThreadStart_Context (object)
System.Threading.ExecutionContext:RunInternal (System.Threading.ExecutionContext,System.Threading.ContextCallback,object,bool)
System.Threading.ExecutionContext:Run (System.Threading.ExecutionContext,System.Threading.ContextCallback,object,bool)
System.Threading.ExecutionContext:Run (System.Threading.ExecutionContext,System.Threading.ContextCallback,object)
System.Threading.ThreadHelper:ThreadStart ()

<color=#66ffb5>[MeleeAnim]</color> 
static System.Void Verse.PawnRenderUtility::DrawEquipmentAiming(Verse.Thing eq, UnityEngine.Vector3 drawLoc, System.Single aimAngle)
Prefixes:
  [OskarPotocki.VEF] Prefix
  [OskarPotocki.VEF] Prefix
  [OskarPotocki.VEF] DrawEquipmentAimingPrefix
  [co.uk.epicguru.meleeanimation] Prefix
  [VFEPirates.Mod] Prefix
  [OskarPotocki.VEF] DrawDuplicate
  [com.github.automatic1111.gunplay] Prefix
Transpilers:
Postfixes:

Verse.PreRenderResults Verse.PawnRenderer::ParallelGetPreRenderResults(UnityEngine.Vector3 drawLoc, System.Nullable`1<Verse.Rot4> rotOverride, System.Boolean neverAimWeapon, System.Boolean disableCache)
Prefixes:
  [OskarPotocki.VEF] Prefix
  [com.yayo.yayoAni] Prefix
  [SmashPhil.VehicleFramework] DisableCachingPawnOverlays
  [RedMattis.BetterPrerequisites] Prefix
  [rimworld.Nals.FacialAnimation] PrefixParallelGetPreRenderResults
  [GiddyUp] Prefix
Transpilers:
  [com.yayo.yayoAni] Transpiler
Postfixes:
  [co.uk.epicguru.meleeanimation] Postfix

System.Void Verse.PawnRenderer::RenderPawnAt(UnityEngine.Vector3 drawLoc, System.Nullable`1<Verse.Rot4> rotOverride, System.Boolean neverAimWeapon)
Prefixes:
  [net.pardeike.rimworld.mod.camera+] Prefix
  [VREAndroidsMod] Prefix
  [co.uk.epicguru.meleeanimation] Prefix
  [com.otters.rimworld.mod.Tents] Prefix
Transpilers:
Postfixes:
  [VREAndroidsMod] Postfix
  [co.uk.epicguru.meleeanimation] Postfix

static System.Collections.Generic.List`1<Verse.FloatMenuOption> RimWorld.FloatMenuMakerMap::GetOptions(System.Collections.Generic.List`1<Verse.Pawn> selectedPawns, UnityEngine.Vector3 clickPos, RimWorld.FloatMenuContext& context)
Prefixes:
Transpilers:
Postfixes:
  [co.uk.epicguru.meleeanimation] Postfix
  [RedMattis.BetterPrerequisites] Postfix

static System.Void Verse.PawnGenerator::GenerateGearFor(Verse.Pawn pawn, Verse.PawnGenerationRequest request)
Prefixes:
Transpilers:
Postfixes:
  [co.uk.epicguru.meleeanimation] Postfix
  [PeteTimesSix.SimpleSidearms] GenerateGearFor

System.Void Verse.PawnRenderTree::ParallelPreDraw(Verse.PawnDrawParms parms)
Prefixes:
  [co.uk.epicguru.meleeanimation] Prefix
Transpilers:
Postfixes:
  [co.uk.epicguru.meleeanimation] Postfix
  [rimworld.Nals.FacialAnimation] PostfixParallelPreDraw

System.Void RimWorld.Pawn_ApparelTracker::Notify_ApparelChanged()
Prefixes:
  [co.uk.epicguru.meleeanimation] Prefix
Transpilers:
Postfixes:
  [costel.layeredapparel] Postfix_NotifyApparelChanged

virtual System.Boolean RimWorld.Verb_MeleeAttack::TryCastShot()
Prefixes:
  [co.uk.epicguru.meleeanimation] Prefix
Transpilers:
Postfixes:
  [PeteTimesSix.SimpleSidearms] TryCastShot

UnityEngine.StackTraceUtility:ExtractStackTrace ()
Verse.Log:Warning (string)
AM.Core:Warn (string)
AM.Core:LogPotentialConflicts (HarmonyLib.Harmony)
AM.Core/<>c:<.ctor>b__25_3 ()
AM.Core:<AddLateLoadEvents>b__28_0 ()
Verse.LongEventHandler:RunEventFromAnotherThread (System.Action)
Verse.LongEventHandler/<>c:<UpdateCurrentAsynchronousEvent>b__28_0 ()
System.Threading.ThreadHelper:ThreadStart_Context (object)
System.Threading.ExecutionContext:RunInternal (System.Threading.ExecutionContext,System.Threading.ContextCallback,object,bool)
System.Threading.ExecutionContext:Run (System.Threading.ExecutionContext,System.Threading.ContextCallback,object,bool)
System.Threading.ExecutionContext:Run (System.Threading.ExecutionContext,System.Threading.ContextCallback,object)
System.Threading.ThreadHelper:ThreadStart ()

<color=#66ffb5>[MeleeAnim]</color> Full patch list:
UnityEngine.StackTraceUtility:ExtractStackTrace ()
Verse.Log:Message (string)
AM.Core:Log (string)
AM.Core:LogPotentialConflicts (HarmonyLib.Harmony)
AM.Core/<>c:<.ctor>b__25_3 ()
AM.Core:<AddLateLoadEvents>b__28_0 ()
Verse.LongEventHandler:RunEventFromAnotherThread (System.Action)
Verse.LongEventHandler/<>c:<UpdateCurrentAsynchronousEvent>b__28_0 ()
System.Threading.ThreadHelper:ThreadStart_Context (object)
System.Threading.ExecutionContext:RunInternal (System.Threading.ExecutionContext,System.Threading.ContextCallback,object,bool)
System.Threading.ExecutionContext:Run (System.Threading.ExecutionContext,System.Threading.ContextCallback,object,bool)
System.Threading.ExecutionContext:Run (System.Threading.ExecutionContext,System.Threading.ContextCallback,object)
System.Threading.ThreadHelper:ThreadStart ()

<color=#66ffb5>[MeleeAnim]</color> 
static System.Void Verse.PawnRenderUtility::DrawEquipmentAiming(Verse.Thing eq, UnityEngine.Vector3 drawLoc, System.Single aimAngle)
Prefixes:
  [OskarPotocki.VEF] Prefix
  [OskarPotocki.VEF] Prefix
  [OskarPotocki.VEF] DrawEquipmentAimingPrefix
  [co.uk.epicguru.meleeanimation] Prefix
  [VFEPirates.Mod] Prefix
  [OskarPotocki.VEF] DrawDuplicate
  [com.github.automatic1111.gunplay] Prefix
Transpilers:
Postfixes:

Verse.PreRenderResults Verse.PawnRenderer::ParallelGetPreRenderResults(UnityEngine.Vector3 drawLoc, System.Nullable`1<Verse.Rot4> rotOverride, System.Boolean neverAimWeapon, System.Boolean disableCache)
Prefixes:
  [OskarPotocki.VEF] Prefix
  [com.yayo.yayoAni] Prefix
  [SmashPhil.VehicleFramework] DisableCachingPawnOverlays
  [RedMattis.BetterPrerequisites] Prefix
  [rimworld.Nals.FacialAnimation] PrefixParallelGetPreRenderResults
  [GiddyUp] Prefix
Transpilers:
  [com.yayo.yayoAni] Transpiler
Postfixes:
  [co.uk.epicguru.meleeanimation] Postfix

System.Void Verse.PawnRenderer::RenderPawnAt(UnityEngine.Vector3 drawLoc, System.Nullable`1<Verse.Rot4> rotOverride, System.Boolean neverAimWeapon)
Prefixes:
  [net.pardeike.rimworld.mod.camera+] Prefix
  [VREAndroidsMod] Prefix
  [co.uk.epicguru.meleeanimation] Prefix
  [com.otters.rimworld.mod.Tents] Prefix
Transpilers:
Postfixes:
  [VREAndroidsMod] Postfix
  [co.uk.epicguru.meleeanimation] Postfix

System.Void RimWorld.Building_ProximityDetector::RunDetection()
Prefixes:
  [co.uk.epicguru.meleeanimation] Prefix
Transpilers:
Postfixes:
  [co.uk.epicguru.meleeanimation] Postfix

static System.Collections.Generic.List`1<Verse.FloatMenuOption> RimWorld.FloatMenuMakerMap::GetOptions(System.Collections.Generic.List`1<Verse.Pawn> selectedPawns, UnityEngine.Vector3 clickPos, RimWorld.FloatMenuContext& context)
Prefixes:
Transpilers:
Postfixes:
  [co.uk.epicguru.meleeanimation] Postfix
  [RedMattis.BetterPrerequisites] Postfix

System.Boolean Verse.HediffSet::get_HasHead()
Prefixes:
  [co.uk.epicguru.meleeanimation] Prefix
Transpilers:
Postfixes:

static System.Boolean RimWorld.InvisibilityUtility::IsPsychologicallyInvisible(Verse.Pawn pawn)
Prefixes:
  [co.uk.epicguru.meleeanimation] Prefix
Transpilers:
Postfixes:

static System.Void Verse.PawnGenerator::GenerateGearFor(Verse.Pawn pawn, Verse.PawnGenerationRequest request)
Prefixes:
Transpilers:
Postfixes:
  [co.uk.epicguru.meleeanimation] Postfix
  [PeteTimesSix.SimpleSidearms] GenerateGearFor

System.Void Verse.PawnRenderer::DrawShadowInternal(UnityEngine.Vector3 drawLoc)
Prefixes:
  [co.uk.epicguru.meleeanimation] Prefix
Transpilers:
Postfixes:

System.Void Verse.PawnRenderer::ParallelPreRenderPawnAt(UnityEngine.Vector3 drawLoc, System.Nullable`1<Verse.Rot4> rotOverride, System.Boolean neverAimWeapon)
Prefixes:
  [co.uk.epicguru.meleeanimation] Prefix
Transpilers:
Postfixes:

System.Void Verse.PawnRenderTree::ParallelPreDraw(Verse.PawnDrawParms parms)
Prefixes:
  [co.uk.epicguru.meleeanimation] Prefix
Transpilers:
Postfixes:
  [co.uk.epicguru.meleeanimation] Postfix
  [rimworld.Nals.FacialAnimation] PostfixParallelPreDraw

static Verse.Pawn RimWorld.PawnUtility::PawnBlockingPathAt(Verse.IntVec3 c, Verse.Pawn forPawn, System.Boolean actAsIfHadCollideWithPawnsJob, System.Boolean collideOnlyWithStandingPawns, System.Boolean forPathFinder, System.Boolean useId)
Prefixes:
  [co.uk.epicguru.meleeanimation] Prefix
  [co.uk.epicguru.meleeanimation] Prefix
Transpilers:
Postfixes:

System.Void RimWorld.Pawn_ApparelTracker::Notify_ApparelChanged()
Prefixes:
  [co.uk.epicguru.meleeanimation] Prefix
Transpilers:
Postfixes:
  [costel.layeredapparel] Postfix_NotifyApparelChanged

virtual System.Void Verse.Pawn::DrawGUIOverlay()
Prefixes:
  [co.uk.epicguru.meleeanimation] Prefix
Transpilers:
Postfixes:

System.Void Verse.Pawn_DrawTracker::Notify_MeleeAttackOn(Verse.Thing Target)
Prefixes:
  [co.uk.epicguru.meleeanimation] Prefix
Transpilers:
Postfixes:

Verse.BattleLogEntry_MeleeCombat RimWorld.Verb_MeleeAttack::CreateCombatLog(System.Func`2<Verse.ManeuverDef, Verse.RulePackDef> rulePackGetter, System.Boolean alwaysShow)
Prefixes:
  [co.uk.epicguru.meleeanimation] Prefix
Transpilers:
Postfixes:

virtual System.Boolean RimWorld.Verb_MeleeAttack::TryCastShot()
Prefixes:
  [co.uk.epicguru.meleeanimation] Prefix
Transpilers:
Postfixes:
  [PeteTimesSix.SimpleSidearms] TryCastShot

UnityEngine.StackTraceUtility:ExtractStackTrace ()
Verse.Log:Message (string)
AM.Core:Log (string)
AM.Core:LogPotentialConflicts (HarmonyLib.Harmony)
AM.Core/<>c:<.ctor>b__25_3 ()
AM.Core:<AddLateLoadEvents>b__28_0 ()
Verse.LongEventHandler:RunEventFromAnotherThread (System.Action)
Verse.LongEventHandler/<>c:<UpdateCurrentAsynchronousEvent>b__28_0 ()
System.Threading.ThreadHelper:ThreadStart_Context (object)
System.Threading.ExecutionContext:RunInternal (System.Threading.ExecutionContext,System.Threading.ContextCallback,object,bool)
System.Threading.ExecutionContext:Run (System.Threading.ExecutionContext,System.Threading.ContextCallback,object,bool)
System.Threading.ExecutionContext:Run (System.Threading.ExecutionContext,System.Threading.ContextCallback,object)
System.Threading.ThreadHelper:ThreadStart ()

<color=#66ffb5>[MeleeAnim]</color> PreCached all retexture info in 416.7ms
UnityEngine.StackTraceUtility:ExtractStackTrace ()
Verse.Log:Message (string)
AM.Core:Log (string)
AM.Core:PreCacheAllRetextures ()
AM.Core:<AddLateLoadEvents>b__28_1 ()
Verse.LongEventHandler:UpdateCurrentSynchronousEvent (bool&)
(wrapper dynamic-method) MonoMod.Utils.DynamicMethodDefinition:Verse.LongEventHandler.LongEventsUpdate_Patch1 (bool&)
(wrapper dynamic-method) MonoMod.Utils.DynamicMethodDefinition:Verse.Root.Update_Patch1 (Verse.Root)
Verse.Root_Entry:Update ()

<color=#66ffb5>[MeleeAnim]</color> Loaded tweak data for 77 weapons.
UnityEngine.StackTraceUtility:ExtractStackTrace ()
Verse.Log:Message (string)
AM.Core:Log (string)
AM.Core:LoadAllTweakData ()
AM.Core:<AddLateLoadEvents>b__28_1 ()
Verse.LongEventHandler:UpdateCurrentSynchronousEvent (bool&)
(wrapper dynamic-method) MonoMod.Utils.DynamicMethodDefinition:Verse.LongEventHandler.LongEventsUpdate_Patch1 (bool&)
(wrapper dynamic-method) MonoMod.Utils.DynamicMethodDefinition:Verse.Root.Update_Patch1 (Verse.Root)
Verse.Root_Entry:Update ()

<color=#66ffb5>[MeleeAnim]</color> ogliss.avpxenomorphs 'AVP Xenomorphs' has 1 missing weapon tweak data.
UnityEngine.StackTraceUtility:ExtractStackTrace ()
Verse.Log:Warning (string)
AM.Core:Warn (string)
AM.Core:LoadAllTweakData ()
AM.Core:<AddLateLoadEvents>b__28_1 ()
Verse.LongEventHandler:UpdateCurrentSynchronousEvent (bool&)
(wrapper dynamic-method) MonoMod.Utils.DynamicMethodDefinition:Verse.LongEventHandler.LongEventsUpdate_Patch1 (bool&)
(wrapper dynamic-method) MonoMod.Utils.DynamicMethodDefinition:Verse.Root.Update_Patch1 (Verse.Root)
Verse.Root_Entry:Update ()

<color=#66ffb5>[MeleeAnim]</color> Skipping reporting of missing mod/weapons because user opted out or the feature is disabled by the developer.
UnityEngine.StackTraceUtility:ExtractStackTrace ()
Verse.Log:Message (string)
AM.Core:Log (string)
AM.Core:LoadAllTweakData ()
AM.Core:<AddLateLoadEvents>b__28_1 ()
Verse.LongEventHandler:UpdateCurrentSynchronousEvent (bool&)
(wrapper dynamic-method) MonoMod.Utils.DynamicMethodDefinition:Verse.LongEventHandler.LongEventsUpdate_Patch1 (bool&)
(wrapper dynamic-method) MonoMod.Utils.DynamicMethodDefinition:Verse.Root.Update_Patch1 (Verse.Root)
Verse.Root_Entry:Update ()

<color=#66ffb5>[MeleeAnim]</color> Patched 3 classes that directly inherit from Verb_MeleeAttack in 97.1 ms to detect hits:
RimWorld.Verb_MeleeApplyHediff from Assembly-CSharp
RimWorld.Verb_MeleeAttackDamage from Assembly-CSharp
RRYautja.Verb_MeleeAttackKnockback from RRYautja

UnityEngine.StackTraceUtility:ExtractStackTrace ()
Verse.Log:Message (string)
AM.Core:Log (string)
AM.Patches.Patch_Verb_MeleeAttack_ApplyMeleeDamageToTarget:PatchAll ()
AM.Core:<AddLateLoadEvents>b__28_1 ()
Verse.LongEventHandler:UpdateCurrentSynchronousEvent (bool&)
(wrapper dynamic-method) MonoMod.Utils.DynamicMethodDefinition:Verse.LongEventHandler.LongEventsUpdate_Patch1 (bool&)
(wrapper dynamic-method) MonoMod.Utils.DynamicMethodDefinition:Verse.Root.Update_Patch1 (Verse.Root)
Verse.Root_Entry:Update ()

<color=#66ffb5>[MeleeAnim]</color> Found 17 items of clothing that cover hands, took 1.49 ms:
VAE_Handwear_PlateGloves (Plate gloves),
VAE_Handwear_MarineGloves (Marine gloves),
VAE_Apparel_Shield_Riot (Riot shield),
VFEP_WarcasketShoulders_Warcasket (Warcasket shoulders),
VFEP_WarcasketShoulders_Marine (Marine warcasket shoulders),
VFEP_WarcasketShoulders_Recon (Recon warcasket shoulders),
VFEP_WarcasketShoulders_Cataphract (Cataphract warcasket shoulders),
VFEP_WarcasketShoulders_Aerial (Aerial warcasket shoulders),
VFEP_WarcasketShoulders_Barrage (Barrage warcasket shoulders),
VFEP_WarcasketShoulders_Hazard (Hazard warcasket shoulders),
VFEP_WarcasketShoulders_Shock (Shock warcasket shoulders),
VFEP_WarcasketShoulders_Siegebreaker (Siegebreaker warcasket shoulders),
VFEP_WarcasketShoulders_Guardian (Guardian warcasket shoulders),
VFEP_WarcasketShoulders_Controller (Controller warcasket shoulders),
VFEP_WarcasketShoulders_Sarcophagus (Sarcophagus warcasket shoulders),
VFEP_WarcasketShoulders_Brute (Brute warcasket shoulders),
VAE_Handwear_Gloves (Gloves)
UnityEngine.StackTraceUtility:ExtractStackTrace ()
Verse.Log:Message (string)
AM.Core:Log (string)
AM.Hands.HandUtility:DoInitialLoading ()
AM.Core:<AddLateLoadEvents>b__28_1 ()
Verse.LongEventHandler:UpdateCurrentSynchronousEvent (bool&)
(wrapper dynamic-method) MonoMod.Utils.DynamicMethodDefinition:Verse.LongEventHandler.LongEventsUpdate_Patch1 (bool&)
(wrapper dynamic-method) MonoMod.Utils.DynamicMethodDefinition:Verse.Root.Update_Patch1 (Verse.Root)
Verse.Root_Entry:Update ()

[RimHUD v1.17.5] Integrated preset 'Compact' loaded
UnityEngine.StackTraceUtility:ExtractStackTrace ()
Verse.Log:Message (string)
RimHUD.Engine.Report:Log (string)
RimHUD.Configuration.Presets:Load (string)
RimHUD.Configuration.Persistent:Load ()
RimHUD.Mod:OnStartup (HarmonyLib.Harmony)
RimHUD.Mod/<>c__DisplayClass12_0:<.ctor>b__0 ()
Verse.LongEventHandler:UpdateCurrentSynchronousEvent (bool&)
(wrapper dynamic-method) MonoMod.Utils.DynamicMethodDefinition:Verse.LongEventHandler.LongEventsUpdate_Patch1 (bool&)
(wrapper dynamic-method) MonoMod.Utils.DynamicMethodDefinition:Verse.Root.Update_Patch1 (Verse.Root)
Verse.Root_Entry:Update ()

  --> [What's That Mod] Took 0.57 seconds to scan all patches. <--
UnityEngine.StackTraceUtility:ExtractStackTrace ()
Verse.Log:Message (string)
WhatsThatMod.ModCore:DefWriter (bool,System.Collections.Generic.HashSet`1<string>,string,string)
WhatsThatMod.ModCore:WriteToDefs ()
WhatsThatMod.ModCore:Run ()
Verse.LongEventHandler:UpdateCurrentSynchronousEvent (bool&)
(wrapper dynamic-method) MonoMod.Utils.DynamicMethodDefinition:Verse.LongEventHandler.LongEventsUpdate_Patch1 (bool&)
(wrapper dynamic-method) MonoMod.Utils.DynamicMethodDefinition:Verse.Root.Update_Patch1 (Verse.Root)
Verse.Root_Entry:Update ()

What's That Mod: Wrote to 10959 mod descriptions, 81 patched defs resolved.
UnityEngine.StackTraceUtility:ExtractStackTrace ()
Verse.Log:Message (string)
WhatsThatMod.ModCore:DefWriter (bool,System.Collections.Generic.HashSet`1<string>,string,string)
WhatsThatMod.ModCore:WriteToDefs ()
WhatsThatMod.ModCore:Run ()
Verse.LongEventHandler:UpdateCurrentSynchronousEvent (bool&)
(wrapper dynamic-method) MonoMod.Utils.DynamicMethodDefinition:Verse.LongEventHandler.LongEventsUpdate_Patch1 (bool&)
(wrapper dynamic-method) MonoMod.Utils.DynamicMethodDefinition:Verse.Root.Update_Patch1 (Verse.Root)
Verse.Root_Entry:Update ()

What's That Mod took 599 milliseconds to generate all def descriptions.
UnityEngine.StackTraceUtility:ExtractStackTrace ()
Verse.Log:Message (string)
WhatsThatMod.ModCore:Run ()
Verse.LongEventHandler:UpdateCurrentSynchronousEvent (bool&)
(wrapper dynamic-method) MonoMod.Utils.DynamicMethodDefinition:Verse.LongEventHandler.LongEventsUpdate_Patch1 (bool&)
(wrapper dynamic-method) MonoMod.Utils.DynamicMethodDefinition:Verse.Root.Update_Patch1 (Verse.Root)
Verse.Root_Entry:Update ()

[HugsLib] initializing TerraformRimworld
UnityEngine.StackTraceUtility:ExtractStackTrace ()
Verse.Log:Message (string)
HugsLib.Utils.ModLogger:Message (string,object[])
HugsLib.HugsLibController:EnumerateChildMods (bool)
HugsLib.HugsLibController:LoadReloadInitialize ()
Verse.LongEventHandler:RunEventFromAnotherThread (System.Action)
Verse.LongEventHandler/<>c:<UpdateCurrentAsynchronousEvent>b__28_0 ()
System.Threading.ThreadHelper:ThreadStart_Context (object)
System.Threading.ExecutionContext:RunInternal (System.Threading.ExecutionContext,System.Threading.ContextCallback,object,bool)
System.Threading.ExecutionContext:Run (System.Threading.ExecutionContext,System.Threading.ContextCallback,object,bool)
System.Threading.ExecutionContext:Run (System.Threading.ExecutionContext,System.Threading.ContextCallback,object)
System.Threading.ThreadHelper:ThreadStart ()

CE is trying to create default parameter lists ...
UnityEngine.StackTraceUtility:ExtractStackTrace ()
Verse.Log:Message (string)
CharacterEditor.CEditor/ModOptions:CreateDefaultLists ()
CharacterEditor.CEditor:OnMainMenuOnGUI ()
(wrapper dynamic-method) MonoMod.Utils.DynamicMethodDefinition:RimWorld.MainMenuDrawer.MainMenuOnGUI_Patch1 ()
(wrapper dynamic-method) MonoMod.Utils.DynamicMethodDefinition:Verse.UIRoot_Entry.DoMainMenu_Patch1 (Verse.UIRoot_Entry)
Verse.UIRoot_Entry:UIRootOnGUI ()
(wrapper dynamic-method) MonoMod.Utils.DynamicMethodDefinition:Verse.Root.OnGUI_Patch2 (Verse.Root)

creating default parameter list for genes...
UnityEngine.StackTraceUtility:ExtractStackTrace ()
Verse.Log:Message (string)
CharacterEditor.CEditor/ModData:CreateType (CharacterEditor.EType)
CharacterEditor.CEditor/ModData:Get<System.Collections.Generic.Dictionary`2<string, CharacterEditor.PresetGene>> (CharacterEditor.EType)
CharacterEditor.CEditor:Get<System.Collections.Generic.Dictionary`2<string, CharacterEditor.PresetGene>> (CharacterEditor.EType)
CharacterEditor.CEditor/ModOptions:CreateDefaultLists ()
CharacterEditor.CEditor:OnMainMenuOnGUI ()
(wrapper dynamic-method) MonoMod.Utils.DynamicMethodDefinition:RimWorld.MainMenuDrawer.MainMenuOnGUI_Patch1 ()
(wrapper dynamic-method) MonoMod.Utils.DynamicMethodDefinition:Verse.UIRoot_Entry.DoMainMenu_Patch1 (Verse.UIRoot_Entry)
Verse.UIRoot_Entry:UIRootOnGUI ()
(wrapper dynamic-method) MonoMod.Utils.DynamicMethodDefinition:Verse.Root.OnGUI_Patch2 (Verse.Root)

1309 default entities for genes created
UnityEngine.StackTraceUtility:ExtractStackTrace ()
Verse.Log:Message (string)
CharacterEditor.Preset:CreateDefaults<CharacterEditor.PresetGene, Verse.GeneDef> (System.Collections.Generic.HashSet`1<Verse.GeneDef>,System.Func`2<Verse.GeneDef, string>,System.Func`2<Verse.GeneDef, CharacterEditor.PresetGene>,string)
CharacterEditor.PresetGene:CreateDefaults ()
CharacterEditor.CEditor/ModData:CreateType (CharacterEditor.EType)
CharacterEditor.CEditor/ModData:Get<System.Collections.Generic.Dictionary`2<string, CharacterEditor.PresetGene>> (CharacterEditor.EType)
CharacterEditor.CEditor:Get<System.Collections.Generic.Dictionary`2<string, CharacterEditor.PresetGene>> (CharacterEditor.EType)
CharacterEditor.CEditor/ModOptions:CreateDefaultLists ()
CharacterEditor.CEditor:OnMainMenuOnGUI ()
(wrapper dynamic-method) MonoMod.Utils.DynamicMethodDefinition:RimWorld.MainMenuDrawer.MainMenuOnGUI_Patch1 ()
(wrapper dynamic-method) MonoMod.Utils.DynamicMethodDefinition:Verse.UIRoot_Entry.DoMainMenu_Patch1 (Verse.UIRoot_Entry)
Verse.UIRoot_Entry:UIRootOnGUI ()
(wrapper dynamic-method) MonoMod.Utils.DynamicMethodDefinition:Verse.Root.OnGUI_Patch2 (Verse.Root)

creating default parameter list for objects...
UnityEngine.StackTraceUtility:ExtractStackTrace ()
Verse.Log:Message (string)
CharacterEditor.CEditor/ModData:CreateType (CharacterEditor.EType)
CharacterEditor.CEditor/ModData:Get<System.Collections.Generic.Dictionary`2<string, CharacterEditor.PresetObject>> (CharacterEditor.EType)
CharacterEditor.CEditor:Get<System.Collections.Generic.Dictionary`2<string, CharacterEditor.PresetObject>> (CharacterEditor.EType)
CharacterEditor.CEditor/ModOptions:CreateDefaultLists ()
CharacterEditor.CEditor:OnMainMenuOnGUI ()
(wrapper dynamic-method) MonoMod.Utils.DynamicMethodDefinition:RimWorld.MainMenuDrawer.MainMenuOnGUI_Patch1 ()
(wrapper dynamic-method) MonoMod.Utils.DynamicMethodDefinition:Verse.UIRoot_Entry.DoMainMenu_Patch1 (Verse.UIRoot_Entry)
Verse.UIRoot_Entry:UIRootOnGUI ()
(wrapper dynamic-method) MonoMod.Utils.DynamicMethodDefinition:Verse.Root.OnGUI_Patch2 (Verse.Root)

4991 default entities for objects created
UnityEngine.StackTraceUtility:ExtractStackTrace ()
Verse.Log:Message (string)
CharacterEditor.Preset:CreateDefaults<CharacterEditor.PresetObject, Verse.ThingDef> (System.Collections.Generic.HashSet`1<Verse.ThingDef>,System.Func`2<Verse.ThingDef, string>,System.Func`2<Verse.ThingDef, CharacterEditor.PresetObject>,string)
CharacterEditor.PresetObject:CreateDefaultObjects ()
CharacterEditor.CEditor/ModData:CreateType (CharacterEditor.EType)
CharacterEditor.CEditor/ModData:Get<System.Collections.Generic.Dictionary`2<string, CharacterEditor.PresetObject>> (CharacterEditor.EType)
CharacterEditor.CEditor:Get<System.Collections.Generic.Dictionary`2<string, CharacterEditor.PresetObject>> (CharacterEditor.EType)
CharacterEditor.CEditor/ModOptions:CreateDefaultLists ()
CharacterEditor.CEditor:OnMainMenuOnGUI ()
(wrapper dynamic-method) MonoMod.Utils.DynamicMethodDefinition:RimWorld.MainMenuDrawer.MainMenuOnGUI_Patch1 ()
(wrapper dynamic-method) MonoMod.Utils.DynamicMethodDefinition:Verse.UIRoot_Entry.DoMainMenu_Patch1 (Verse.UIRoot_Entry)
Verse.UIRoot_Entry:UIRootOnGUI ()
(wrapper dynamic-method) MonoMod.Utils.DynamicMethodDefinition:Verse.Root.OnGUI_Patch2 (Verse.Root)

creating default parameter list for turrets...
UnityEngine.StackTraceUtility:ExtractStackTrace ()
Verse.Log:Message (string)
CharacterEditor.CEditor/ModData:CreateType (CharacterEditor.EType)
CharacterEditor.CEditor/ModData:Get<System.Collections.Generic.Dictionary`2<string, CharacterEditor.PresetObject>> (CharacterEditor.EType)
CharacterEditor.CEditor:Get<System.Collections.Generic.Dictionary`2<string, CharacterEditor.PresetObject>> (CharacterEditor.EType)
CharacterEditor.CEditor/ModOptions:CreateDefaultLists ()
CharacterEditor.CEditor:OnMainMenuOnGUI ()
(wrapper dynamic-method) MonoMod.Utils.DynamicMethodDefinition:RimWorld.MainMenuDrawer.MainMenuOnGUI_Patch1 ()
(wrapper dynamic-method) MonoMod.Utils.DynamicMethodDefinition:Verse.UIRoot_Entry.DoMainMenu_Patch1 (Verse.UIRoot_Entry)
Verse.UIRoot_Entry:UIRootOnGUI ()
(wrapper dynamic-method) MonoMod.Utils.DynamicMethodDefinition:Verse.Root.OnGUI_Patch2 (Verse.Root)

72 default entities for turrets created
UnityEngine.StackTraceUtility:ExtractStackTrace ()
Verse.Log:Message (string)
CharacterEditor.Preset:CreateDefaults<CharacterEditor.PresetObject, Verse.ThingDef> (System.Collections.Generic.HashSet`1<Verse.ThingDef>,System.Func`2<Verse.ThingDef, string>,System.Func`2<Verse.ThingDef, CharacterEditor.PresetObject>,string)
CharacterEditor.PresetObject:CreateDefaultTurrets ()
CharacterEditor.CEditor/ModData:CreateType (CharacterEditor.EType)
CharacterEditor.CEditor/ModData:Get<System.Collections.Generic.Dictionary`2<string, CharacterEditor.PresetObject>> (CharacterEditor.EType)
CharacterEditor.CEditor:Get<System.Collections.Generic.Dictionary`2<string, CharacterEditor.PresetObject>> (CharacterEditor.EType)
CharacterEditor.CEditor/ModOptions:CreateDefaultLists ()
CharacterEditor.CEditor:OnMainMenuOnGUI ()
(wrapper dynamic-method) MonoMod.Utils.DynamicMethodDefinition:RimWorld.MainMenuDrawer.MainMenuOnGUI_Patch1 ()
(wrapper dynamic-method) MonoMod.Utils.DynamicMethodDefinition:Verse.UIRoot_Entry.DoMainMenu_Patch1 (Verse.UIRoot_Entry)
Verse.UIRoot_Entry:UIRootOnGUI ()
(wrapper dynamic-method) MonoMod.Utils.DynamicMethodDefinition:Verse.Root.OnGUI_Patch2 (Verse.Root)

...lists created
UnityEngine.StackTraceUtility:ExtractStackTrace ()
Verse.Log:Message (string)
CharacterEditor.CEditor/ModOptions:CreateDefaultLists ()
CharacterEditor.CEditor:OnMainMenuOnGUI ()
(wrapper dynamic-method) MonoMod.Utils.DynamicMethodDefinition:RimWorld.MainMenuDrawer.MainMenuOnGUI_Patch1 ()
(wrapper dynamic-method) MonoMod.Utils.DynamicMethodDefinition:Verse.UIRoot_Entry.DoMainMenu_Patch1 (Verse.UIRoot_Entry)
Verse.UIRoot_Entry:UIRootOnGUI ()
(wrapper dynamic-method) MonoMod.Utils.DynamicMethodDefinition:Verse.Root.OnGUI_Patch2 (Verse.Root)

CE is trying to apply modified parameters...
UnityEngine.StackTraceUtility:ExtractStackTrace ()
Verse.Log:Message (string)
CharacterEditor.CEditor/ModOptions:UpdatingCustoms ()
CharacterEditor.CEditor:OnMainMenuOnGUI ()
(wrapper dynamic-method) MonoMod.Utils.DynamicMethodDefinition:RimWorld.MainMenuDrawer.MainMenuOnGUI_Patch1 ()
(wrapper dynamic-method) MonoMod.Utils.DynamicMethodDefinition:Verse.UIRoot_Entry.DoMainMenu_Patch1 (Verse.UIRoot_Entry)
Verse.UIRoot_Entry:UIRootOnGUI ()
(wrapper dynamic-method) MonoMod.Utils.DynamicMethodDefinition:Verse.Root.OnGUI_Patch2 (Verse.Root)

no modifications for genes
UnityEngine.StackTraceUtility:ExtractStackTrace ()
Verse.Log:Message (string)
CharacterEditor.Preset:LoadAllModifications (string,System.Action`1<string>,string)
CharacterEditor.PresetGene:LoadAllModifications (string)
CharacterEditor.CEditor/ModOptions:UpdatingCustoms ()
CharacterEditor.CEditor:OnMainMenuOnGUI ()
(wrapper dynamic-method) MonoMod.Utils.DynamicMethodDefinition:RimWorld.MainMenuDrawer.MainMenuOnGUI_Patch1 ()
(wrapper dynamic-method) MonoMod.Utils.DynamicMethodDefinition:Verse.UIRoot_Entry.DoMainMenu_Patch1 (Verse.UIRoot_Entry)
Verse.UIRoot_Entry:UIRootOnGUI ()
(wrapper dynamic-method) MonoMod.Utils.DynamicMethodDefinition:Verse.Root.OnGUI_Patch2 (Verse.Root)

no modifications for objects
UnityEngine.StackTraceUtility:ExtractStackTrace ()
Verse.Log:Message (string)
CharacterEditor.Preset:LoadAllModifications (string,System.Action`1<string>,string)
CharacterEditor.PresetObject:LoadAllModifications (string)
CharacterEditor.CEditor/ModOptions:UpdatingCustoms ()
CharacterEditor.CEditor:OnMainMenuOnGUI ()
(wrapper dynamic-method) MonoMod.Utils.DynamicMethodDefinition:RimWorld.MainMenuDrawer.MainMenuOnGUI_Patch1 ()
(wrapper dynamic-method) MonoMod.Utils.DynamicMethodDefinition:Verse.UIRoot_Entry.DoMainMenu_Patch1 (Verse.UIRoot_Entry)
Verse.UIRoot_Entry:UIRootOnGUI ()
(wrapper dynamic-method) MonoMod.Utils.DynamicMethodDefinition:Verse.Root.OnGUI_Patch2 (Verse.Root)

no modifications for lifestages
UnityEngine.StackTraceUtility:ExtractStackTrace ()
Verse.Log:Message (string)
CharacterEditor.Preset:LoadAllModifications (string,System.Action`1<string>,string)
CharacterEditor.PresetLifeStage:LoadAllModifications (string)
CharacterEditor.CEditor/ModOptions:UpdatingCustoms ()
CharacterEditor.CEditor:OnMainMenuOnGUI ()
(wrapper dynamic-method) MonoMod.Utils.DynamicMethodDefinition:RimWorld.MainMenuDrawer.MainMenuOnGUI_Patch1 ()
(wrapper dynamic-method) MonoMod.Utils.DynamicMethodDefinition:Verse.UIRoot_Entry.DoMainMenu_Patch1 (Verse.UIRoot_Entry)
Verse.UIRoot_Entry:UIRootOnGUI ()
(wrapper dynamic-method) MonoMod.Utils.DynamicMethodDefinition:Verse.Root.OnGUI_Patch2 (Verse.Root)

...done
UnityEngine.StackTraceUtility:ExtractStackTrace ()
Verse.Log:Message (string)
CharacterEditor.CEditor/ModOptions:UpdatingCustoms ()
CharacterEditor.CEditor:OnMainMenuOnGUI ()
(wrapper dynamic-method) MonoMod.Utils.DynamicMethodDefinition:RimWorld.MainMenuDrawer.MainMenuOnGUI_Patch1 ()
(wrapper dynamic-method) MonoMod.Utils.DynamicMethodDefinition:Verse.UIRoot_Entry.DoMainMenu_Patch1 (Verse.UIRoot_Entry)
Verse.UIRoot_Entry:UIRootOnGUI ()
(wrapper dynamic-method) MonoMod.Utils.DynamicMethodDefinition:Verse.Root.OnGUI_Patch2 (Verse.Root)
