Command line arguments: -disable-compute-shaders
UnityEngine.StackTraceUtility:ExtractStackTrace ()
Verse.Log:Message (string)
Verse.Root:CheckGlobalInit ()
Verse.Root:Start ()
Verse.Root_Entry:Start ()

RimWorld 1.6.4871 rev591
UnityEngine.StackTraceUtility:ExtractStackTrace ()
Verse.Log:Message (string)
RimWorld.VersionControl:LogVersionNumber ()
Verse.Root:CheckGlobalInit ()
Verse.Root:Start ()
Verse.Root_Entry:Start ()

Mod Realistic Humansounds HAR Patch dependency (Mlie.RealisticHumanSounds) needs to have <downloadUrl> and/or <steamWorkshopUrl> specified.
UnityEngine.StackTraceUtility:ExtractStackTrace ()
Verse.Log:Warning (string)
Verse.ModMetaData/ModMetaDataInternal:ValidateDependencies (bool)
Verse.ModMetaData:Init ()
Verse.ModMetaData:.ctor (Verse.Steam.WorkshopItem)
Verse.ModLister:RebuildModList ()
Verse.ModLister:.cctor ()
Verse.ModsConfig:.cctor ()
Verse.LoadedModManager:InitializeMods ()
Verse.LoadedModManager:LoadAllActiveMods (bool)
Verse.PlayDataLoader:DoPlayLoad ()
Verse.PlayDataLoader:LoadAllPlayData (bool)
Verse.Root/<>c:<Start>b__10_1 ()
Verse.LongEventHandler:RunEventFromAnotherThread (System.Action)
Verse.LongEventHandler/<>c:<UpdateCurrentAsynchronousEvent>b__28_0 ()
System.Threading.ThreadHelper:ThreadStart_Context (object)
System.Threading.ExecutionContext:RunInternal (System.Threading.ExecutionContext,System.Threading.ContextCallback,object,bool)
System.Threading.ExecutionContext:Run (System.Threading.ExecutionContext,System.Threading.ContextCallback,object,bool)
System.Threading.ExecutionContext:Run (System.Threading.ExecutionContext,System.Threading.ContextCallback,object)
System.Threading.ThreadHelper:ThreadStart ()

Exception reading Synth_Race.xml as XML: System.Xml.XmlException: An XML comment cannot contain '--', and '-' cannot be the last character. Line 255, position 11.
[Ref 473B4382]
  at System.Xml.XmlTextReaderImpl.Throw (System.Exception e) [0x00027] in <506b716a330a4f09bc4a846352df3f09>:0 
  at System.Xml.XmlTextReaderImpl.Throw (System.String res, System.String arg) [0x00029] in <506b716a330a4f09bc4a846352df3f09>:0 
  at System.Xml.XmlTextReaderImpl.Throw (System.Int32 pos, System.String res) [0x0000c] in <506b716a330a4f09bc4a846352df3f09>:0 
  at System.Xml.XmlTextReaderImpl.ParseCDataOrComment (System.Xml.XmlNodeType type, System.Int32& outStartPos, System.Int32& outEndPos) [0x000f5] in <506b716a330a4f09bc4a846352df3f09>:0 
  at System.Xml.XmlTextReaderImpl.ParseCDataOrComment (System.Xml.XmlNodeType type) [0x000bc] in <506b716a330a4f09bc4a846352df3f09>:0 
  at System.Xml.XmlTextReaderImpl.ParseComment () [0x00016] in <506b716a330a4f09bc4a846352df3f09>:0 
  at System.Xml.XmlTextReaderImpl.ParseElementContent () [0x00094] in <506b716a330a4f09bc4a846352df3f09>:0 
  at System.Xml.XmlTextReaderImpl.Read () [0x00085] in <506b716a330a4f09bc4a846352df3f09>:0 
  at System.Xml.XmlLoader.LoadNode (System.Boolean skipOverWhitespace) [0x0025b] in <506b716a330a4f09bc4a846352df3f09>:0 
  at System.Xml.XmlLoader.LoadDocSequence (System.Xml.XmlDocument parentDoc) [0x0001b] in <506b716a330a4f09bc4a846352df3f09>:0 
  at System.Xml.XmlLoader.Load (System.Xml.XmlDocument doc, System.Xml.XmlReader reader, System.Boolean preserveWhitespace) [0x000b4] in <506b716a330a4f09bc4a846352df3f09>:0 
  at System.Xml.XmlDocument.Load (System.Xml.XmlReader reader) [0x0002e] in <506b716a330a4f09bc4a846352df3f09>:0 
Verse.LoadableXmlAsset..ctor(FileInfo file, ModContentPack mod)
UnityEngine.StackTraceUtility:ExtractStackTrace ()
Verse.Log:Warning (string)
Verse.LoadableXmlAsset:.ctor (System.IO.FileInfo,Verse.ModContentPack)
Verse.DirectXmlLoader:XmlAssetsInModFolder (Verse.ModContentPack,string,System.Collections.Generic.List`1<string>)
Verse.ModContentPack/<LoadDefs>d__57:MoveNext ()
System.Collections.Generic.List`1<Verse.LoadableXmlAsset>:AddEnumerable (System.Collections.Generic.IEnumerable`1<Verse.LoadableXmlAsset>)
System.Collections.Generic.List`1<Verse.LoadableXmlAsset>:InsertRange (int,System.Collections.Generic.IEnumerable`1<Verse.LoadableXmlAsset>)
System.Collections.Generic.List`1<Verse.LoadableXmlAsset>:AddRange (System.Collections.Generic.IEnumerable`1<Verse.LoadableXmlAsset>)
Verse.LoadedModManager:LoadModXML (bool)
Verse.LoadedModManager:LoadAllActiveMods (bool)
Verse.PlayDataLoader:DoPlayLoad ()
Verse.PlayDataLoader:LoadAllPlayData (bool)
Verse.Root/<>c:<Start>b__10_1 ()
Verse.LongEventHandler:RunEventFromAnotherThread (System.Action)
Verse.LongEventHandler/<>c:<UpdateCurrentAsynchronousEvent>b__28_0 ()
System.Threading.ThreadHelper:ThreadStart_Context (object)
System.Threading.ExecutionContext:RunInternal (System.Threading.ExecutionContext,System.Threading.ContextCallback,object,bool)
System.Threading.ExecutionContext:Run (System.Threading.ExecutionContext,System.Threading.ContextCallback,object,bool)
System.Threading.ExecutionContext:Run (System.Threading.ExecutionContext,System.Threading.ContextCallback,object)
System.Threading.ThreadHelper:ThreadStart ()

Exception reading RRY_PawnBios_Patreon_Silentlord.xml as XML: System.Xml.XmlException: An XML comment cannot contain '--', and '-' cannot be the last character. Line 7, position 29.
[Ref 6B69D8C1]
  at System.Xml.XmlTextReaderImpl.Throw (System.Exception e) [0x00027] in <506b716a330a4f09bc4a846352df3f09>:0 
  at System.Xml.XmlTextReaderImpl.Throw (System.String res, System.String arg) [0x00029] in <506b716a330a4f09bc4a846352df3f09>:0 
  at System.Xml.XmlTextReaderImpl.Throw (System.Int32 pos, System.String res) [0x0000c] in <506b716a330a4f09bc4a846352df3f09>:0 
  at System.Xml.XmlTextReaderImpl.ParseCDataOrComment (System.Xml.XmlNodeType type, System.Int32& outStartPos, System.Int32& outEndPos) [0x000f5] in <506b716a330a4f09bc4a846352df3f09>:0 
  at System.Xml.XmlTextReaderImpl.ParseCDataOrComment (System.Xml.XmlNodeType type) [0x000bc] in <506b716a330a4f09bc4a846352df3f09>:0 
  at System.Xml.XmlTextReaderImpl.ParseComment () [0x00016] in <506b716a330a4f09bc4a846352df3f09>:0 
  at System.Xml.XmlTextReaderImpl.ParseDocumentContent () [0x000a9] in <506b716a330a4f09bc4a846352df3f09>:0 
  at System.Xml.XmlTextReaderImpl.Read () [0x0008c] in <506b716a330a4f09bc4a846352df3f09>:0 
  at System.Xml.XmlLoader.Load (System.Xml.XmlDocument doc, System.Xml.XmlReader reader, System.Boolean preserveWhitespace) [0x000a6] in <506b716a330a4f09bc4a846352df3f09>:0 
  at System.Xml.XmlDocument.Load (System.Xml.XmlReader reader) [0x0002e] in <506b716a330a4f09bc4a846352df3f09>:0 
Verse.LoadableXmlAsset..ctor(FileInfo file, ModContentPack mod)
UnityEngine.StackTraceUtility:ExtractStackTrace ()
Verse.Log:Warning (string)
Verse.LoadableXmlAsset:.ctor (System.IO.FileInfo,Verse.ModContentPack)
Verse.DirectXmlLoader/<>c__DisplayClass1_0:<XmlAssetsInModFolder>b__0 ()
System.Threading.ThreadHelper:ThreadStart_Context (object)
System.Threading.ExecutionContext:RunInternal (System.Threading.ExecutionContext,System.Threading.ContextCallback,object,bool)
System.Threading.ExecutionContext:Run (System.Threading.ExecutionContext,System.Threading.ContextCallback,object,bool)
System.Threading.ExecutionContext:Run (System.Threading.ExecutionContext,System.Threading.ContextCallback,object)
System.Threading.ThreadHelper:ThreadStart ()

Exception reading RRY_PawnBios_Patreon_ThotDestroyer.xml as XML: System.Xml.XmlException: An XML comment cannot contain '--', and '-' cannot be the last character. Line 7, position 29.
[Ref 6B69D8C1] Duplicate stacktrace, see ref for original
UnityEngine.StackTraceUtility:ExtractStackTrace ()
Verse.Log:Warning (string)
Verse.LoadableXmlAsset:.ctor (System.IO.FileInfo,Verse.ModContentPack)
Verse.DirectXmlLoader/<>c__DisplayClass1_0:<XmlAssetsInModFolder>b__0 ()
System.Threading.ThreadHelper:ThreadStart_Context (object)
System.Threading.ExecutionContext:RunInternal (System.Threading.ExecutionContext,System.Threading.ContextCallback,object,bool)
System.Threading.ExecutionContext:Run (System.Threading.ExecutionContext,System.Threading.ContextCallback,object,bool)
System.Threading.ExecutionContext:Run (System.Threading.ExecutionContext,System.Threading.ContextCallback,object)
System.Threading.ThreadHelper:ThreadStart ()

Exception reading Damages_Xenomorph_RangedDamageTypes.xml as XML: System.Xml.XmlException: An XML comment cannot contain '--', and '-' cannot be the last character. Line 16, position 7.
[Ref 473B4382] Duplicate stacktrace, see ref for original
UnityEngine.StackTraceUtility:ExtractStackTrace ()
Verse.Log:Warning (string)
Verse.LoadableXmlAsset:.ctor (System.IO.FileInfo,Verse.ModContentPack)
Verse.DirectXmlLoader/<>c__DisplayClass1_0:<XmlAssetsInModFolder>b__0 ()
System.Threading.ThreadHelper:ThreadStart_Context (object)
System.Threading.ExecutionContext:RunInternal (System.Threading.ExecutionContext,System.Threading.ContextCallback,object,bool)
System.Threading.ExecutionContext:Run (System.Threading.ExecutionContext,System.Threading.ContextCallback,object,bool)
System.Threading.ExecutionContext:Run (System.Threading.ExecutionContext,System.Threading.ContextCallback,object)
System.Threading.ThreadHelper:ThreadStart ()

D:\SteamLibrary\steamapps\common\RimWorld\Mods\AVP-Rimworld-removal-remove-yautja\Defs\BackstoryDefs/RRY_PawnBios_Patreon_Silentlord.xml: unknown parse failure
UnityEngine.StackTraceUtility:ExtractStackTrace ()
Verse.Log:Error (string)
Verse.LoadedModManager:CombineIntoUnifiedXML (System.Collections.Generic.List`1<Verse.LoadableXmlAsset>,System.Collections.Generic.Dictionary`2<System.Xml.XmlNode, Verse.LoadableXmlAsset>)
Verse.LoadedModManager:LoadAllActiveMods (bool)
Verse.PlayDataLoader:DoPlayLoad ()
Verse.PlayDataLoader:LoadAllPlayData (bool)
Verse.Root/<>c:<Start>b__10_1 ()
Verse.LongEventHandler:RunEventFromAnotherThread (System.Action)
Verse.LongEventHandler/<>c:<UpdateCurrentAsynchronousEvent>b__28_0 ()
System.Threading.ThreadHelper:ThreadStart_Context (object)
System.Threading.ExecutionContext:RunInternal (System.Threading.ExecutionContext,System.Threading.ContextCallback,object,bool)
System.Threading.ExecutionContext:Run (System.Threading.ExecutionContext,System.Threading.ContextCallback,object,bool)
System.Threading.ExecutionContext:Run (System.Threading.ExecutionContext,System.Threading.ContextCallback,object)
System.Threading.ThreadHelper:ThreadStart ()

D:\SteamLibrary\steamapps\common\RimWorld\Mods\AVP-Rimworld-removal-remove-yautja\Defs\BackstoryDefs/RRY_PawnBios_Patreon_ThotDestroyer.xml: unknown parse failure
UnityEngine.StackTraceUtility:ExtractStackTrace ()
Verse.Log:Error (string)
Verse.LoadedModManager:CombineIntoUnifiedXML (System.Collections.Generic.List`1<Verse.LoadableXmlAsset>,System.Collections.Generic.Dictionary`2<System.Xml.XmlNode, Verse.LoadableXmlAsset>)
Verse.LoadedModManager:LoadAllActiveMods (bool)
Verse.PlayDataLoader:DoPlayLoad ()
Verse.PlayDataLoader:LoadAllPlayData (bool)
Verse.Root/<>c:<Start>b__10_1 ()
Verse.LongEventHandler:RunEventFromAnotherThread (System.Action)
Verse.LongEventHandler/<>c:<UpdateCurrentAsynchronousEvent>b__28_0 ()
System.Threading.ThreadHelper:ThreadStart_Context (object)
System.Threading.ExecutionContext:RunInternal (System.Threading.ExecutionContext,System.Threading.ContextCallback,object,bool)
System.Threading.ExecutionContext:Run (System.Threading.ExecutionContext,System.Threading.ContextCallback,object,bool)
System.Threading.ExecutionContext:Run (System.Threading.ExecutionContext,System.Threading.ContextCallback,object)
System.Threading.ThreadHelper:ThreadStart ()

D:\SteamLibrary\steamapps\common\RimWorld\Mods\AVP-Rimworld-removal-remove-yautja\Defs\DamageDefs/Damages_Xenomorph_RangedDamageTypes.xml: unknown parse failure
UnityEngine.StackTraceUtility:ExtractStackTrace ()
Verse.Log:Error (string)
Verse.LoadedModManager:CombineIntoUnifiedXML (System.Collections.Generic.List`1<Verse.LoadableXmlAsset>,System.Collections.Generic.Dictionary`2<System.Xml.XmlNode, Verse.LoadableXmlAsset>)
Verse.LoadedModManager:LoadAllActiveMods (bool)
Verse.PlayDataLoader:DoPlayLoad ()
Verse.PlayDataLoader:LoadAllPlayData (bool)
Verse.Root/<>c:<Start>b__10_1 ()
Verse.LongEventHandler:RunEventFromAnotherThread (System.Action)
Verse.LongEventHandler/<>c:<UpdateCurrentAsynchronousEvent>b__28_0 ()
System.Threading.ThreadHelper:ThreadStart_Context (object)
System.Threading.ExecutionContext:RunInternal (System.Threading.ExecutionContext,System.Threading.ContextCallback,object,bool)
System.Threading.ExecutionContext:Run (System.Threading.ExecutionContext,System.Threading.ContextCallback,object,bool)
System.Threading.ExecutionContext:Run (System.Threading.ExecutionContext,System.Threading.ContextCallback,object)
System.Threading.ThreadHelper:ThreadStart ()

D:\SteamLibrary\steamapps\common\RimWorld\Mods\AVP-Rimworld-removal-remove-yautja\Defs\ThingDefs/Synth_Race.xml: unknown parse failure
UnityEngine.StackTraceUtility:ExtractStackTrace ()
Verse.Log:Error (string)
Verse.LoadedModManager:CombineIntoUnifiedXML (System.Collections.Generic.List`1<Verse.LoadableXmlAsset>,System.Collections.Generic.Dictionary`2<System.Xml.XmlNode, Verse.LoadableXmlAsset>)
Verse.LoadedModManager:LoadAllActiveMods (bool)
Verse.PlayDataLoader:DoPlayLoad ()
Verse.PlayDataLoader:LoadAllPlayData (bool)
Verse.Root/<>c:<Start>b__10_1 ()
Verse.LongEventHandler:RunEventFromAnotherThread (System.Action)
Verse.LongEventHandler/<>c:<UpdateCurrentAsynchronousEvent>b__28_0 ()
System.Threading.ThreadHelper:ThreadStart_Context (object)
System.Threading.ExecutionContext:RunInternal (System.Threading.ExecutionContext,System.Threading.ContextCallback,object,bool)
System.Threading.ExecutionContext:Run (System.Threading.ExecutionContext,System.Threading.ContextCallback,object,bool)
System.Threading.ExecutionContext:Run (System.Threading.ExecutionContext,System.Threading.ContextCallback,object)
System.Threading.ThreadHelper:ThreadStart ()

Exception loading def from file Backstories_Artificials.xml: System.ArgumentNullException: Value cannot be null.
Parameter name: s
[Ref EE2F677E]
 [0x00006] in <51fded79cd284d4d911c5949aff4cb21>:0 
  at System.Single.Parse (System.String s, System.IFormatProvider provider) [0x00003] in <51fded79cd284d4d911c5949aff4cb21>:0 
  at Verse.ParseHelper.ParseIntPermissive (System.String str) [0x0001a] in <61e4173561894da49d210260257b5097>:0 
  at Verse.ParseHelper.FromString[T] (System.String str) [0x00009] in <61e4173561894da49d210260257b5097>:0 
  at RimWorld.SkillGain.LoadDataFromXmlCustom (System.Xml.XmlNode xmlRoot) [0x00028] in <61e4173561894da49d210260257b5097>:0 
(wrapper dynamic-method) Verse.DirectXmlToObjectNew+DummyTypeToHoldDynamicMethods.ParseAndAddCustomLoadableToList_RimWorld_SkillGain(object,int,System.Xml.XmlNode,System.Type)
(wrapper dynamic-method) Verse.DirectXmlToObjectNew+DummyTypeToHoldDynamicMethods.ParseAndSetListField_RimWorld_SkillGain(object,System.Reflection.FieldInfo,System.Xml.XmlNode,System.Type)
(wrapper dynamic-method) Verse.DirectXmlToObjectNew+DummyTypeToHoldDynamicMethods.ParseAndReturnDef_AlienRace_AlienBackstoryDef(int,int,System.Xml.XmlNode,System.Type)
  at Verse.DirectXmlToObjectNew.DefFromNodeNew (System.Xml.XmlNode node, Verse.LoadableXmlAsset loadingAsset) [0x000dd] in <61e4173561894da49d210260257b5097>:0 
UnityEngine.StackTraceUtility:ExtractStackTrace ()
Verse.Log:Error (string)
Verse.DirectXmlToObjectNew:DefFromNodeNew (System.Xml.XmlNode,Verse.LoadableXmlAsset)
Verse.LoadedModManager:ParseAndProcessXML (System.Xml.XmlDocument,System.Collections.Generic.Dictionary`2<System.Xml.XmlNode, Verse.LoadableXmlAsset>,bool)
Verse.LoadedModManager:LoadAllActiveMods (bool)
Verse.PlayDataLoader:DoPlayLoad ()
Verse.PlayDataLoader:LoadAllPlayData (bool)
Verse.Root/<>c:<Start>b__10_1 ()
Verse.LongEventHandler:RunEventFromAnotherThread (System.Action)
Verse.LongEventHandler/<>c:<UpdateCurrentAsynchronousEvent>b__28_0 ()
System.Threading.ThreadHelper:ThreadStart_Context (object)
System.Threading.ExecutionContext:RunInternal (System.Threading.ExecutionContext,System.Threading.ContextCallback,object,bool)
System.Threading.ExecutionContext:Run (System.Threading.ExecutionContext,System.Threading.ContextCallback,object,bool)
System.Threading.ExecutionContext:Run (System.Threading.ExecutionContext,System.Threading.ContextCallback,object)
System.Threading.ThreadHelper:ThreadStart ()

field degree for AlienRace.AlienChanceEntry`1[AlienRace.TraitWithDegree] doesn't exist
<degree>1</degree>
<li><defName>Industriousness</defName><degree>1</degree><chance>70</chance></li>

<forcedTraitsChance><li><defName>Industriousness</defName><degree>1</degree><chance>70</chance></li><li><defName>Industriousness</defName><degree>1</degree><chance>30</chance></li></forcedTraitsChance>
UnityEngine.StackTraceUtility:ExtractStackTrace ()
Verse.Log:Error (string)
AlienRace.Utilities:SetFieldFromXmlNode (HarmonyLib.Traverse,System.Xml.XmlNode,object,string) (at C:/Program Files (x86)/Steam/steamapps/common/RimWorld/Mods/AlienRaces/Source/AlienRace/AlienRace/Utilities.cs:125)
AlienRace.AlienChanceEntry`1<AlienRace.TraitWithDegree>:LoadDataFromXmlCustom (System.Xml.XmlNode) (at C:/Program Files (x86)/Steam/steamapps/common/RimWorld/Mods/AlienRaces/Source/AlienRace/AlienRace/ThingDef_AlienRace.cs:531)
(wrapper dynamic-method) Verse.DirectXmlToObjectNew/DummyTypeToHoldDynamicMethods:ParseAndAddCustomLoadableToList_AlienRace_AlienChanceEntry`1[[AlienRace_TraitWithDegree, AlienRace, Version=1_0_0_0, Culture=neutral, PublicKeyToken=null]] (object,int,System.Xml.XmlNode,System.Type)
(wrapper dynamic-method) Verse.DirectXmlToObjectNew/DummyTypeToHoldDynamicMethods:ParseAndSetListField_AlienRace_AlienChanceEntry`1[[AlienRace_TraitWithDegree, AlienRace, Version=1_0_0_0, Culture=neutral, PublicKeyToken=null]] (object,System.Reflection.FieldInfo,System.Xml.XmlNode,System.Type)
(wrapper dynamic-method) Verse.DirectXmlToObjectNew/DummyTypeToHoldDynamicMethods:ParseAndReturnDef_AlienRace_AlienBackstoryDef (int,int,System.Xml.XmlNode,System.Type)
Verse.DirectXmlToObjectNew:DefFromNodeNew (System.Xml.XmlNode,Verse.LoadableXmlAsset)
Verse.LoadedModManager:ParseAndProcessXML (System.Xml.XmlDocument,System.Collections.Generic.Dictionary`2<System.Xml.XmlNode, Verse.LoadableXmlAsset>,bool)
Verse.LoadedModManager:LoadAllActiveMods (bool)
Verse.PlayDataLoader:DoPlayLoad ()
Verse.PlayDataLoader:LoadAllPlayData (bool)
Verse.Root/<>c:<Start>b__10_1 ()
Verse.LongEventHandler:RunEventFromAnotherThread (System.Action)
Verse.LongEventHandler/<>c:<UpdateCurrentAsynchronousEvent>b__28_0 ()
System.Threading.ThreadHelper:ThreadStart_Context (object)
System.Threading.ExecutionContext:RunInternal (System.Threading.ExecutionContext,System.Threading.ContextCallback,object,bool)
System.Threading.ExecutionContext:Run (System.Threading.ExecutionContext,System.Threading.ContextCallback,object,bool)
System.Threading.ExecutionContext:Run (System.Threading.ExecutionContext,System.Threading.ContextCallback,object)
System.Threading.ThreadHelper:ThreadStart ()

field degree for AlienRace.AlienChanceEntry`1[AlienRace.TraitWithDegree] doesn't exist
<degree>1</degree>
<li><defName>Industriousness</defName><degree>1</degree><chance>30</chance></li>

<forcedTraitsChance><li><defName>Industriousness</defName><degree>1</degree><chance>70</chance></li><li><defName>Industriousness</defName><degree>1</degree><chance>30</chance></li></forcedTraitsChance>
UnityEngine.StackTraceUtility:ExtractStackTrace ()
Verse.Log:Error (string)
AlienRace.Utilities:SetFieldFromXmlNode (HarmonyLib.Traverse,System.Xml.XmlNode,object,string) (at C:/Program Files (x86)/Steam/steamapps/common/RimWorld/Mods/AlienRaces/Source/AlienRace/AlienRace/Utilities.cs:125)
AlienRace.AlienChanceEntry`1<AlienRace.TraitWithDegree>:LoadDataFromXmlCustom (System.Xml.XmlNode) (at C:/Program Files (x86)/Steam/steamapps/common/RimWorld/Mods/AlienRaces/Source/AlienRace/AlienRace/ThingDef_AlienRace.cs:531)
(wrapper dynamic-method) Verse.DirectXmlToObjectNew/DummyTypeToHoldDynamicMethods:ParseAndAddCustomLoadableToList_AlienRace_AlienChanceEntry`1[[AlienRace_TraitWithDegree, AlienRace, Version=1_0_0_0, Culture=neutral, PublicKeyToken=null]] (object,int,System.Xml.XmlNode,System.Type)
(wrapper dynamic-method) Verse.DirectXmlToObjectNew/DummyTypeToHoldDynamicMethods:ParseAndSetListField_AlienRace_AlienChanceEntry`1[[AlienRace_TraitWithDegree, AlienRace, Version=1_0_0_0, Culture=neutral, PublicKeyToken=null]] (object,System.Reflection.FieldInfo,System.Xml.XmlNode,System.Type)
(wrapper dynamic-method) Verse.DirectXmlToObjectNew/DummyTypeToHoldDynamicMethods:ParseAndReturnDef_AlienRace_AlienBackstoryDef (int,int,System.Xml.XmlNode,System.Type)
Verse.DirectXmlToObjectNew:DefFromNodeNew (System.Xml.XmlNode,Verse.LoadableXmlAsset)
Verse.LoadedModManager:ParseAndProcessXML (System.Xml.XmlDocument,System.Collections.Generic.Dictionary`2<System.Xml.XmlNode, Verse.LoadableXmlAsset>,bool)
Verse.LoadedModManager:LoadAllActiveMods (bool)
Verse.PlayDataLoader:DoPlayLoad ()
Verse.PlayDataLoader:LoadAllPlayData (bool)
Verse.Root/<>c:<Start>b__10_1 ()
Verse.LongEventHandler:RunEventFromAnotherThread (System.Action)
Verse.LongEventHandler/<>c:<UpdateCurrentAsynchronousEvent>b__28_0 ()
System.Threading.ThreadHelper:ThreadStart_Context (object)
System.Threading.ExecutionContext:RunInternal (System.Threading.ExecutionContext,System.Threading.ContextCallback,object,bool)
System.Threading.ExecutionContext:Run (System.Threading.ExecutionContext,System.Threading.ContextCallback,object,bool)
System.Threading.ExecutionContext:Run (System.Threading.ExecutionContext,System.Threading.ContextCallback,object)
System.Threading.ThreadHelper:ThreadStart ()

Exception loading def from file Backstories_Artificials.xml: System.ArgumentNullException: Value cannot be null.
Parameter name: s
[Ref EE2F677E] Duplicate stacktrace, see ref for original
UnityEngine.StackTraceUtility:ExtractStackTrace ()
Verse.Log:Error (string)
Verse.DirectXmlToObjectNew:DefFromNodeNew (System.Xml.XmlNode,Verse.LoadableXmlAsset)
Verse.LoadedModManager:ParseAndProcessXML (System.Xml.XmlDocument,System.Collections.Generic.Dictionary`2<System.Xml.XmlNode, Verse.LoadableXmlAsset>,bool)
Verse.LoadedModManager:LoadAllActiveMods (bool)
Verse.PlayDataLoader:DoPlayLoad ()
Verse.PlayDataLoader:LoadAllPlayData (bool)
Verse.Root/<>c:<Start>b__10_1 ()
Verse.LongEventHandler:RunEventFromAnotherThread (System.Action)
Verse.LongEventHandler/<>c:<UpdateCurrentAsynchronousEvent>b__28_0 ()
System.Threading.ThreadHelper:ThreadStart_Context (object)
System.Threading.ExecutionContext:RunInternal (System.Threading.ExecutionContext,System.Threading.ContextCallback,object,bool)
System.Threading.ExecutionContext:Run (System.Threading.ExecutionContext,System.Threading.ContextCallback,object,bool)
System.Threading.ExecutionContext:Run (System.Threading.ExecutionContext,System.Threading.ContextCallback,object)
System.Threading.ThreadHelper:ThreadStart ()

field degree for AlienRace.AlienChanceEntry`1[AlienRace.TraitWithDegree] doesn't exist
<degree>1</degree>
<li><defName>Industriousness</defName><degree>1</degree><chance>80</chance></li>

<forcedTraitsChance><li><defName>Industriousness</defName><degree>1</degree><chance>80</chance></li><li><defName>Industriousness</defName><degree>1</degree><chance>5</chance></li></forcedTraitsChance>
UnityEngine.StackTraceUtility:ExtractStackTrace ()
Verse.Log:Error (string)
AlienRace.Utilities:SetFieldFromXmlNode (HarmonyLib.Traverse,System.Xml.XmlNode,object,string) (at C:/Program Files (x86)/Steam/steamapps/common/RimWorld/Mods/AlienRaces/Source/AlienRace/AlienRace/Utilities.cs:125)
AlienRace.AlienChanceEntry`1<AlienRace.TraitWithDegree>:LoadDataFromXmlCustom (System.Xml.XmlNode) (at C:/Program Files (x86)/Steam/steamapps/common/RimWorld/Mods/AlienRaces/Source/AlienRace/AlienRace/ThingDef_AlienRace.cs:531)
(wrapper dynamic-method) Verse.DirectXmlToObjectNew/DummyTypeToHoldDynamicMethods:ParseAndAddCustomLoadableToList_AlienRace_AlienChanceEntry`1[[AlienRace_TraitWithDegree, AlienRace, Version=1_0_0_0, Culture=neutral, PublicKeyToken=null]] (object,int,System.Xml.XmlNode,System.Type)
(wrapper dynamic-method) Verse.DirectXmlToObjectNew/DummyTypeToHoldDynamicMethods:ParseAndSetListField_AlienRace_AlienChanceEntry`1[[AlienRace_TraitWithDegree, AlienRace, Version=1_0_0_0, Culture=neutral, PublicKeyToken=null]] (object,System.Reflection.FieldInfo,System.Xml.XmlNode,System.Type)
(wrapper dynamic-method) Verse.DirectXmlToObjectNew/DummyTypeToHoldDynamicMethods:ParseAndReturnDef_AlienRace_AlienBackstoryDef (int,int,System.Xml.XmlNode,System.Type)
Verse.DirectXmlToObjectNew:DefFromNodeNew (System.Xml.XmlNode,Verse.LoadableXmlAsset)
Verse.LoadedModManager:ParseAndProcessXML (System.Xml.XmlDocument,System.Collections.Generic.Dictionary`2<System.Xml.XmlNode, Verse.LoadableXmlAsset>,bool)
Verse.LoadedModManager:LoadAllActiveMods (bool)
Verse.PlayDataLoader:DoPlayLoad ()
Verse.PlayDataLoader:LoadAllPlayData (bool)
Verse.Root/<>c:<Start>b__10_1 ()
Verse.LongEventHandler:RunEventFromAnotherThread (System.Action)
Verse.LongEventHandler/<>c:<UpdateCurrentAsynchronousEvent>b__28_0 ()
System.Threading.ThreadHelper:ThreadStart_Context (object)
System.Threading.ExecutionContext:RunInternal (System.Threading.ExecutionContext,System.Threading.ContextCallback,object,bool)
System.Threading.ExecutionContext:Run (System.Threading.ExecutionContext,System.Threading.ContextCallback,object,bool)
System.Threading.ExecutionContext:Run (System.Threading.ExecutionContext,System.Threading.ContextCallback,object)
System.Threading.ThreadHelper:ThreadStart ()

field degree for AlienRace.AlienChanceEntry`1[AlienRace.TraitWithDegree] doesn't exist
<degree>1</degree>
<li><defName>Industriousness</defName><degree>1</degree><chance>5</chance></li>

<forcedTraitsChance><li><defName>Industriousness</defName><degree>1</degree><chance>80</chance></li><li><defName>Industriousness</defName><degree>1</degree><chance>5</chance></li></forcedTraitsChance>
UnityEngine.StackTraceUtility:ExtractStackTrace ()
Verse.Log:Error (string)
AlienRace.Utilities:SetFieldFromXmlNode (HarmonyLib.Traverse,System.Xml.XmlNode,object,string) (at C:/Program Files (x86)/Steam/steamapps/common/RimWorld/Mods/AlienRaces/Source/AlienRace/AlienRace/Utilities.cs:125)
AlienRace.AlienChanceEntry`1<AlienRace.TraitWithDegree>:LoadDataFromXmlCustom (System.Xml.XmlNode) (at C:/Program Files (x86)/Steam/steamapps/common/RimWorld/Mods/AlienRaces/Source/AlienRace/AlienRace/ThingDef_AlienRace.cs:531)
(wrapper dynamic-method) Verse.DirectXmlToObjectNew/DummyTypeToHoldDynamicMethods:ParseAndAddCustomLoadableToList_AlienRace_AlienChanceEntry`1[[AlienRace_TraitWithDegree, AlienRace, Version=1_0_0_0, Culture=neutral, PublicKeyToken=null]] (object,int,System.Xml.XmlNode,System.Type)
(wrapper dynamic-method) Verse.DirectXmlToObjectNew/DummyTypeToHoldDynamicMethods:ParseAndSetListField_AlienRace_AlienChanceEntry`1[[AlienRace_TraitWithDegree, AlienRace, Version=1_0_0_0, Culture=neutral, PublicKeyToken=null]] (object,System.Reflection.FieldInfo,System.Xml.XmlNode,System.Type)
(wrapper dynamic-method) Verse.DirectXmlToObjectNew/DummyTypeToHoldDynamicMethods:ParseAndReturnDef_AlienRace_AlienBackstoryDef (int,int,System.Xml.XmlNode,System.Type)
Verse.DirectXmlToObjectNew:DefFromNodeNew (System.Xml.XmlNode,Verse.LoadableXmlAsset)
Verse.LoadedModManager:ParseAndProcessXML (System.Xml.XmlDocument,System.Collections.Generic.Dictionary`2<System.Xml.XmlNode, Verse.LoadableXmlAsset>,bool)
Verse.LoadedModManager:LoadAllActiveMods (bool)
Verse.PlayDataLoader:DoPlayLoad ()
Verse.PlayDataLoader:LoadAllPlayData (bool)
Verse.Root/<>c:<Start>b__10_1 ()
Verse.LongEventHandler:RunEventFromAnotherThread (System.Action)
Verse.LongEventHandler/<>c:<UpdateCurrentAsynchronousEvent>b__28_0 ()
System.Threading.ThreadHelper:ThreadStart_Context (object)
System.Threading.ExecutionContext:RunInternal (System.Threading.ExecutionContext,System.Threading.ContextCallback,object,bool)
System.Threading.ExecutionContext:Run (System.Threading.ExecutionContext,System.Threading.ContextCallback,object,bool)
System.Threading.ExecutionContext:Run (System.Threading.ExecutionContext,System.Threading.ContextCallback,object)
System.Threading.ThreadHelper:ThreadStart ()

Exception loading def from file Backstories_Artificials.xml: System.ArgumentNullException: Value cannot be null.
Parameter name: s
[Ref EE2F677E] Duplicate stacktrace, see ref for original
UnityEngine.StackTraceUtility:ExtractStackTrace ()
Verse.Log:Error (string)
Verse.DirectXmlToObjectNew:DefFromNodeNew (System.Xml.XmlNode,Verse.LoadableXmlAsset)
Verse.LoadedModManager:ParseAndProcessXML (System.Xml.XmlDocument,System.Collections.Generic.Dictionary`2<System.Xml.XmlNode, Verse.LoadableXmlAsset>,bool)
Verse.LoadedModManager:LoadAllActiveMods (bool)
Verse.PlayDataLoader:DoPlayLoad ()
Verse.PlayDataLoader:LoadAllPlayData (bool)
Verse.Root/<>c:<Start>b__10_1 ()
Verse.LongEventHandler:RunEventFromAnotherThread (System.Action)
Verse.LongEventHandler/<>c:<UpdateCurrentAsynchronousEvent>b__28_0 ()
System.Threading.ThreadHelper:ThreadStart_Context (object)
System.Threading.ExecutionContext:RunInternal (System.Threading.ExecutionContext,System.Threading.ContextCallback,object,bool)
System.Threading.ExecutionContext:Run (System.Threading.ExecutionContext,System.Threading.ContextCallback,object,bool)
System.Threading.ExecutionContext:Run (System.Threading.ExecutionContext,System.Threading.ContextCallback,object)
System.Threading.ThreadHelper:ThreadStart ()

field degree for AlienRace.AlienChanceEntry`1[AlienRace.TraitWithDegree] doesn't exist
<degree>1</degree>
<li><defName>Industriousness</defName><degree>1</degree><chance>25</chance></li>

<forcedTraitsChance><li><defName>Industriousness</defName><degree>1</degree><chance>25</chance></li><li><defName>Industriousness</defName><degree>1</degree><chance>1</chance></li><li><defName>Tough</defName></li></forcedTraitsChance>
UnityEngine.StackTraceUtility:ExtractStackTrace ()
Verse.Log:Error (string)
AlienRace.Utilities:SetFieldFromXmlNode (HarmonyLib.Traverse,System.Xml.XmlNode,object,string) (at C:/Program Files (x86)/Steam/steamapps/common/RimWorld/Mods/AlienRaces/Source/AlienRace/AlienRace/Utilities.cs:125)
AlienRace.AlienChanceEntry`1<AlienRace.TraitWithDegree>:LoadDataFromXmlCustom (System.Xml.XmlNode) (at C:/Program Files (x86)/Steam/steamapps/common/RimWorld/Mods/AlienRaces/Source/AlienRace/AlienRace/ThingDef_AlienRace.cs:531)
(wrapper dynamic-method) Verse.DirectXmlToObjectNew/DummyTypeToHoldDynamicMethods:ParseAndAddCustomLoadableToList_AlienRace_AlienChanceEntry`1[[AlienRace_TraitWithDegree, AlienRace, Version=1_0_0_0, Culture=neutral, PublicKeyToken=null]] (object,int,System.Xml.XmlNode,System.Type)
(wrapper dynamic-method) Verse.DirectXmlToObjectNew/DummyTypeToHoldDynamicMethods:ParseAndSetListField_AlienRace_AlienChanceEntry`1[[AlienRace_TraitWithDegree, AlienRace, Version=1_0_0_0, Culture=neutral, PublicKeyToken=null]] (object,System.Reflection.FieldInfo,System.Xml.XmlNode,System.Type)
(wrapper dynamic-method) Verse.DirectXmlToObjectNew/DummyTypeToHoldDynamicMethods:ParseAndReturnDef_AlienRace_AlienBackstoryDef (int,int,System.Xml.XmlNode,System.Type)
Verse.DirectXmlToObjectNew:DefFromNodeNew (System.Xml.XmlNode,Verse.LoadableXmlAsset)
Verse.LoadedModManager:ParseAndProcessXML (System.Xml.XmlDocument,System.Collections.Generic.Dictionary`2<System.Xml.XmlNode, Verse.LoadableXmlAsset>,bool)
Verse.LoadedModManager:LoadAllActiveMods (bool)
Verse.PlayDataLoader:DoPlayLoad ()
Verse.PlayDataLoader:LoadAllPlayData (bool)
Verse.Root/<>c:<Start>b__10_1 ()
Verse.LongEventHandler:RunEventFromAnotherThread (System.Action)
Verse.LongEventHandler/<>c:<UpdateCurrentAsynchronousEvent>b__28_0 ()
System.Threading.ThreadHelper:ThreadStart_Context (object)
System.Threading.ExecutionContext:RunInternal (System.Threading.ExecutionContext,System.Threading.ContextCallback,object,bool)
System.Threading.ExecutionContext:Run (System.Threading.ExecutionContext,System.Threading.ContextCallback,object,bool)
System.Threading.ExecutionContext:Run (System.Threading.ExecutionContext,System.Threading.ContextCallback,object)
System.Threading.ThreadHelper:ThreadStart ()

field degree for AlienRace.AlienChanceEntry`1[AlienRace.TraitWithDegree] doesn't exist
<degree>1</degree>
<li><defName>Industriousness</defName><degree>1</degree><chance>1</chance></li>

<forcedTraitsChance><li><defName>Industriousness</defName><degree>1</degree><chance>25</chance></li><li><defName>Industriousness</defName><degree>1</degree><chance>1</chance></li><li><defName>Tough</defName></li></forcedTraitsChance>
UnityEngine.StackTraceUtility:ExtractStackTrace ()
Verse.Log:Error (string)
AlienRace.Utilities:SetFieldFromXmlNode (HarmonyLib.Traverse,System.Xml.XmlNode,object,string) (at C:/Program Files (x86)/Steam/steamapps/common/RimWorld/Mods/AlienRaces/Source/AlienRace/AlienRace/Utilities.cs:125)
AlienRace.AlienChanceEntry`1<AlienRace.TraitWithDegree>:LoadDataFromXmlCustom (System.Xml.XmlNode) (at C:/Program Files (x86)/Steam/steamapps/common/RimWorld/Mods/AlienRaces/Source/AlienRace/AlienRace/ThingDef_AlienRace.cs:531)
(wrapper dynamic-method) Verse.DirectXmlToObjectNew/DummyTypeToHoldDynamicMethods:ParseAndAddCustomLoadableToList_AlienRace_AlienChanceEntry`1[[AlienRace_TraitWithDegree, AlienRace, Version=1_0_0_0, Culture=neutral, PublicKeyToken=null]] (object,int,System.Xml.XmlNode,System.Type)
(wrapper dynamic-method) Verse.DirectXmlToObjectNew/DummyTypeToHoldDynamicMethods:ParseAndSetListField_AlienRace_AlienChanceEntry`1[[AlienRace_TraitWithDegree, AlienRace, Version=1_0_0_0, Culture=neutral, PublicKeyToken=null]] (object,System.Reflection.FieldInfo,System.Xml.XmlNode,System.Type)
(wrapper dynamic-method) Verse.DirectXmlToObjectNew/DummyTypeToHoldDynamicMethods:ParseAndReturnDef_AlienRace_AlienBackstoryDef (int,int,System.Xml.XmlNode,System.Type)
Verse.DirectXmlToObjectNew:DefFromNodeNew (System.Xml.XmlNode,Verse.LoadableXmlAsset)
Verse.LoadedModManager:ParseAndProcessXML (System.Xml.XmlDocument,System.Collections.Generic.Dictionary`2<System.Xml.XmlNode, Verse.LoadableXmlAsset>,bool)
Verse.LoadedModManager:LoadAllActiveMods (bool)
Verse.PlayDataLoader:DoPlayLoad ()
Verse.PlayDataLoader:LoadAllPlayData (bool)
Verse.Root/<>c:<Start>b__10_1 ()
Verse.LongEventHandler:RunEventFromAnotherThread (System.Action)
Verse.LongEventHandler/<>c:<UpdateCurrentAsynchronousEvent>b__28_0 ()
System.Threading.ThreadHelper:ThreadStart_Context (object)
System.Threading.ExecutionContext:RunInternal (System.Threading.ExecutionContext,System.Threading.ContextCallback,object,bool)
System.Threading.ExecutionContext:Run (System.Threading.ExecutionContext,System.Threading.ContextCallback,object,bool)
System.Threading.ExecutionContext:Run (System.Threading.ExecutionContext,System.Threading.ContextCallback,object)
System.Threading.ThreadHelper:ThreadStart ()

Exception loading def from file Backstories_Artificials.xml: System.ArgumentNullException: Value cannot be null.
Parameter name: s
[Ref EE2F677E] Duplicate stacktrace, see ref for original
UnityEngine.StackTraceUtility:ExtractStackTrace ()
Verse.Log:Error (string)
Verse.DirectXmlToObjectNew:DefFromNodeNew (System.Xml.XmlNode,Verse.LoadableXmlAsset)
Verse.LoadedModManager:ParseAndProcessXML (System.Xml.XmlDocument,System.Collections.Generic.Dictionary`2<System.Xml.XmlNode, Verse.LoadableXmlAsset>,bool)
Verse.LoadedModManager:LoadAllActiveMods (bool)
Verse.PlayDataLoader:DoPlayLoad ()
Verse.PlayDataLoader:LoadAllPlayData (bool)
Verse.Root/<>c:<Start>b__10_1 ()
Verse.LongEventHandler:RunEventFromAnotherThread (System.Action)
Verse.LongEventHandler/<>c:<UpdateCurrentAsynchronousEvent>b__28_0 ()
System.Threading.ThreadHelper:ThreadStart_Context (object)
System.Threading.ExecutionContext:RunInternal (System.Threading.ExecutionContext,System.Threading.ContextCallback,object,bool)
System.Threading.ExecutionContext:Run (System.Threading.ExecutionContext,System.Threading.ContextCallback,object,bool)
System.Threading.ExecutionContext:Run (System.Threading.ExecutionContext,System.Threading.ContextCallback,object)
System.Threading.ThreadHelper:ThreadStart ()

field degree for AlienRace.AlienChanceEntry`1[AlienRace.TraitWithDegree] doesn't exist
<degree>1</degree>
<li><defName>Beauty</defName><degree>1</degree><chance>80</chance></li>

<forcedTraitsChance><li><defName>Beauty</defName><degree>1</degree><chance>80</chance></li><li><defName>Beauty</defName><degree>2</degree><chance>10</chance></li></forcedTraitsChance>
UnityEngine.StackTraceUtility:ExtractStackTrace ()
Verse.Log:Error (string)
AlienRace.Utilities:SetFieldFromXmlNode (HarmonyLib.Traverse,System.Xml.XmlNode,object,string) (at C:/Program Files (x86)/Steam/steamapps/common/RimWorld/Mods/AlienRaces/Source/AlienRace/AlienRace/Utilities.cs:125)
AlienRace.AlienChanceEntry`1<AlienRace.TraitWithDegree>:LoadDataFromXmlCustom (System.Xml.XmlNode) (at C:/Program Files (x86)/Steam/steamapps/common/RimWorld/Mods/AlienRaces/Source/AlienRace/AlienRace/ThingDef_AlienRace.cs:531)
(wrapper dynamic-method) Verse.DirectXmlToObjectNew/DummyTypeToHoldDynamicMethods:ParseAndAddCustomLoadableToList_AlienRace_AlienChanceEntry`1[[AlienRace_TraitWithDegree, AlienRace, Version=1_0_0_0, Culture=neutral, PublicKeyToken=null]] (object,int,System.Xml.XmlNode,System.Type)
(wrapper dynamic-method) Verse.DirectXmlToObjectNew/DummyTypeToHoldDynamicMethods:ParseAndSetListField_AlienRace_AlienChanceEntry`1[[AlienRace_TraitWithDegree, AlienRace, Version=1_0_0_0, Culture=neutral, PublicKeyToken=null]] (object,System.Reflection.FieldInfo,System.Xml.XmlNode,System.Type)
(wrapper dynamic-method) Verse.DirectXmlToObjectNew/DummyTypeToHoldDynamicMethods:ParseAndReturnDef_AlienRace_AlienBackstoryDef (int,int,System.Xml.XmlNode,System.Type)
Verse.DirectXmlToObjectNew:DefFromNodeNew (System.Xml.XmlNode,Verse.LoadableXmlAsset)
Verse.LoadedModManager:ParseAndProcessXML (System.Xml.XmlDocument,System.Collections.Generic.Dictionary`2<System.Xml.XmlNode, Verse.LoadableXmlAsset>,bool)
Verse.LoadedModManager:LoadAllActiveMods (bool)
Verse.PlayDataLoader:DoPlayLoad ()
Verse.PlayDataLoader:LoadAllPlayData (bool)
Verse.Root/<>c:<Start>b__10_1 ()
Verse.LongEventHandler:RunEventFromAnotherThread (System.Action)
Verse.LongEventHandler/<>c:<UpdateCurrentAsynchronousEvent>b__28_0 ()
System.Threading.ThreadHelper:ThreadStart_Context (object)
System.Threading.ExecutionContext:RunInternal (System.Threading.ExecutionContext,System.Threading.ContextCallback,object,bool)
System.Threading.ExecutionContext:Run (System.Threading.ExecutionContext,System.Threading.ContextCallback,object,bool)
System.Threading.ExecutionContext:Run (System.Threading.ExecutionContext,System.Threading.ContextCallback,object)
System.Threading.ThreadHelper:ThreadStart ()

field degree for AlienRace.AlienChanceEntry`1[AlienRace.TraitWithDegree] doesn't exist
<degree>2</degree>
<li><defName>Beauty</defName><degree>2</degree><chance>10</chance></li>

<forcedTraitsChance><li><defName>Beauty</defName><degree>1</degree><chance>80</chance></li><li><defName>Beauty</defName><degree>2</degree><chance>10</chance></li></forcedTraitsChance>
UnityEngine.StackTraceUtility:ExtractStackTrace ()
Verse.Log:Error (string)
AlienRace.Utilities:SetFieldFromXmlNode (HarmonyLib.Traverse,System.Xml.XmlNode,object,string) (at C:/Program Files (x86)/Steam/steamapps/common/RimWorld/Mods/AlienRaces/Source/AlienRace/AlienRace/Utilities.cs:125)
AlienRace.AlienChanceEntry`1<AlienRace.TraitWithDegree>:LoadDataFromXmlCustom (System.Xml.XmlNode) (at C:/Program Files (x86)/Steam/steamapps/common/RimWorld/Mods/AlienRaces/Source/AlienRace/AlienRace/ThingDef_AlienRace.cs:531)
(wrapper dynamic-method) Verse.DirectXmlToObjectNew/DummyTypeToHoldDynamicMethods:ParseAndAddCustomLoadableToList_AlienRace_AlienChanceEntry`1[[AlienRace_TraitWithDegree, AlienRace, Version=1_0_0_0, Culture=neutral, PublicKeyToken=null]] (object,int,System.Xml.XmlNode,System.Type)
(wrapper dynamic-method) Verse.DirectXmlToObjectNew/DummyTypeToHoldDynamicMethods:ParseAndSetListField_AlienRace_AlienChanceEntry`1[[AlienRace_TraitWithDegree, AlienRace, Version=1_0_0_0, Culture=neutral, PublicKeyToken=null]] (object,System.Reflection.FieldInfo,System.Xml.XmlNode,System.Type)
(wrapper dynamic-method) Verse.DirectXmlToObjectNew/DummyTypeToHoldDynamicMethods:ParseAndReturnDef_AlienRace_AlienBackstoryDef (int,int,System.Xml.XmlNode,System.Type)
Verse.DirectXmlToObjectNew:DefFromNodeNew (System.Xml.XmlNode,Verse.LoadableXmlAsset)
Verse.LoadedModManager:ParseAndProcessXML (System.Xml.XmlDocument,System.Collections.Generic.Dictionary`2<System.Xml.XmlNode, Verse.LoadableXmlAsset>,bool)
Verse.LoadedModManager:LoadAllActiveMods (bool)
Verse.PlayDataLoader:DoPlayLoad ()
Verse.PlayDataLoader:LoadAllPlayData (bool)
Verse.Root/<>c:<Start>b__10_1 ()
Verse.LongEventHandler:RunEventFromAnotherThread (System.Action)
Verse.LongEventHandler/<>c:<UpdateCurrentAsynchronousEvent>b__28_0 ()
System.Threading.ThreadHelper:ThreadStart_Context (object)
System.Threading.ExecutionContext:RunInternal (System.Threading.ExecutionContext,System.Threading.ContextCallback,object,bool)
System.Threading.ExecutionContext:Run (System.Threading.ExecutionContext,System.Threading.ContextCallback,object,bool)
System.Threading.ExecutionContext:Run (System.Threading.ExecutionContext,System.Threading.ContextCallback,object)
System.Threading.ThreadHelper:ThreadStart ()

Exception loading def from file Backstories_Artificials.xml: System.ArgumentNullException: Value cannot be null.
Parameter name: s
[Ref EE2F677E] Duplicate stacktrace, see ref for original
UnityEngine.StackTraceUtility:ExtractStackTrace ()
Verse.Log:Error (string)
Verse.DirectXmlToObjectNew:DefFromNodeNew (System.Xml.XmlNode,Verse.LoadableXmlAsset)
Verse.LoadedModManager:ParseAndProcessXML (System.Xml.XmlDocument,System.Collections.Generic.Dictionary`2<System.Xml.XmlNode, Verse.LoadableXmlAsset>,bool)
Verse.LoadedModManager:LoadAllActiveMods (bool)
Verse.PlayDataLoader:DoPlayLoad ()
Verse.PlayDataLoader:LoadAllPlayData (bool)
Verse.Root/<>c:<Start>b__10_1 ()
Verse.LongEventHandler:RunEventFromAnotherThread (System.Action)
Verse.LongEventHandler/<>c:<UpdateCurrentAsynchronousEvent>b__28_0 ()
System.Threading.ThreadHelper:ThreadStart_Context (object)
System.Threading.ExecutionContext:RunInternal (System.Threading.ExecutionContext,System.Threading.ContextCallback,object,bool)
System.Threading.ExecutionContext:Run (System.Threading.ExecutionContext,System.Threading.ContextCallback,object,bool)
System.Threading.ExecutionContext:Run (System.Threading.ExecutionContext,System.Threading.ContextCallback,object)
System.Threading.ThreadHelper:ThreadStart ()

field degree for AlienRace.AlienChanceEntry`1[AlienRace.TraitWithDegree] doesn't exist
<degree>1</degree>
<li><defName>Nerves</defName><degree>1</degree><chance>33</chance></li>

<forcedTraitsChance><li><defName>Tough</defName><chance>60</chance></li><li><defName>Nerves</defName><degree>1</degree><chance>33</chance></li><li><defName>Nerves</defName><degree>2</degree><chance>12</chance></li><li><defName>ShootingAccuracy</defName><degree>1</degree><chance>25</chance></li><li><defName>ShootingAccuracy</defName><degree>-1</degree><chance>25</chance></li></forcedTraitsChance>
UnityEngine.StackTraceUtility:ExtractStackTrace ()
Verse.Log:Error (string)
AlienRace.Utilities:SetFieldFromXmlNode (HarmonyLib.Traverse,System.Xml.XmlNode,object,string) (at C:/Program Files (x86)/Steam/steamapps/common/RimWorld/Mods/AlienRaces/Source/AlienRace/AlienRace/Utilities.cs:125)
AlienRace.AlienChanceEntry`1<AlienRace.TraitWithDegree>:LoadDataFromXmlCustom (System.Xml.XmlNode) (at C:/Program Files (x86)/Steam/steamapps/common/RimWorld/Mods/AlienRaces/Source/AlienRace/AlienRace/ThingDef_AlienRace.cs:531)
(wrapper dynamic-method) Verse.DirectXmlToObjectNew/DummyTypeToHoldDynamicMethods:ParseAndAddCustomLoadableToList_AlienRace_AlienChanceEntry`1[[AlienRace_TraitWithDegree, AlienRace, Version=1_0_0_0, Culture=neutral, PublicKeyToken=null]] (object,int,System.Xml.XmlNode,System.Type)
(wrapper dynamic-method) Verse.DirectXmlToObjectNew/DummyTypeToHoldDynamicMethods:ParseAndSetListField_AlienRace_AlienChanceEntry`1[[AlienRace_TraitWithDegree, AlienRace, Version=1_0_0_0, Culture=neutral, PublicKeyToken=null]] (object,System.Reflection.FieldInfo,System.Xml.XmlNode,System.Type)
(wrapper dynamic-method) Verse.DirectXmlToObjectNew/DummyTypeToHoldDynamicMethods:ParseAndReturnDef_AlienRace_AlienBackstoryDef (int,int,System.Xml.XmlNode,System.Type)
Verse.DirectXmlToObjectNew:DefFromNodeNew (System.Xml.XmlNode,Verse.LoadableXmlAsset)
Verse.LoadedModManager:ParseAndProcessXML (System.Xml.XmlDocument,System.Collections.Generic.Dictionary`2<System.Xml.XmlNode, Verse.LoadableXmlAsset>,bool)
Verse.LoadedModManager:LoadAllActiveMods (bool)
Verse.PlayDataLoader:DoPlayLoad ()
Verse.PlayDataLoader:LoadAllPlayData (bool)
Verse.Root/<>c:<Start>b__10_1 ()
Verse.LongEventHandler:RunEventFromAnotherThread (System.Action)
Verse.LongEventHandler/<>c:<UpdateCurrentAsynchronousEvent>b__28_0 ()
System.Threading.ThreadHelper:ThreadStart_Context (object)
System.Threading.ExecutionContext:RunInternal (System.Threading.ExecutionContext,System.Threading.ContextCallback,object,bool)
System.Threading.ExecutionContext:Run (System.Threading.ExecutionContext,System.Threading.ContextCallback,object,bool)
System.Threading.ExecutionContext:Run (System.Threading.ExecutionContext,System.Threading.ContextCallback,object)
System.Threading.ThreadHelper:ThreadStart ()

field degree for AlienRace.AlienChanceEntry`1[AlienRace.TraitWithDegree] doesn't exist
<degree>2</degree>
<li><defName>Nerves</defName><degree>2</degree><chance>12</chance></li>

<forcedTraitsChance><li><defName>Tough</defName><chance>60</chance></li><li><defName>Nerves</defName><degree>1</degree><chance>33</chance></li><li><defName>Nerves</defName><degree>2</degree><chance>12</chance></li><li><defName>ShootingAccuracy</defName><degree>1</degree><chance>25</chance></li><li><defName>ShootingAccuracy</defName><degree>-1</degree><chance>25</chance></li></forcedTraitsChance>
UnityEngine.StackTraceUtility:ExtractStackTrace ()
Verse.Log:Error (string)
AlienRace.Utilities:SetFieldFromXmlNode (HarmonyLib.Traverse,System.Xml.XmlNode,object,string) (at C:/Program Files (x86)/Steam/steamapps/common/RimWorld/Mods/AlienRaces/Source/AlienRace/AlienRace/Utilities.cs:125)
AlienRace.AlienChanceEntry`1<AlienRace.TraitWithDegree>:LoadDataFromXmlCustom (System.Xml.XmlNode) (at C:/Program Files (x86)/Steam/steamapps/common/RimWorld/Mods/AlienRaces/Source/AlienRace/AlienRace/ThingDef_AlienRace.cs:531)
(wrapper dynamic-method) Verse.DirectXmlToObjectNew/DummyTypeToHoldDynamicMethods:ParseAndAddCustomLoadableToList_AlienRace_AlienChanceEntry`1[[AlienRace_TraitWithDegree, AlienRace, Version=1_0_0_0, Culture=neutral, PublicKeyToken=null]] (object,int,System.Xml.XmlNode,System.Type)
(wrapper dynamic-method) Verse.DirectXmlToObjectNew/DummyTypeToHoldDynamicMethods:ParseAndSetListField_AlienRace_AlienChanceEntry`1[[AlienRace_TraitWithDegree, AlienRace, Version=1_0_0_0, Culture=neutral, PublicKeyToken=null]] (object,System.Reflection.FieldInfo,System.Xml.XmlNode,System.Type)
(wrapper dynamic-method) Verse.DirectXmlToObjectNew/DummyTypeToHoldDynamicMethods:ParseAndReturnDef_AlienRace_AlienBackstoryDef (int,int,System.Xml.XmlNode,System.Type)
Verse.DirectXmlToObjectNew:DefFromNodeNew (System.Xml.XmlNode,Verse.LoadableXmlAsset)
Verse.LoadedModManager:ParseAndProcessXML (System.Xml.XmlDocument,System.Collections.Generic.Dictionary`2<System.Xml.XmlNode, Verse.LoadableXmlAsset>,bool)
Verse.LoadedModManager:LoadAllActiveMods (bool)
Verse.PlayDataLoader:DoPlayLoad ()
Verse.PlayDataLoader:LoadAllPlayData (bool)
Verse.Root/<>c:<Start>b__10_1 ()
Verse.LongEventHandler:RunEventFromAnotherThread (System.Action)
Verse.LongEventHandler/<>c:<UpdateCurrentAsynchronousEvent>b__28_0 ()
System.Threading.ThreadHelper:ThreadStart_Context (object)
System.Threading.ExecutionContext:RunInternal (System.Threading.ExecutionContext,System.Threading.ContextCallback,object,bool)
System.Threading.ExecutionContext:Run (System.Threading.ExecutionContext,System.Threading.ContextCallback,object,bool)
System.Threading.ExecutionContext:Run (System.Threading.ExecutionContext,System.Threading.ContextCallback,object)
System.Threading.ThreadHelper:ThreadStart ()

field degree for AlienRace.AlienChanceEntry`1[AlienRace.TraitWithDegree] doesn't exist
<degree>1</degree>
<li><defName>ShootingAccuracy</defName><degree>1</degree><chance>25</chance></li>

<forcedTraitsChance><li><defName>Tough</defName><chance>60</chance></li><li><defName>Nerves</defName><degree>1</degree><chance>33</chance></li><li><defName>Nerves</defName><degree>2</degree><chance>12</chance></li><li><defName>ShootingAccuracy</defName><degree>1</degree><chance>25</chance></li><li><defName>ShootingAccuracy</defName><degree>-1</degree><chance>25</chance></li></forcedTraitsChance>
UnityEngine.StackTraceUtility:ExtractStackTrace ()
Verse.Log:Error (string)
AlienRace.Utilities:SetFieldFromXmlNode (HarmonyLib.Traverse,System.Xml.XmlNode,object,string) (at C:/Program Files (x86)/Steam/steamapps/common/RimWorld/Mods/AlienRaces/Source/AlienRace/AlienRace/Utilities.cs:125)
AlienRace.AlienChanceEntry`1<AlienRace.TraitWithDegree>:LoadDataFromXmlCustom (System.Xml.XmlNode) (at C:/Program Files (x86)/Steam/steamapps/common/RimWorld/Mods/AlienRaces/Source/AlienRace/AlienRace/ThingDef_AlienRace.cs:531)
(wrapper dynamic-method) Verse.DirectXmlToObjectNew/DummyTypeToHoldDynamicMethods:ParseAndAddCustomLoadableToList_AlienRace_AlienChanceEntry`1[[AlienRace_TraitWithDegree, AlienRace, Version=1_0_0_0, Culture=neutral, PublicKeyToken=null]] (object,int,System.Xml.XmlNode,System.Type)
(wrapper dynamic-method) Verse.DirectXmlToObjectNew/DummyTypeToHoldDynamicMethods:ParseAndSetListField_AlienRace_AlienChanceEntry`1[[AlienRace_TraitWithDegree, AlienRace, Version=1_0_0_0, Culture=neutral, PublicKeyToken=null]] (object,System.Reflection.FieldInfo,System.Xml.XmlNode,System.Type)
(wrapper dynamic-method) Verse.DirectXmlToObjectNew/DummyTypeToHoldDynamicMethods:ParseAndReturnDef_AlienRace_AlienBackstoryDef (int,int,System.Xml.XmlNode,System.Type)
Verse.DirectXmlToObjectNew:DefFromNodeNew (System.Xml.XmlNode,Verse.LoadableXmlAsset)
Verse.LoadedModManager:ParseAndProcessXML (System.Xml.XmlDocument,System.Collections.Generic.Dictionary`2<System.Xml.XmlNode, Verse.LoadableXmlAsset>,bool)
Verse.LoadedModManager:LoadAllActiveMods (bool)
Verse.PlayDataLoader:DoPlayLoad ()
Verse.PlayDataLoader:LoadAllPlayData (bool)
Verse.Root/<>c:<Start>b__10_1 ()
Verse.LongEventHandler:RunEventFromAnotherThread (System.Action)
Verse.LongEventHandler/<>c:<UpdateCurrentAsynchronousEvent>b__28_0 ()
System.Threading.ThreadHelper:ThreadStart_Context (object)
System.Threading.ExecutionContext:RunInternal (System.Threading.ExecutionContext,System.Threading.ContextCallback,object,bool)
System.Threading.ExecutionContext:Run (System.Threading.ExecutionContext,System.Threading.ContextCallback,object,bool)
System.Threading.ExecutionContext:Run (System.Threading.ExecutionContext,System.Threading.ContextCallback,object)
System.Threading.ThreadHelper:ThreadStart ()

field degree for AlienRace.AlienChanceEntry`1[AlienRace.TraitWithDegree] doesn't exist
<degree>-1</degree>
<li><defName>ShootingAccuracy</defName><degree>-1</degree><chance>25</chance></li>

<forcedTraitsChance><li><defName>Tough</defName><chance>60</chance></li><li><defName>Nerves</defName><degree>1</degree><chance>33</chance></li><li><defName>Nerves</defName><degree>2</degree><chance>12</chance></li><li><defName>ShootingAccuracy</defName><degree>1</degree><chance>25</chance></li><li><defName>ShootingAccuracy</defName><degree>-1</degree><chance>25</chance></li></forcedTraitsChance>
UnityEngine.StackTraceUtility:ExtractStackTrace ()
Verse.Log:Error (string)
AlienRace.Utilities:SetFieldFromXmlNode (HarmonyLib.Traverse,System.Xml.XmlNode,object,string) (at C:/Program Files (x86)/Steam/steamapps/common/RimWorld/Mods/AlienRaces/Source/AlienRace/AlienRace/Utilities.cs:125)
AlienRace.AlienChanceEntry`1<AlienRace.TraitWithDegree>:LoadDataFromXmlCustom (System.Xml.XmlNode) (at C:/Program Files (x86)/Steam/steamapps/common/RimWorld/Mods/AlienRaces/Source/AlienRace/AlienRace/ThingDef_AlienRace.cs:531)
(wrapper dynamic-method) Verse.DirectXmlToObjectNew/DummyTypeToHoldDynamicMethods:ParseAndAddCustomLoadableToList_AlienRace_AlienChanceEntry`1[[AlienRace_TraitWithDegree, AlienRace, Version=1_0_0_0, Culture=neutral, PublicKeyToken=null]] (object,int,System.Xml.XmlNode,System.Type)
(wrapper dynamic-method) Verse.DirectXmlToObjectNew/DummyTypeToHoldDynamicMethods:ParseAndSetListField_AlienRace_AlienChanceEntry`1[[AlienRace_TraitWithDegree, AlienRace, Version=1_0_0_0, Culture=neutral, PublicKeyToken=null]] (object,System.Reflection.FieldInfo,System.Xml.XmlNode,System.Type)
(wrapper dynamic-method) Verse.DirectXmlToObjectNew/DummyTypeToHoldDynamicMethods:ParseAndReturnDef_AlienRace_AlienBackstoryDef (int,int,System.Xml.XmlNode,System.Type)
Verse.DirectXmlToObjectNew:DefFromNodeNew (System.Xml.XmlNode,Verse.LoadableXmlAsset)
Verse.LoadedModManager:ParseAndProcessXML (System.Xml.XmlDocument,System.Collections.Generic.Dictionary`2<System.Xml.XmlNode, Verse.LoadableXmlAsset>,bool)
Verse.LoadedModManager:LoadAllActiveMods (bool)
Verse.PlayDataLoader:DoPlayLoad ()
Verse.PlayDataLoader:LoadAllPlayData (bool)
Verse.Root/<>c:<Start>b__10_1 ()
Verse.LongEventHandler:RunEventFromAnotherThread (System.Action)
Verse.LongEventHandler/<>c:<UpdateCurrentAsynchronousEvent>b__28_0 ()
System.Threading.ThreadHelper:ThreadStart_Context (object)
System.Threading.ExecutionContext:RunInternal (System.Threading.ExecutionContext,System.Threading.ContextCallback,object,bool)
System.Threading.ExecutionContext:Run (System.Threading.ExecutionContext,System.Threading.ContextCallback,object,bool)
System.Threading.ExecutionContext:Run (System.Threading.ExecutionContext,System.Threading.ContextCallback,object)
System.Threading.ThreadHelper:ThreadStart ()

Exception loading def from file Backstories_Artificials.xml: System.ArgumentNullException: Value cannot be null.
Parameter name: s
[Ref EE2F677E] Duplicate stacktrace, see ref for original
UnityEngine.StackTraceUtility:ExtractStackTrace ()
Verse.Log:Error (string)
Verse.DirectXmlToObjectNew:DefFromNodeNew (System.Xml.XmlNode,Verse.LoadableXmlAsset)
Verse.LoadedModManager:ParseAndProcessXML (System.Xml.XmlDocument,System.Collections.Generic.Dictionary`2<System.Xml.XmlNode, Verse.LoadableXmlAsset>,bool)
Verse.LoadedModManager:LoadAllActiveMods (bool)
Verse.PlayDataLoader:DoPlayLoad ()
Verse.PlayDataLoader:LoadAllPlayData (bool)
Verse.Root/<>c:<Start>b__10_1 ()
Verse.LongEventHandler:RunEventFromAnotherThread (System.Action)
Verse.LongEventHandler/<>c:<UpdateCurrentAsynchronousEvent>b__28_0 ()
System.Threading.ThreadHelper:ThreadStart_Context (object)
System.Threading.ExecutionContext:RunInternal (System.Threading.ExecutionContext,System.Threading.ContextCallback,object,bool)
System.Threading.ExecutionContext:Run (System.Threading.ExecutionContext,System.Threading.ContextCallback,object,bool)
System.Threading.ExecutionContext:Run (System.Threading.ExecutionContext,System.Threading.ContextCallback,object)
System.Threading.ThreadHelper:ThreadStart ()

Exception loading def from file Backstories_Humanoid.xml: System.ArgumentNullException: Value cannot be null.
Parameter name: s
[Ref EE2F677E] Duplicate stacktrace, see ref for original
UnityEngine.StackTraceUtility:ExtractStackTrace ()
Verse.Log:Error (string)
Verse.DirectXmlToObjectNew:DefFromNodeNew (System.Xml.XmlNode,Verse.LoadableXmlAsset)
Verse.LoadedModManager:ParseAndProcessXML (System.Xml.XmlDocument,System.Collections.Generic.Dictionary`2<System.Xml.XmlNode, Verse.LoadableXmlAsset>,bool)
Verse.LoadedModManager:LoadAllActiveMods (bool)
Verse.PlayDataLoader:DoPlayLoad ()
Verse.PlayDataLoader:LoadAllPlayData (bool)
Verse.Root/<>c:<Start>b__10_1 ()
Verse.LongEventHandler:RunEventFromAnotherThread (System.Action)
Verse.LongEventHandler/<>c:<UpdateCurrentAsynchronousEvent>b__28_0 ()
System.Threading.ThreadHelper:ThreadStart_Context (object)
System.Threading.ExecutionContext:RunInternal (System.Threading.ExecutionContext,System.Threading.ContextCallback,object,bool)
System.Threading.ExecutionContext:Run (System.Threading.ExecutionContext,System.Threading.ContextCallback,object,bool)
System.Threading.ExecutionContext:Run (System.Threading.ExecutionContext,System.Threading.ContextCallback,object)
System.Threading.ThreadHelper:ThreadStart ()

field degree for AlienRace.AlienChanceEntry`1[AlienRace.TraitWithDegree] doesn't exist
<degree>1</degree>
<li><defName>DrugDesire</defName><degree>1</degree><chance>65</chance></li>

<forcedTraitsChance><li><defName>Tough</defName><chance>50</chance></li><li><defName>QuickSleeper</defName><chance>50</chance></li><li><defName>DrugDesire</defName><degree>1</degree><chance>65</chance></li><li><defName>DrugDesire</defName><degree>2</degree><chance>35</chance></li><li><defName>Nerves</defName><degree>1</degree><chance>50</chance></li><li><defName>Nerves</defName><degree>2</degree><chance>10</chance></li></forcedTraitsChance>
UnityEngine.StackTraceUtility:ExtractStackTrace ()
Verse.Log:Error (string)
AlienRace.Utilities:SetFieldFromXmlNode (HarmonyLib.Traverse,System.Xml.XmlNode,object,string) (at C:/Program Files (x86)/Steam/steamapps/common/RimWorld/Mods/AlienRaces/Source/AlienRace/AlienRace/Utilities.cs:125)
AlienRace.AlienChanceEntry`1<AlienRace.TraitWithDegree>:LoadDataFromXmlCustom (System.Xml.XmlNode) (at C:/Program Files (x86)/Steam/steamapps/common/RimWorld/Mods/AlienRaces/Source/AlienRace/AlienRace/ThingDef_AlienRace.cs:531)
(wrapper dynamic-method) Verse.DirectXmlToObjectNew/DummyTypeToHoldDynamicMethods:ParseAndAddCustomLoadableToList_AlienRace_AlienChanceEntry`1[[AlienRace_TraitWithDegree, AlienRace, Version=1_0_0_0, Culture=neutral, PublicKeyToken=null]] (object,int,System.Xml.XmlNode,System.Type)
(wrapper dynamic-method) Verse.DirectXmlToObjectNew/DummyTypeToHoldDynamicMethods:ParseAndSetListField_AlienRace_AlienChanceEntry`1[[AlienRace_TraitWithDegree, AlienRace, Version=1_0_0_0, Culture=neutral, PublicKeyToken=null]] (object,System.Reflection.FieldInfo,System.Xml.XmlNode,System.Type)
(wrapper dynamic-method) Verse.DirectXmlToObjectNew/DummyTypeToHoldDynamicMethods:ParseAndReturnDef_AlienRace_AlienBackstoryDef (int,int,System.Xml.XmlNode,System.Type)
Verse.DirectXmlToObjectNew:DefFromNodeNew (System.Xml.XmlNode,Verse.LoadableXmlAsset)
Verse.LoadedModManager:ParseAndProcessXML (System.Xml.XmlDocument,System.Collections.Generic.Dictionary`2<System.Xml.XmlNode, Verse.LoadableXmlAsset>,bool)
Verse.LoadedModManager:LoadAllActiveMods (bool)
Verse.PlayDataLoader:DoPlayLoad ()
Verse.PlayDataLoader:LoadAllPlayData (bool)
Verse.Root/<>c:<Start>b__10_1 ()
Verse.LongEventHandler:RunEventFromAnotherThread (System.Action)
Verse.LongEventHandler/<>c:<UpdateCurrentAsynchronousEvent>b__28_0 ()
System.Threading.ThreadHelper:ThreadStart_Context (object)
System.Threading.ExecutionContext:RunInternal (System.Threading.ExecutionContext,System.Threading.ContextCallback,object,bool)
System.Threading.ExecutionContext:Run (System.Threading.ExecutionContext,System.Threading.ContextCallback,object,bool)
System.Threading.ExecutionContext:Run (System.Threading.ExecutionContext,System.Threading.ContextCallback,object)
System.Threading.ThreadHelper:ThreadStart ()

field degree for AlienRace.AlienChanceEntry`1[AlienRace.TraitWithDegree] doesn't exist
<degree>2</degree>
<li><defName>DrugDesire</defName><degree>2</degree><chance>35</chance></li>

<forcedTraitsChance><li><defName>Tough</defName><chance>50</chance></li><li><defName>QuickSleeper</defName><chance>50</chance></li><li><defName>DrugDesire</defName><degree>1</degree><chance>65</chance></li><li><defName>DrugDesire</defName><degree>2</degree><chance>35</chance></li><li><defName>Nerves</defName><degree>1</degree><chance>50</chance></li><li><defName>Nerves</defName><degree>2</degree><chance>10</chance></li></forcedTraitsChance>
UnityEngine.StackTraceUtility:ExtractStackTrace ()
Verse.Log:Error (string)
AlienRace.Utilities:SetFieldFromXmlNode (HarmonyLib.Traverse,System.Xml.XmlNode,object,string) (at C:/Program Files (x86)/Steam/steamapps/common/RimWorld/Mods/AlienRaces/Source/AlienRace/AlienRace/Utilities.cs:125)
AlienRace.AlienChanceEntry`1<AlienRace.TraitWithDegree>:LoadDataFromXmlCustom (System.Xml.XmlNode) (at C:/Program Files (x86)/Steam/steamapps/common/RimWorld/Mods/AlienRaces/Source/AlienRace/AlienRace/ThingDef_AlienRace.cs:531)
(wrapper dynamic-method) Verse.DirectXmlToObjectNew/DummyTypeToHoldDynamicMethods:ParseAndAddCustomLoadableToList_AlienRace_AlienChanceEntry`1[[AlienRace_TraitWithDegree, AlienRace, Version=1_0_0_0, Culture=neutral, PublicKeyToken=null]] (object,int,System.Xml.XmlNode,System.Type)
(wrapper dynamic-method) Verse.DirectXmlToObjectNew/DummyTypeToHoldDynamicMethods:ParseAndSetListField_AlienRace_AlienChanceEntry`1[[AlienRace_TraitWithDegree, AlienRace, Version=1_0_0_0, Culture=neutral, PublicKeyToken=null]] (object,System.Reflection.FieldInfo,System.Xml.XmlNode,System.Type)
(wrapper dynamic-method) Verse.DirectXmlToObjectNew/DummyTypeToHoldDynamicMethods:ParseAndReturnDef_AlienRace_AlienBackstoryDef (int,int,System.Xml.XmlNode,System.Type)
Verse.DirectXmlToObjectNew:DefFromNodeNew (System.Xml.XmlNode,Verse.LoadableXmlAsset)
Verse.LoadedModManager:ParseAndProcessXML (System.Xml.XmlDocument,System.Collections.Generic.Dictionary`2<System.Xml.XmlNode, Verse.LoadableXmlAsset>,bool)
Verse.LoadedModManager:LoadAllActiveMods (bool)
Verse.PlayDataLoader:DoPlayLoad ()
Verse.PlayDataLoader:LoadAllPlayData (bool)
Verse.Root/<>c:<Start>b__10_1 ()
Verse.LongEventHandler:RunEventFromAnotherThread (System.Action)
Verse.LongEventHandler/<>c:<UpdateCurrentAsynchronousEvent>b__28_0 ()
System.Threading.ThreadHelper:ThreadStart_Context (object)
System.Threading.ExecutionContext:RunInternal (System.Threading.ExecutionContext,System.Threading.ContextCallback,object,bool)
System.Threading.ExecutionContext:Run (System.Threading.ExecutionContext,System.Threading.ContextCallback,object,bool)
System.Threading.ExecutionContext:Run (System.Threading.ExecutionContext,System.Threading.ContextCallback,object)
System.Threading.ThreadHelper:ThreadStart ()

field degree for AlienRace.AlienChanceEntry`1[AlienRace.TraitWithDegree] doesn't exist
<degree>1</degree>
<li><defName>Nerves</defName><degree>1</degree><chance>50</chance></li>

<forcedTraitsChance><li><defName>Tough</defName><chance>50</chance></li><li><defName>QuickSleeper</defName><chance>50</chance></li><li><defName>DrugDesire</defName><degree>1</degree><chance>65</chance></li><li><defName>DrugDesire</defName><degree>2</degree><chance>35</chance></li><li><defName>Nerves</defName><degree>1</degree><chance>50</chance></li><li><defName>Nerves</defName><degree>2</degree><chance>10</chance></li></forcedTraitsChance>
UnityEngine.StackTraceUtility:ExtractStackTrace ()
Verse.Log:Error (string)
AlienRace.Utilities:SetFieldFromXmlNode (HarmonyLib.Traverse,System.Xml.XmlNode,object,string) (at C:/Program Files (x86)/Steam/steamapps/common/RimWorld/Mods/AlienRaces/Source/AlienRace/AlienRace/Utilities.cs:125)
AlienRace.AlienChanceEntry`1<AlienRace.TraitWithDegree>:LoadDataFromXmlCustom (System.Xml.XmlNode) (at C:/Program Files (x86)/Steam/steamapps/common/RimWorld/Mods/AlienRaces/Source/AlienRace/AlienRace/ThingDef_AlienRace.cs:531)
(wrapper dynamic-method) Verse.DirectXmlToObjectNew/DummyTypeToHoldDynamicMethods:ParseAndAddCustomLoadableToList_AlienRace_AlienChanceEntry`1[[AlienRace_TraitWithDegree, AlienRace, Version=1_0_0_0, Culture=neutral, PublicKeyToken=null]] (object,int,System.Xml.XmlNode,System.Type)
(wrapper dynamic-method) Verse.DirectXmlToObjectNew/DummyTypeToHoldDynamicMethods:ParseAndSetListField_AlienRace_AlienChanceEntry`1[[AlienRace_TraitWithDegree, AlienRace, Version=1_0_0_0, Culture=neutral, PublicKeyToken=null]] (object,System.Reflection.FieldInfo,System.Xml.XmlNode,System.Type)
(wrapper dynamic-method) Verse.DirectXmlToObjectNew/DummyTypeToHoldDynamicMethods:ParseAndReturnDef_AlienRace_AlienBackstoryDef (int,int,System.Xml.XmlNode,System.Type)
Verse.DirectXmlToObjectNew:DefFromNodeNew (System.Xml.XmlNode,Verse.LoadableXmlAsset)
Verse.LoadedModManager:ParseAndProcessXML (System.Xml.XmlDocument,System.Collections.Generic.Dictionary`2<System.Xml.XmlNode, Verse.LoadableXmlAsset>,bool)
Verse.LoadedModManager:LoadAllActiveMods (bool)
Verse.PlayDataLoader:DoPlayLoad ()
Verse.PlayDataLoader:LoadAllPlayData (bool)
Verse.Root/<>c:<Start>b__10_1 ()
Verse.LongEventHandler:RunEventFromAnotherThread (System.Action)
Verse.LongEventHandler/<>c:<UpdateCurrentAsynchronousEvent>b__28_0 ()
System.Threading.ThreadHelper:ThreadStart_Context (object)
System.Threading.ExecutionContext:RunInternal (System.Threading.ExecutionContext,System.Threading.ContextCallback,object,bool)
System.Threading.ExecutionContext:Run (System.Threading.ExecutionContext,System.Threading.ContextCallback,object,bool)
System.Threading.ExecutionContext:Run (System.Threading.ExecutionContext,System.Threading.ContextCallback,object)
System.Threading.ThreadHelper:ThreadStart ()

field degree for AlienRace.AlienChanceEntry`1[AlienRace.TraitWithDegree] doesn't exist
<degree>2</degree>
<li><defName>Nerves</defName><degree>2</degree><chance>10</chance></li>

<forcedTraitsChance><li><defName>Tough</defName><chance>50</chance></li><li><defName>QuickSleeper</defName><chance>50</chance></li><li><defName>DrugDesire</defName><degree>1</degree><chance>65</chance></li><li><defName>DrugDesire</defName><degree>2</degree><chance>35</chance></li><li><defName>Nerves</defName><degree>1</degree><chance>50</chance></li><li><defName>Nerves</defName><degree>2</degree><chance>10</chance></li></forcedTraitsChance>
UnityEngine.StackTraceUtility:ExtractStackTrace ()
Verse.Log:Error (string)
AlienRace.Utilities:SetFieldFromXmlNode (HarmonyLib.Traverse,System.Xml.XmlNode,object,string) (at C:/Program Files (x86)/Steam/steamapps/common/RimWorld/Mods/AlienRaces/Source/AlienRace/AlienRace/Utilities.cs:125)
AlienRace.AlienChanceEntry`1<AlienRace.TraitWithDegree>:LoadDataFromXmlCustom (System.Xml.XmlNode) (at C:/Program Files (x86)/Steam/steamapps/common/RimWorld/Mods/AlienRaces/Source/AlienRace/AlienRace/ThingDef_AlienRace.cs:531)
(wrapper dynamic-method) Verse.DirectXmlToObjectNew/DummyTypeToHoldDynamicMethods:ParseAndAddCustomLoadableToList_AlienRace_AlienChanceEntry`1[[AlienRace_TraitWithDegree, AlienRace, Version=1_0_0_0, Culture=neutral, PublicKeyToken=null]] (object,int,System.Xml.XmlNode,System.Type)
(wrapper dynamic-method) Verse.DirectXmlToObjectNew/DummyTypeToHoldDynamicMethods:ParseAndSetListField_AlienRace_AlienChanceEntry`1[[AlienRace_TraitWithDegree, AlienRace, Version=1_0_0_0, Culture=neutral, PublicKeyToken=null]] (object,System.Reflection.FieldInfo,System.Xml.XmlNode,System.Type)
(wrapper dynamic-method) Verse.DirectXmlToObjectNew/DummyTypeToHoldDynamicMethods:ParseAndReturnDef_AlienRace_AlienBackstoryDef (int,int,System.Xml.XmlNode,System.Type)
Verse.DirectXmlToObjectNew:DefFromNodeNew (System.Xml.XmlNode,Verse.LoadableXmlAsset)
Verse.LoadedModManager:ParseAndProcessXML (System.Xml.XmlDocument,System.Collections.Generic.Dictionary`2<System.Xml.XmlNode, Verse.LoadableXmlAsset>,bool)
Verse.LoadedModManager:LoadAllActiveMods (bool)
Verse.PlayDataLoader:DoPlayLoad ()
Verse.PlayDataLoader:LoadAllPlayData (bool)
Verse.Root/<>c:<Start>b__10_1 ()
Verse.LongEventHandler:RunEventFromAnotherThread (System.Action)
Verse.LongEventHandler/<>c:<UpdateCurrentAsynchronousEvent>b__28_0 ()
System.Threading.ThreadHelper:ThreadStart_Context (object)
System.Threading.ExecutionContext:RunInternal (System.Threading.ExecutionContext,System.Threading.ContextCallback,object,bool)
System.Threading.ExecutionContext:Run (System.Threading.ExecutionContext,System.Threading.ContextCallback,object,bool)
System.Threading.ExecutionContext:Run (System.Threading.ExecutionContext,System.Threading.ContextCallback,object)
System.Threading.ThreadHelper:ThreadStart ()

Exception loading def from file Backstories_Humanoid.xml: System.ArgumentNullException: Value cannot be null.
Parameter name: s
[Ref EE2F677E] Duplicate stacktrace, see ref for original
UnityEngine.StackTraceUtility:ExtractStackTrace ()
Verse.Log:Error (string)
Verse.DirectXmlToObjectNew:DefFromNodeNew (System.Xml.XmlNode,Verse.LoadableXmlAsset)
Verse.LoadedModManager:ParseAndProcessXML (System.Xml.XmlDocument,System.Collections.Generic.Dictionary`2<System.Xml.XmlNode, Verse.LoadableXmlAsset>,bool)
Verse.LoadedModManager:LoadAllActiveMods (bool)
Verse.PlayDataLoader:DoPlayLoad ()
Verse.PlayDataLoader:LoadAllPlayData (bool)
Verse.Root/<>c:<Start>b__10_1 ()
Verse.LongEventHandler:RunEventFromAnotherThread (System.Action)
Verse.LongEventHandler/<>c:<UpdateCurrentAsynchronousEvent>b__28_0 ()
System.Threading.ThreadHelper:ThreadStart_Context (object)
System.Threading.ExecutionContext:RunInternal (System.Threading.ExecutionContext,System.Threading.ContextCallback,object,bool)
System.Threading.ExecutionContext:Run (System.Threading.ExecutionContext,System.Threading.ContextCallback,object,bool)
System.Threading.ExecutionContext:Run (System.Threading.ExecutionContext,System.Threading.ContextCallback,object)
System.Threading.ThreadHelper:ThreadStart ()

field degree for AlienRace.AlienChanceEntry`1[AlienRace.TraitWithDegree] doesn't exist
<degree>-1</degree>
<li><defName>Nerves</defName><degree>-1</degree><chance>100</chance></li>

<forcedTraitsChance><li><defName>Nerves</defName><degree>-1</degree><chance>100</chance></li><li><defName>Nerves</defName><degree>-2</degree><chance>50</chance></li><li><defName>Neurotic</defName><degree>1</degree><chance>30</chance></li><li><defName>Neurotic</defName><degree>2</degree><chance>10</chance></li></forcedTraitsChance>
UnityEngine.StackTraceUtility:ExtractStackTrace ()
Verse.Log:Error (string)
AlienRace.Utilities:SetFieldFromXmlNode (HarmonyLib.Traverse,System.Xml.XmlNode,object,string) (at C:/Program Files (x86)/Steam/steamapps/common/RimWorld/Mods/AlienRaces/Source/AlienRace/AlienRace/Utilities.cs:125)
AlienRace.AlienChanceEntry`1<AlienRace.TraitWithDegree>:LoadDataFromXmlCustom (System.Xml.XmlNode) (at C:/Program Files (x86)/Steam/steamapps/common/RimWorld/Mods/AlienRaces/Source/AlienRace/AlienRace/ThingDef_AlienRace.cs:531)
(wrapper dynamic-method) Verse.DirectXmlToObjectNew/DummyTypeToHoldDynamicMethods:ParseAndAddCustomLoadableToList_AlienRace_AlienChanceEntry`1[[AlienRace_TraitWithDegree, AlienRace, Version=1_0_0_0, Culture=neutral, PublicKeyToken=null]] (object,int,System.Xml.XmlNode,System.Type)
(wrapper dynamic-method) Verse.DirectXmlToObjectNew/DummyTypeToHoldDynamicMethods:ParseAndSetListField_AlienRace_AlienChanceEntry`1[[AlienRace_TraitWithDegree, AlienRace, Version=1_0_0_0, Culture=neutral, PublicKeyToken=null]] (object,System.Reflection.FieldInfo,System.Xml.XmlNode,System.Type)
(wrapper dynamic-method) Verse.DirectXmlToObjectNew/DummyTypeToHoldDynamicMethods:ParseAndReturnDef_AlienRace_AlienBackstoryDef (int,int,System.Xml.XmlNode,System.Type)
Verse.DirectXmlToObjectNew:DefFromNodeNew (System.Xml.XmlNode,Verse.LoadableXmlAsset)
Verse.LoadedModManager:ParseAndProcessXML (System.Xml.XmlDocument,System.Collections.Generic.Dictionary`2<System.Xml.XmlNode, Verse.LoadableXmlAsset>,bool)
Verse.LoadedModManager:LoadAllActiveMods (bool)
Verse.PlayDataLoader:DoPlayLoad ()
Verse.PlayDataLoader:LoadAllPlayData (bool)
Verse.Root/<>c:<Start>b__10_1 ()
Verse.LongEventHandler:RunEventFromAnotherThread (System.Action)
Verse.LongEventHandler/<>c:<UpdateCurrentAsynchronousEvent>b__28_0 ()
System.Threading.ThreadHelper:ThreadStart_Context (object)
System.Threading.ExecutionContext:RunInternal (System.Threading.ExecutionContext,System.Threading.ContextCallback,object,bool)
System.Threading.ExecutionContext:Run (System.Threading.ExecutionContext,System.Threading.ContextCallback,object,bool)
System.Threading.ExecutionContext:Run (System.Threading.ExecutionContext,System.Threading.ContextCallback,object)
System.Threading.ThreadHelper:ThreadStart ()

field degree for AlienRace.AlienChanceEntry`1[AlienRace.TraitWithDegree] doesn't exist
<degree>-2</degree>
<li><defName>Nerves</defName><degree>-2</degree><chance>50</chance></li>

<forcedTraitsChance><li><defName>Nerves</defName><degree>-1</degree><chance>100</chance></li><li><defName>Nerves</defName><degree>-2</degree><chance>50</chance></li><li><defName>Neurotic</defName><degree>1</degree><chance>30</chance></li><li><defName>Neurotic</defName><degree>2</degree><chance>10</chance></li></forcedTraitsChance>
UnityEngine.StackTraceUtility:ExtractStackTrace ()
Verse.Log:Error (string)
AlienRace.Utilities:SetFieldFromXmlNode (HarmonyLib.Traverse,System.Xml.XmlNode,object,string) (at C:/Program Files (x86)/Steam/steamapps/common/RimWorld/Mods/AlienRaces/Source/AlienRace/AlienRace/Utilities.cs:125)
AlienRace.AlienChanceEntry`1<AlienRace.TraitWithDegree>:LoadDataFromXmlCustom (System.Xml.XmlNode) (at C:/Program Files (x86)/Steam/steamapps/common/RimWorld/Mods/AlienRaces/Source/AlienRace/AlienRace/ThingDef_AlienRace.cs:531)
(wrapper dynamic-method) Verse.DirectXmlToObjectNew/DummyTypeToHoldDynamicMethods:ParseAndAddCustomLoadableToList_AlienRace_AlienChanceEntry`1[[AlienRace_TraitWithDegree, AlienRace, Version=1_0_0_0, Culture=neutral, PublicKeyToken=null]] (object,int,System.Xml.XmlNode,System.Type)
(wrapper dynamic-method) Verse.DirectXmlToObjectNew/DummyTypeToHoldDynamicMethods:ParseAndSetListField_AlienRace_AlienChanceEntry`1[[AlienRace_TraitWithDegree, AlienRace, Version=1_0_0_0, Culture=neutral, PublicKeyToken=null]] (object,System.Reflection.FieldInfo,System.Xml.XmlNode,System.Type)
(wrapper dynamic-method) Verse.DirectXmlToObjectNew/DummyTypeToHoldDynamicMethods:ParseAndReturnDef_AlienRace_AlienBackstoryDef (int,int,System.Xml.XmlNode,System.Type)
Verse.DirectXmlToObjectNew:DefFromNodeNew (System.Xml.XmlNode,Verse.LoadableXmlAsset)
Verse.LoadedModManager:ParseAndProcessXML (System.Xml.XmlDocument,System.Collections.Generic.Dictionary`2<System.Xml.XmlNode, Verse.LoadableXmlAsset>,bool)
Verse.LoadedModManager:LoadAllActiveMods (bool)
Verse.PlayDataLoader:DoPlayLoad ()
Verse.PlayDataLoader:LoadAllPlayData (bool)
Verse.Root/<>c:<Start>b__10_1 ()
Verse.LongEventHandler:RunEventFromAnotherThread (System.Action)
Verse.LongEventHandler/<>c:<UpdateCurrentAsynchronousEvent>b__28_0 ()
System.Threading.ThreadHelper:ThreadStart_Context (object)
System.Threading.ExecutionContext:RunInternal (System.Threading.ExecutionContext,System.Threading.ContextCallback,object,bool)
System.Threading.ExecutionContext:Run (System.Threading.ExecutionContext,System.Threading.ContextCallback,object,bool)
System.Threading.ExecutionContext:Run (System.Threading.ExecutionContext,System.Threading.ContextCallback,object)
System.Threading.ThreadHelper:ThreadStart ()

field degree for AlienRace.AlienChanceEntry`1[AlienRace.TraitWithDegree] doesn't exist
<degree>1</degree>
<li><defName>Neurotic</defName><degree>1</degree><chance>30</chance></li>

<forcedTraitsChance><li><defName>Nerves</defName><degree>-1</degree><chance>100</chance></li><li><defName>Nerves</defName><degree>-2</degree><chance>50</chance></li><li><defName>Neurotic</defName><degree>1</degree><chance>30</chance></li><li><defName>Neurotic</defName><degree>2</degree><chance>10</chance></li></forcedTraitsChance>
UnityEngine.StackTraceUtility:ExtractStackTrace ()
Verse.Log:Error (string)
AlienRace.Utilities:SetFieldFromXmlNode (HarmonyLib.Traverse,System.Xml.XmlNode,object,string) (at C:/Program Files (x86)/Steam/steamapps/common/RimWorld/Mods/AlienRaces/Source/AlienRace/AlienRace/Utilities.cs:125)
AlienRace.AlienChanceEntry`1<AlienRace.TraitWithDegree>:LoadDataFromXmlCustom (System.Xml.XmlNode) (at C:/Program Files (x86)/Steam/steamapps/common/RimWorld/Mods/AlienRaces/Source/AlienRace/AlienRace/ThingDef_AlienRace.cs:531)
(wrapper dynamic-method) Verse.DirectXmlToObjectNew/DummyTypeToHoldDynamicMethods:ParseAndAddCustomLoadableToList_AlienRace_AlienChanceEntry`1[[AlienRace_TraitWithDegree, AlienRace, Version=1_0_0_0, Culture=neutral, PublicKeyToken=null]] (object,int,System.Xml.XmlNode,System.Type)
(wrapper dynamic-method) Verse.DirectXmlToObjectNew/DummyTypeToHoldDynamicMethods:ParseAndSetListField_AlienRace_AlienChanceEntry`1[[AlienRace_TraitWithDegree, AlienRace, Version=1_0_0_0, Culture=neutral, PublicKeyToken=null]] (object,System.Reflection.FieldInfo,System.Xml.XmlNode,System.Type)
(wrapper dynamic-method) Verse.DirectXmlToObjectNew/DummyTypeToHoldDynamicMethods:ParseAndReturnDef_AlienRace_AlienBackstoryDef (int,int,System.Xml.XmlNode,System.Type)
Verse.DirectXmlToObjectNew:DefFromNodeNew (System.Xml.XmlNode,Verse.LoadableXmlAsset)
Verse.LoadedModManager:ParseAndProcessXML (System.Xml.XmlDocument,System.Collections.Generic.Dictionary`2<System.Xml.XmlNode, Verse.LoadableXmlAsset>,bool)
Verse.LoadedModManager:LoadAllActiveMods (bool)
Verse.PlayDataLoader:DoPlayLoad ()
Verse.PlayDataLoader:LoadAllPlayData (bool)
Verse.Root/<>c:<Start>b__10_1 ()
Verse.LongEventHandler:RunEventFromAnotherThread (System.Action)
Verse.LongEventHandler/<>c:<UpdateCurrentAsynchronousEvent>b__28_0 ()
System.Threading.ThreadHelper:ThreadStart_Context (object)
System.Threading.ExecutionContext:RunInternal (System.Threading.ExecutionContext,System.Threading.ContextCallback,object,bool)
System.Threading.ExecutionContext:Run (System.Threading.ExecutionContext,System.Threading.ContextCallback,object,bool)
System.Threading.ExecutionContext:Run (System.Threading.ExecutionContext,System.Threading.ContextCallback,object)
System.Threading.ThreadHelper:ThreadStart ()

field degree for AlienRace.AlienChanceEntry`1[AlienRace.TraitWithDegree] doesn't exist
<degree>2</degree>
<li><defName>Neurotic</defName><degree>2</degree><chance>10</chance></li>

<forcedTraitsChance><li><defName>Nerves</defName><degree>-1</degree><chance>100</chance></li><li><defName>Nerves</defName><degree>-2</degree><chance>50</chance></li><li><defName>Neurotic</defName><degree>1</degree><chance>30</chance></li><li><defName>Neurotic</defName><degree>2</degree><chance>10</chance></li></forcedTraitsChance>
UnityEngine.StackTraceUtility:ExtractStackTrace ()
Verse.Log:Error (string)
AlienRace.Utilities:SetFieldFromXmlNode (HarmonyLib.Traverse,System.Xml.XmlNode,object,string) (at C:/Program Files (x86)/Steam/steamapps/common/RimWorld/Mods/AlienRaces/Source/AlienRace/AlienRace/Utilities.cs:125)
AlienRace.AlienChanceEntry`1<AlienRace.TraitWithDegree>:LoadDataFromXmlCustom (System.Xml.XmlNode) (at C:/Program Files (x86)/Steam/steamapps/common/RimWorld/Mods/AlienRaces/Source/AlienRace/AlienRace/ThingDef_AlienRace.cs:531)
(wrapper dynamic-method) Verse.DirectXmlToObjectNew/DummyTypeToHoldDynamicMethods:ParseAndAddCustomLoadableToList_AlienRace_AlienChanceEntry`1[[AlienRace_TraitWithDegree, AlienRace, Version=1_0_0_0, Culture=neutral, PublicKeyToken=null]] (object,int,System.Xml.XmlNode,System.Type)
(wrapper dynamic-method) Verse.DirectXmlToObjectNew/DummyTypeToHoldDynamicMethods:ParseAndSetListField_AlienRace_AlienChanceEntry`1[[AlienRace_TraitWithDegree, AlienRace, Version=1_0_0_0, Culture=neutral, PublicKeyToken=null]] (object,System.Reflection.FieldInfo,System.Xml.XmlNode,System.Type)
(wrapper dynamic-method) Verse.DirectXmlToObjectNew/DummyTypeToHoldDynamicMethods:ParseAndReturnDef_AlienRace_AlienBackstoryDef (int,int,System.Xml.XmlNode,System.Type)
Verse.DirectXmlToObjectNew:DefFromNodeNew (System.Xml.XmlNode,Verse.LoadableXmlAsset)
Verse.LoadedModManager:ParseAndProcessXML (System.Xml.XmlDocument,System.Collections.Generic.Dictionary`2<System.Xml.XmlNode, Verse.LoadableXmlAsset>,bool)
Verse.LoadedModManager:LoadAllActiveMods (bool)
Verse.PlayDataLoader:DoPlayLoad ()
Verse.PlayDataLoader:LoadAllPlayData (bool)
Verse.Root/<>c:<Start>b__10_1 ()
Verse.LongEventHandler:RunEventFromAnotherThread (System.Action)
Verse.LongEventHandler/<>c:<UpdateCurrentAsynchronousEvent>b__28_0 ()
System.Threading.ThreadHelper:ThreadStart_Context (object)
System.Threading.ExecutionContext:RunInternal (System.Threading.ExecutionContext,System.Threading.ContextCallback,object,bool)
System.Threading.ExecutionContext:Run (System.Threading.ExecutionContext,System.Threading.ContextCallback,object,bool)
System.Threading.ExecutionContext:Run (System.Threading.ExecutionContext,System.Threading.ContextCallback,object)
System.Threading.ThreadHelper:ThreadStart ()

Exception loading def from file Backstories_Humanoid.xml: System.ArgumentNullException: Value cannot be null.
Parameter name: s
[Ref EE2F677E] Duplicate stacktrace, see ref for original
UnityEngine.StackTraceUtility:ExtractStackTrace ()
Verse.Log:Error (string)
Verse.DirectXmlToObjectNew:DefFromNodeNew (System.Xml.XmlNode,Verse.LoadableXmlAsset)
Verse.LoadedModManager:ParseAndProcessXML (System.Xml.XmlDocument,System.Collections.Generic.Dictionary`2<System.Xml.XmlNode, Verse.LoadableXmlAsset>,bool)
Verse.LoadedModManager:LoadAllActiveMods (bool)
Verse.PlayDataLoader:DoPlayLoad ()
Verse.PlayDataLoader:LoadAllPlayData (bool)
Verse.Root/<>c:<Start>b__10_1 ()
Verse.LongEventHandler:RunEventFromAnotherThread (System.Action)
Verse.LongEventHandler/<>c:<UpdateCurrentAsynchronousEvent>b__28_0 ()
System.Threading.ThreadHelper:ThreadStart_Context (object)
System.Threading.ExecutionContext:RunInternal (System.Threading.ExecutionContext,System.Threading.ContextCallback,object,bool)
System.Threading.ExecutionContext:Run (System.Threading.ExecutionContext,System.Threading.ContextCallback,object,bool)
System.Threading.ExecutionContext:Run (System.Threading.ExecutionContext,System.Threading.ContextCallback,object)
System.Threading.ThreadHelper:ThreadStart ()

field degree for AlienRace.AlienChanceEntry`1[AlienRace.TraitWithDegree] doesn't exist
<degree>1</degree>
<li><defName>SpeedOffset</defName><degree>1</degree><chance>35</chance></li>

<forcedTraitsChance><li><defName>ShootingAccuracy</defName><chance>-1</chance></li><li><defName>SpeedOffset</defName><degree>1</degree><chance>35</chance></li><li><defName>SpeedOffset</defName><degree>2</degree><chance>15</chance></li><li><defName>Bloodlust</defName><chance>45</chance></li></forcedTraitsChance>
UnityEngine.StackTraceUtility:ExtractStackTrace ()
Verse.Log:Error (string)
AlienRace.Utilities:SetFieldFromXmlNode (HarmonyLib.Traverse,System.Xml.XmlNode,object,string) (at C:/Program Files (x86)/Steam/steamapps/common/RimWorld/Mods/AlienRaces/Source/AlienRace/AlienRace/Utilities.cs:125)
AlienRace.AlienChanceEntry`1<AlienRace.TraitWithDegree>:LoadDataFromXmlCustom (System.Xml.XmlNode) (at C:/Program Files (x86)/Steam/steamapps/common/RimWorld/Mods/AlienRaces/Source/AlienRace/AlienRace/ThingDef_AlienRace.cs:531)
(wrapper dynamic-method) Verse.DirectXmlToObjectNew/DummyTypeToHoldDynamicMethods:ParseAndAddCustomLoadableToList_AlienRace_AlienChanceEntry`1[[AlienRace_TraitWithDegree, AlienRace, Version=1_0_0_0, Culture=neutral, PublicKeyToken=null]] (object,int,System.Xml.XmlNode,System.Type)
(wrapper dynamic-method) Verse.DirectXmlToObjectNew/DummyTypeToHoldDynamicMethods:ParseAndSetListField_AlienRace_AlienChanceEntry`1[[AlienRace_TraitWithDegree, AlienRace, Version=1_0_0_0, Culture=neutral, PublicKeyToken=null]] (object,System.Reflection.FieldInfo,System.Xml.XmlNode,System.Type)
(wrapper dynamic-method) Verse.DirectXmlToObjectNew/DummyTypeToHoldDynamicMethods:ParseAndReturnDef_AlienRace_AlienBackstoryDef (int,int,System.Xml.XmlNode,System.Type)
Verse.DirectXmlToObjectNew:DefFromNodeNew (System.Xml.XmlNode,Verse.LoadableXmlAsset)
Verse.LoadedModManager:ParseAndProcessXML (System.Xml.XmlDocument,System.Collections.Generic.Dictionary`2<System.Xml.XmlNode, Verse.LoadableXmlAsset>,bool)
Verse.LoadedModManager:LoadAllActiveMods (bool)
Verse.PlayDataLoader:DoPlayLoad ()
Verse.PlayDataLoader:LoadAllPlayData (bool)
Verse.Root/<>c:<Start>b__10_1 ()
Verse.LongEventHandler:RunEventFromAnotherThread (System.Action)
Verse.LongEventHandler/<>c:<UpdateCurrentAsynchronousEvent>b__28_0 ()
System.Threading.ThreadHelper:ThreadStart_Context (object)
System.Threading.ExecutionContext:RunInternal (System.Threading.ExecutionContext,System.Threading.ContextCallback,object,bool)
System.Threading.ExecutionContext:Run (System.Threading.ExecutionContext,System.Threading.ContextCallback,object,bool)
System.Threading.ExecutionContext:Run (System.Threading.ExecutionContext,System.Threading.ContextCallback,object)
System.Threading.ThreadHelper:ThreadStart ()

field degree for AlienRace.AlienChanceEntry`1[AlienRace.TraitWithDegree] doesn't exist
<degree>2</degree>
<li><defName>SpeedOffset</defName><degree>2</degree><chance>15</chance></li>

<forcedTraitsChance><li><defName>ShootingAccuracy</defName><chance>-1</chance></li><li><defName>SpeedOffset</defName><degree>1</degree><chance>35</chance></li><li><defName>SpeedOffset</defName><degree>2</degree><chance>15</chance></li><li><defName>Bloodlust</defName><chance>45</chance></li></forcedTraitsChance>
UnityEngine.StackTraceUtility:ExtractStackTrace ()
Verse.Log:Error (string)
AlienRace.Utilities:SetFieldFromXmlNode (HarmonyLib.Traverse,System.Xml.XmlNode,object,string) (at C:/Program Files (x86)/Steam/steamapps/common/RimWorld/Mods/AlienRaces/Source/AlienRace/AlienRace/Utilities.cs:125)
AlienRace.AlienChanceEntry`1<AlienRace.TraitWithDegree>:LoadDataFromXmlCustom (System.Xml.XmlNode) (at C:/Program Files (x86)/Steam/steamapps/common/RimWorld/Mods/AlienRaces/Source/AlienRace/AlienRace/ThingDef_AlienRace.cs:531)
(wrapper dynamic-method) Verse.DirectXmlToObjectNew/DummyTypeToHoldDynamicMethods:ParseAndAddCustomLoadableToList_AlienRace_AlienChanceEntry`1[[AlienRace_TraitWithDegree, AlienRace, Version=1_0_0_0, Culture=neutral, PublicKeyToken=null]] (object,int,System.Xml.XmlNode,System.Type)
(wrapper dynamic-method) Verse.DirectXmlToObjectNew/DummyTypeToHoldDynamicMethods:ParseAndSetListField_AlienRace_AlienChanceEntry`1[[AlienRace_TraitWithDegree, AlienRace, Version=1_0_0_0, Culture=neutral, PublicKeyToken=null]] (object,System.Reflection.FieldInfo,System.Xml.XmlNode,System.Type)
(wrapper dynamic-method) Verse.DirectXmlToObjectNew/DummyTypeToHoldDynamicMethods:ParseAndReturnDef_AlienRace_AlienBackstoryDef (int,int,System.Xml.XmlNode,System.Type)
Verse.DirectXmlToObjectNew:DefFromNodeNew (System.Xml.XmlNode,Verse.LoadableXmlAsset)
Verse.LoadedModManager:ParseAndProcessXML (System.Xml.XmlDocument,System.Collections.Generic.Dictionary`2<System.Xml.XmlNode, Verse.LoadableXmlAsset>,bool)
Verse.LoadedModManager:LoadAllActiveMods (bool)
Verse.PlayDataLoader:DoPlayLoad ()
Verse.PlayDataLoader:LoadAllPlayData (bool)
Verse.Root/<>c:<Start>b__10_1 ()
Verse.LongEventHandler:RunEventFromAnotherThread (System.Action)
Verse.LongEventHandler/<>c:<UpdateCurrentAsynchronousEvent>b__28_0 ()
System.Threading.ThreadHelper:ThreadStart_Context (object)
System.Threading.ExecutionContext:RunInternal (System.Threading.ExecutionContext,System.Threading.ContextCallback,object,bool)
System.Threading.ExecutionContext:Run (System.Threading.ExecutionContext,System.Threading.ContextCallback,object,bool)
System.Threading.ExecutionContext:Run (System.Threading.ExecutionContext,System.Threading.ContextCallback,object)
System.Threading.ThreadHelper:ThreadStart ()

Exception loading def from file Backstories_Humanoid.xml: System.ArgumentNullException: Value cannot be null.
Parameter name: s
[Ref EE2F677E] Duplicate stacktrace, see ref for original
UnityEngine.StackTraceUtility:ExtractStackTrace ()
Verse.Log:Error (string)
Verse.DirectXmlToObjectNew:DefFromNodeNew (System.Xml.XmlNode,Verse.LoadableXmlAsset)
Verse.LoadedModManager:ParseAndProcessXML (System.Xml.XmlDocument,System.Collections.Generic.Dictionary`2<System.Xml.XmlNode, Verse.LoadableXmlAsset>,bool)
Verse.LoadedModManager:LoadAllActiveMods (bool)
Verse.PlayDataLoader:DoPlayLoad ()
Verse.PlayDataLoader:LoadAllPlayData (bool)
Verse.Root/<>c:<Start>b__10_1 ()
Verse.LongEventHandler:RunEventFromAnotherThread (System.Action)
Verse.LongEventHandler/<>c:<UpdateCurrentAsynchronousEvent>b__28_0 ()
System.Threading.ThreadHelper:ThreadStart_Context (object)
System.Threading.ExecutionContext:RunInternal (System.Threading.ExecutionContext,System.Threading.ContextCallback,object,bool)
System.Threading.ExecutionContext:Run (System.Threading.ExecutionContext,System.Threading.ContextCallback,object,bool)
System.Threading.ExecutionContext:Run (System.Threading.ExecutionContext,System.Threading.ContextCallback,object)
System.Threading.ThreadHelper:ThreadStart ()

Tried to use an uninitialized DefOf of type XenomorphDefOf. DefOfs are initialized right after all defs all loaded. Uninitialized DefOfs will return only nulls. (hint: don't use DefOfs as default field values in Defs, try to resolve them in ResolveReferences() instead)
UnityEngine.StackTraceUtility:ExtractStackTrace ()
Verse.Log:Warning (string)
RimWorld.DefOfHelper:EnsureInitializedInCtor (System.Type)
RimWorld.XenomorphDefOf:.cctor ()
RimWorld.JobGiver_LayXenoEgg:.ctor ()
System.Reflection.RuntimeConstructorInfo:InternalInvoke (object,object[],bool)
System.RuntimeType:CreateInstanceMono (bool,bool)
System.RuntimeType:CreateInstanceSlow (bool,bool,bool,bool)
System.RuntimeType:CreateInstanceDefaultCtor (bool,bool,bool,bool,System.Threading.StackCrawlMark&)
System.Activator:CreateInstance (System.Type,bool,bool)
System.Activator:CreateInstance (System.Type,bool)
System.Activator:CreateInstance (System.Type)
Verse.DirectXmlToObjectNew:MakeInstanceOfTypeForEmptyNode (System.Type,System.Xml.XmlNode)
(wrapper dynamic-method) Verse.DirectXmlToObjectNew/DummyTypeToHoldDynamicMethods:ParseAndAddComplexTypeToList_SharedBody (object,int,System.Xml.XmlNode,System.Type)
(wrapper dynamic-method) Verse.DirectXmlToObjectNew/DummyTypeToHoldDynamicMethods:ParseAndSetListField_Verse_AI_ThinkNode (object,System.Reflection.FieldInfo,System.Xml.XmlNode,System.Type)
(wrapper dynamic-method) Verse.DirectXmlToObjectNew/DummyTypeToHoldDynamicMethods:ParseAndAddComplexTypeToList_SharedBody (object,int,System.Xml.XmlNode,System.Type)
(wrapper dynamic-method) Verse.DirectXmlToObjectNew/DummyTypeToHoldDynamicMethods:ParseAndSetListField_Verse_AI_ThinkNode (object,System.Reflection.FieldInfo,System.Xml.XmlNode,System.Type)
(wrapper dynamic-method) Verse.DirectXmlToObjectNew/DummyTypeToHoldDynamicMethods:ParseAndSetComplexTypeField_SharedBody (object,System.Reflection.FieldInfo,System.Xml.XmlNode,System.Type)
(wrapper dynamic-method) Verse.DirectXmlToObjectNew/DummyTypeToHoldDynamicMethods:ParseAndReturnDef_Verse_Def (int,int,System.Xml.XmlNode,System.Type)
Verse.DirectXmlToObjectNew:DefFromNodeNew (System.Xml.XmlNode,Verse.LoadableXmlAsset)
Verse.LoadedModManager:ParseAndProcessXML (System.Xml.XmlDocument,System.Collections.Generic.Dictionary`2<System.Xml.XmlNode, Verse.LoadableXmlAsset>,bool)
Verse.LoadedModManager:LoadAllActiveMods (bool)
Verse.PlayDataLoader:DoPlayLoad ()
Verse.PlayDataLoader:LoadAllPlayData (bool)
Verse.Root/<>c:<Start>b__10_1 ()
Verse.LongEventHandler:RunEventFromAnotherThread (System.Action)
Verse.LongEventHandler/<>c:<UpdateCurrentAsynchronousEvent>b__28_0 ()
System.Threading.ThreadHelper:ThreadStart_Context (object)
System.Threading.ExecutionContext:RunInternal (System.Threading.ExecutionContext,System.Threading.ContextCallback,object,bool)
System.Threading.ExecutionContext:Run (System.Threading.ExecutionContext,System.Threading.ContextCallback,object,bool)
System.Threading.ExecutionContext:Run (System.Threading.ExecutionContext,System.Threading.ContextCallback,object)
System.Threading.ThreadHelper:ThreadStart ()

Tried to use an uninitialized DefOf of type DamageDefOf. DefOfs are initialized right after all defs all loaded. Uninitialized DefOfs will return only nulls. (hint: don't use DefOfs as default field values in Defs, try to resolve them in ResolveReferences() instead)
UnityEngine.StackTraceUtility:ExtractStackTrace ()
Verse.Log:Warning (string)
RimWorld.DefOfHelper:EnsureInitializedInCtor (System.Type)
RimWorld.DamageDefOf:.cctor ()
RRYautja.HediffCompProperties_DamageOverTime:.ctor ()
System.Reflection.RuntimeConstructorInfo:InternalInvoke (object,object[],bool)
System.RuntimeType:CreateInstanceMono (bool,bool)
System.RuntimeType:CreateInstanceSlow (bool,bool,bool,bool)
System.RuntimeType:CreateInstanceDefaultCtor (bool,bool,bool,bool,System.Threading.StackCrawlMark&)
System.Activator:CreateInstance (System.Type,bool,bool)
System.Activator:CreateInstance (System.Type,bool)
System.Activator:CreateInstance (System.Type)
Verse.DirectXmlToObjectNew:MakeInstanceOfTypeForEmptyNode (System.Type,System.Xml.XmlNode)
(wrapper dynamic-method) Verse.DirectXmlToObjectNew/DummyTypeToHoldDynamicMethods:ParseAndAddComplexTypeToList_RRYautja_HediffCompProperties_DamageOverTime (object,int,System.Xml.XmlNode,System.Type)
(wrapper dynamic-method) Verse.DirectXmlToObjectNew/DummyTypeToHoldDynamicMethods:ParseAndSetListField_Verse_HediffCompProperties (object,System.Reflection.FieldInfo,System.Xml.XmlNode,System.Type)
(wrapper dynamic-method) Verse.DirectXmlToObjectNew/DummyTypeToHoldDynamicMethods:ParseAndReturnDef_Verse_Def (int,int,System.Xml.XmlNode,System.Type)
Verse.DirectXmlToObjectNew:DefFromNodeNew (System.Xml.XmlNode,Verse.LoadableXmlAsset)
Verse.LoadedModManager:ParseAndProcessXML (System.Xml.XmlDocument,System.Collections.Generic.Dictionary`2<System.Xml.XmlNode, Verse.LoadableXmlAsset>,bool)
Verse.LoadedModManager:LoadAllActiveMods (bool)
Verse.PlayDataLoader:DoPlayLoad ()
Verse.PlayDataLoader:LoadAllPlayData (bool)
Verse.Root/<>c:<Start>b__10_1 ()
Verse.LongEventHandler:RunEventFromAnotherThread (System.Action)
Verse.LongEventHandler/<>c:<UpdateCurrentAsynchronousEvent>b__28_0 ()
System.Threading.ThreadHelper:ThreadStart_Context (object)
System.Threading.ExecutionContext:RunInternal (System.Threading.ExecutionContext,System.Threading.ContextCallback,object,bool)
System.Threading.ExecutionContext:Run (System.Threading.ExecutionContext,System.Threading.ContextCallback,object,bool)
System.Threading.ExecutionContext:Run (System.Threading.ExecutionContext,System.Threading.ContextCallback,object)
System.Threading.ThreadHelper:ThreadStart ()

XML error: <value>Operation</value> doesn't correspond to any field in type Rule_String. Context: <li Class="Rule_String"><keyword>USCMword</keyword><value>Operation</value></li>
UnityEngine.StackTraceUtility:ExtractStackTrace ()
Verse.Log:Error (string)
Verse.XmlToObjectUtils:DoFieldSearch (System.Type,System.Xml.XmlNode,System.Xml.XmlNode)
Verse.DirectXmlToObjectNew:ResolveFieldForNode (System.Type,System.Xml.XmlNode,System.Xml.XmlNode)
(wrapper dynamic-method) Verse.DirectXmlToObjectNew/DummyTypeToHoldDynamicMethods:ParseAndAddComplexTypeToList_SharedBody (object,int,System.Xml.XmlNode,System.Type)
(wrapper dynamic-method) Verse.DirectXmlToObjectNew/DummyTypeToHoldDynamicMethods:ParseAndSetListField_Verse_Grammar_Rule (object,System.Reflection.FieldInfo,System.Xml.XmlNode,System.Type)
(wrapper dynamic-method) Verse.DirectXmlToObjectNew/DummyTypeToHoldDynamicMethods:ParseAndSetComplexTypeField_Verse_Grammar_RulePack (object,System.Reflection.FieldInfo,System.Xml.XmlNode,System.Type)
(wrapper dynamic-method) Verse.DirectXmlToObjectNew/DummyTypeToHoldDynamicMethods:ParseAndReturnDef_Verse_Def (int,int,System.Xml.XmlNode,System.Type)
Verse.DirectXmlToObjectNew:DefFromNodeNew (System.Xml.XmlNode,Verse.LoadableXmlAsset)
Verse.LoadedModManager:ParseAndProcessXML (System.Xml.XmlDocument,System.Collections.Generic.Dictionary`2<System.Xml.XmlNode, Verse.LoadableXmlAsset>,bool)
Verse.LoadedModManager:LoadAllActiveMods (bool)
Verse.PlayDataLoader:DoPlayLoad ()
Verse.PlayDataLoader:LoadAllPlayData (bool)
Verse.Root/<>c:<Start>b__10_1 ()
Verse.LongEventHandler:RunEventFromAnotherThread (System.Action)
Verse.LongEventHandler/<>c:<UpdateCurrentAsynchronousEvent>b__28_0 ()
System.Threading.ThreadHelper:ThreadStart_Context (object)
System.Threading.ExecutionContext:RunInternal (System.Threading.ExecutionContext,System.Threading.ContextCallback,object,bool)
System.Threading.ExecutionContext:Run (System.Threading.ExecutionContext,System.Threading.ContextCallback,object,bool)
System.Threading.ExecutionContext:Run (System.Threading.ExecutionContext,System.Threading.ContextCallback,object)
System.Threading.ThreadHelper:ThreadStart ()

XML error: <value>Squad</value> doesn't correspond to any field in type Rule_String. Context: <li Class="Rule_String"><keyword>USCMword</keyword><value>Squad</value></li>
UnityEngine.StackTraceUtility:ExtractStackTrace ()
Verse.Log:Error (string)
Verse.XmlToObjectUtils:DoFieldSearch (System.Type,System.Xml.XmlNode,System.Xml.XmlNode)
Verse.DirectXmlToObjectNew:ResolveFieldForNode (System.Type,System.Xml.XmlNode,System.Xml.XmlNode)
(wrapper dynamic-method) Verse.DirectXmlToObjectNew/DummyTypeToHoldDynamicMethods:ParseAndAddComplexTypeToList_SharedBody (object,int,System.Xml.XmlNode,System.Type)
(wrapper dynamic-method) Verse.DirectXmlToObjectNew/DummyTypeToHoldDynamicMethods:ParseAndSetListField_Verse_Grammar_Rule (object,System.Reflection.FieldInfo,System.Xml.XmlNode,System.Type)
(wrapper dynamic-method) Verse.DirectXmlToObjectNew/DummyTypeToHoldDynamicMethods:ParseAndSetComplexTypeField_Verse_Grammar_RulePack (object,System.Reflection.FieldInfo,System.Xml.XmlNode,System.Type)
(wrapper dynamic-method) Verse.DirectXmlToObjectNew/DummyTypeToHoldDynamicMethods:ParseAndReturnDef_Verse_Def (int,int,System.Xml.XmlNode,System.Type)
Verse.DirectXmlToObjectNew:DefFromNodeNew (System.Xml.XmlNode,Verse.LoadableXmlAsset)
Verse.LoadedModManager:ParseAndProcessXML (System.Xml.XmlDocument,System.Collections.Generic.Dictionary`2<System.Xml.XmlNode, Verse.LoadableXmlAsset>,bool)
Verse.LoadedModManager:LoadAllActiveMods (bool)
Verse.PlayDataLoader:DoPlayLoad ()
Verse.PlayDataLoader:LoadAllPlayData (bool)
Verse.Root/<>c:<Start>b__10_1 ()
Verse.LongEventHandler:RunEventFromAnotherThread (System.Action)
Verse.LongEventHandler/<>c:<UpdateCurrentAsynchronousEvent>b__28_0 ()
System.Threading.ThreadHelper:ThreadStart_Context (object)
System.Threading.ExecutionContext:RunInternal (System.Threading.ExecutionContext,System.Threading.ContextCallback,object,bool)
System.Threading.ExecutionContext:Run (System.Threading.ExecutionContext,System.Threading.ContextCallback,object,bool)
System.Threading.ExecutionContext:Run (System.Threading.ExecutionContext,System.Threading.ContextCallback,object)
System.Threading.ThreadHelper:ThreadStart ()

XML error: <value>Bravo</value> doesn't correspond to any field in type Rule_String. Context: <li Class="Rule_String"><keyword>USCMword</keyword><value>Bravo</value></li>
UnityEngine.StackTraceUtility:ExtractStackTrace ()
Verse.Log:Error (string)
Verse.XmlToObjectUtils:DoFieldSearch (System.Type,System.Xml.XmlNode,System.Xml.XmlNode)
Verse.DirectXmlToObjectNew:ResolveFieldForNode (System.Type,System.Xml.XmlNode,System.Xml.XmlNode)
(wrapper dynamic-method) Verse.DirectXmlToObjectNew/DummyTypeToHoldDynamicMethods:ParseAndAddComplexTypeToList_SharedBody (object,int,System.Xml.XmlNode,System.Type)
(wrapper dynamic-method) Verse.DirectXmlToObjectNew/DummyTypeToHoldDynamicMethods:ParseAndSetListField_Verse_Grammar_Rule (object,System.Reflection.FieldInfo,System.Xml.XmlNode,System.Type)
(wrapper dynamic-method) Verse.DirectXmlToObjectNew/DummyTypeToHoldDynamicMethods:ParseAndSetComplexTypeField_Verse_Grammar_RulePack (object,System.Reflection.FieldInfo,System.Xml.XmlNode,System.Type)
(wrapper dynamic-method) Verse.DirectXmlToObjectNew/DummyTypeToHoldDynamicMethods:ParseAndReturnDef_Verse_Def (int,int,System.Xml.XmlNode,System.Type)
Verse.DirectXmlToObjectNew:DefFromNodeNew (System.Xml.XmlNode,Verse.LoadableXmlAsset)
Verse.LoadedModManager:ParseAndProcessXML (System.Xml.XmlDocument,System.Collections.Generic.Dictionary`2<System.Xml.XmlNode, Verse.LoadableXmlAsset>,bool)
Verse.LoadedModManager:LoadAllActiveMods (bool)
Verse.PlayDataLoader:DoPlayLoad ()
Verse.PlayDataLoader:LoadAllPlayData (bool)
Verse.Root/<>c:<Start>b__10_1 ()
Verse.LongEventHandler:RunEventFromAnotherThread (System.Action)
Verse.LongEventHandler/<>c:<UpdateCurrentAsynchronousEvent>b__28_0 ()
System.Threading.ThreadHelper:ThreadStart_Context (object)
System.Threading.ExecutionContext:RunInternal (System.Threading.ExecutionContext,System.Threading.ContextCallback,object,bool)
System.Threading.ExecutionContext:Run (System.Threading.ExecutionContext,System.Threading.ContextCallback,object,bool)
System.Threading.ExecutionContext:Run (System.Threading.ExecutionContext,System.Threading.ContextCallback,object)
System.Threading.ThreadHelper:ThreadStart ()

XML error: <value>Alpha</value> doesn't correspond to any field in type Rule_String. Context: <li Class="Rule_String"><keyword>USCMword</keyword><value>Alpha</value></li>
UnityEngine.StackTraceUtility:ExtractStackTrace ()
Verse.Log:Error (string)
Verse.XmlToObjectUtils:DoFieldSearch (System.Type,System.Xml.XmlNode,System.Xml.XmlNode)
Verse.DirectXmlToObjectNew:ResolveFieldForNode (System.Type,System.Xml.XmlNode,System.Xml.XmlNode)
(wrapper dynamic-method) Verse.DirectXmlToObjectNew/DummyTypeToHoldDynamicMethods:ParseAndAddComplexTypeToList_SharedBody (object,int,System.Xml.XmlNode,System.Type)
(wrapper dynamic-method) Verse.DirectXmlToObjectNew/DummyTypeToHoldDynamicMethods:ParseAndSetListField_Verse_Grammar_Rule (object,System.Reflection.FieldInfo,System.Xml.XmlNode,System.Type)
(wrapper dynamic-method) Verse.DirectXmlToObjectNew/DummyTypeToHoldDynamicMethods:ParseAndSetComplexTypeField_Verse_Grammar_RulePack (object,System.Reflection.FieldInfo,System.Xml.XmlNode,System.Type)
(wrapper dynamic-method) Verse.DirectXmlToObjectNew/DummyTypeToHoldDynamicMethods:ParseAndReturnDef_Verse_Def (int,int,System.Xml.XmlNode,System.Type)
Verse.DirectXmlToObjectNew:DefFromNodeNew (System.Xml.XmlNode,Verse.LoadableXmlAsset)
Verse.LoadedModManager:ParseAndProcessXML (System.Xml.XmlDocument,System.Collections.Generic.Dictionary`2<System.Xml.XmlNode, Verse.LoadableXmlAsset>,bool)
Verse.LoadedModManager:LoadAllActiveMods (bool)
Verse.PlayDataLoader:DoPlayLoad ()
Verse.PlayDataLoader:LoadAllPlayData (bool)
Verse.Root/<>c:<Start>b__10_1 ()
Verse.LongEventHandler:RunEventFromAnotherThread (System.Action)
Verse.LongEventHandler/<>c:<UpdateCurrentAsynchronousEvent>b__28_0 ()
System.Threading.ThreadHelper:ThreadStart_Context (object)
System.Threading.ExecutionContext:RunInternal (System.Threading.ExecutionContext,System.Threading.ContextCallback,object,bool)
System.Threading.ExecutionContext:Run (System.Threading.ExecutionContext,System.Threading.ContextCallback,object,bool)
System.Threading.ExecutionContext:Run (System.Threading.ExecutionContext,System.Threading.ContextCallback,object)
System.Threading.ThreadHelper:ThreadStart ()

XML error: <value>Delta</value> doesn't correspond to any field in type Rule_String. Context: <li Class="Rule_String"><keyword>USCMword</keyword><value>Delta</value></li>
UnityEngine.StackTraceUtility:ExtractStackTrace ()
Verse.Log:Error (string)
Verse.XmlToObjectUtils:DoFieldSearch (System.Type,System.Xml.XmlNode,System.Xml.XmlNode)
Verse.DirectXmlToObjectNew:ResolveFieldForNode (System.Type,System.Xml.XmlNode,System.Xml.XmlNode)
(wrapper dynamic-method) Verse.DirectXmlToObjectNew/DummyTypeToHoldDynamicMethods:ParseAndAddComplexTypeToList_SharedBody (object,int,System.Xml.XmlNode,System.Type)
(wrapper dynamic-method) Verse.DirectXmlToObjectNew/DummyTypeToHoldDynamicMethods:ParseAndSetListField_Verse_Grammar_Rule (object,System.Reflection.FieldInfo,System.Xml.XmlNode,System.Type)
(wrapper dynamic-method) Verse.DirectXmlToObjectNew/DummyTypeToHoldDynamicMethods:ParseAndSetComplexTypeField_Verse_Grammar_RulePack (object,System.Reflection.FieldInfo,System.Xml.XmlNode,System.Type)
(wrapper dynamic-method) Verse.DirectXmlToObjectNew/DummyTypeToHoldDynamicMethods:ParseAndReturnDef_Verse_Def (int,int,System.Xml.XmlNode,System.Type)
Verse.DirectXmlToObjectNew:DefFromNodeNew (System.Xml.XmlNode,Verse.LoadableXmlAsset)
Verse.LoadedModManager:ParseAndProcessXML (System.Xml.XmlDocument,System.Collections.Generic.Dictionary`2<System.Xml.XmlNode, Verse.LoadableXmlAsset>,bool)
Verse.LoadedModManager:LoadAllActiveMods (bool)
Verse.PlayDataLoader:DoPlayLoad ()
Verse.PlayDataLoader:LoadAllPlayData (bool)
Verse.Root/<>c:<Start>b__10_1 ()
Verse.LongEventHandler:RunEventFromAnotherThread (System.Action)
Verse.LongEventHandler/<>c:<UpdateCurrentAsynchronousEvent>b__28_0 ()
System.Threading.ThreadHelper:ThreadStart_Context (object)
System.Threading.ExecutionContext:RunInternal (System.Threading.ExecutionContext,System.Threading.ContextCallback,object,bool)
System.Threading.ExecutionContext:Run (System.Threading.ExecutionContext,System.Threading.ContextCallback,object,bool)
System.Threading.ExecutionContext:Run (System.Threading.ExecutionContext,System.Threading.ContextCallback,object)
System.Threading.ThreadHelper:ThreadStart ()

XML error: <value>Charlie</value> doesn't correspond to any field in type Rule_String. Context: <li Class="Rule_String"><keyword>USCMword</keyword><value>Charlie</value></li>
UnityEngine.StackTraceUtility:ExtractStackTrace ()
Verse.Log:Error (string)
Verse.XmlToObjectUtils:DoFieldSearch (System.Type,System.Xml.XmlNode,System.Xml.XmlNode)
Verse.DirectXmlToObjectNew:ResolveFieldForNode (System.Type,System.Xml.XmlNode,System.Xml.XmlNode)
(wrapper dynamic-method) Verse.DirectXmlToObjectNew/DummyTypeToHoldDynamicMethods:ParseAndAddComplexTypeToList_SharedBody (object,int,System.Xml.XmlNode,System.Type)
(wrapper dynamic-method) Verse.DirectXmlToObjectNew/DummyTypeToHoldDynamicMethods:ParseAndSetListField_Verse_Grammar_Rule (object,System.Reflection.FieldInfo,System.Xml.XmlNode,System.Type)
(wrapper dynamic-method) Verse.DirectXmlToObjectNew/DummyTypeToHoldDynamicMethods:ParseAndSetComplexTypeField_Verse_Grammar_RulePack (object,System.Reflection.FieldInfo,System.Xml.XmlNode,System.Type)
(wrapper dynamic-method) Verse.DirectXmlToObjectNew/DummyTypeToHoldDynamicMethods:ParseAndReturnDef_Verse_Def (int,int,System.Xml.XmlNode,System.Type)
Verse.DirectXmlToObjectNew:DefFromNodeNew (System.Xml.XmlNode,Verse.LoadableXmlAsset)
Verse.LoadedModManager:ParseAndProcessXML (System.Xml.XmlDocument,System.Collections.Generic.Dictionary`2<System.Xml.XmlNode, Verse.LoadableXmlAsset>,bool)
Verse.LoadedModManager:LoadAllActiveMods (bool)
Verse.PlayDataLoader:DoPlayLoad ()
Verse.PlayDataLoader:LoadAllPlayData (bool)
Verse.Root/<>c:<Start>b__10_1 ()
Verse.LongEventHandler:RunEventFromAnotherThread (System.Action)
Verse.LongEventHandler/<>c:<UpdateCurrentAsynchronousEvent>b__28_0 ()
System.Threading.ThreadHelper:ThreadStart_Context (object)
System.Threading.ExecutionContext:RunInternal (System.Threading.ExecutionContext,System.Threading.ContextCallback,object,bool)
System.Threading.ExecutionContext:Run (System.Threading.ExecutionContext,System.Threading.ContextCallback,object,bool)
System.Threading.ExecutionContext:Run (System.Threading.ExecutionContext,System.Threading.ContextCallback,object)
System.Threading.ThreadHelper:ThreadStart ()

XML error: <value>Echo</value> doesn't correspond to any field in type Rule_String. Context: <li Class="Rule_String"><keyword>USCMword</keyword><value>Echo</value></li>
UnityEngine.StackTraceUtility:ExtractStackTrace ()
Verse.Log:Error (string)
Verse.XmlToObjectUtils:DoFieldSearch (System.Type,System.Xml.XmlNode,System.Xml.XmlNode)
Verse.DirectXmlToObjectNew:ResolveFieldForNode (System.Type,System.Xml.XmlNode,System.Xml.XmlNode)
(wrapper dynamic-method) Verse.DirectXmlToObjectNew/DummyTypeToHoldDynamicMethods:ParseAndAddComplexTypeToList_SharedBody (object,int,System.Xml.XmlNode,System.Type)
(wrapper dynamic-method) Verse.DirectXmlToObjectNew/DummyTypeToHoldDynamicMethods:ParseAndSetListField_Verse_Grammar_Rule (object,System.Reflection.FieldInfo,System.Xml.XmlNode,System.Type)
(wrapper dynamic-method) Verse.DirectXmlToObjectNew/DummyTypeToHoldDynamicMethods:ParseAndSetComplexTypeField_Verse_Grammar_RulePack (object,System.Reflection.FieldInfo,System.Xml.XmlNode,System.Type)
(wrapper dynamic-method) Verse.DirectXmlToObjectNew/DummyTypeToHoldDynamicMethods:ParseAndReturnDef_Verse_Def (int,int,System.Xml.XmlNode,System.Type)
Verse.DirectXmlToObjectNew:DefFromNodeNew (System.Xml.XmlNode,Verse.LoadableXmlAsset)
Verse.LoadedModManager:ParseAndProcessXML (System.Xml.XmlDocument,System.Collections.Generic.Dictionary`2<System.Xml.XmlNode, Verse.LoadableXmlAsset>,bool)
Verse.LoadedModManager:LoadAllActiveMods (bool)
Verse.PlayDataLoader:DoPlayLoad ()
Verse.PlayDataLoader:LoadAllPlayData (bool)
Verse.Root/<>c:<Start>b__10_1 ()
Verse.LongEventHandler:RunEventFromAnotherThread (System.Action)
Verse.LongEventHandler/<>c:<UpdateCurrentAsynchronousEvent>b__28_0 ()
System.Threading.ThreadHelper:ThreadStart_Context (object)
System.Threading.ExecutionContext:RunInternal (System.Threading.ExecutionContext,System.Threading.ContextCallback,object,bool)
System.Threading.ExecutionContext:Run (System.Threading.ExecutionContext,System.Threading.ContextCallback,object,bool)
System.Threading.ExecutionContext:Run (System.Threading.ExecutionContext,System.Threading.ContextCallback,object)
System.Threading.ThreadHelper:ThreadStart ()

XML error: <value>Foxtrot</value> doesn't correspond to any field in type Rule_String. Context: <li Class="Rule_String"><keyword>USCMword</keyword><value>Foxtrot</value></li>
UnityEngine.StackTraceUtility:ExtractStackTrace ()
Verse.Log:Error (string)
Verse.XmlToObjectUtils:DoFieldSearch (System.Type,System.Xml.XmlNode,System.Xml.XmlNode)
Verse.DirectXmlToObjectNew:ResolveFieldForNode (System.Type,System.Xml.XmlNode,System.Xml.XmlNode)
(wrapper dynamic-method) Verse.DirectXmlToObjectNew/DummyTypeToHoldDynamicMethods:ParseAndAddComplexTypeToList_SharedBody (object,int,System.Xml.XmlNode,System.Type)
(wrapper dynamic-method) Verse.DirectXmlToObjectNew/DummyTypeToHoldDynamicMethods:ParseAndSetListField_Verse_Grammar_Rule (object,System.Reflection.FieldInfo,System.Xml.XmlNode,System.Type)
(wrapper dynamic-method) Verse.DirectXmlToObjectNew/DummyTypeToHoldDynamicMethods:ParseAndSetComplexTypeField_Verse_Grammar_RulePack (object,System.Reflection.FieldInfo,System.Xml.XmlNode,System.Type)
(wrapper dynamic-method) Verse.DirectXmlToObjectNew/DummyTypeToHoldDynamicMethods:ParseAndReturnDef_Verse_Def (int,int,System.Xml.XmlNode,System.Type)
Verse.DirectXmlToObjectNew:DefFromNodeNew (System.Xml.XmlNode,Verse.LoadableXmlAsset)
Verse.LoadedModManager:ParseAndProcessXML (System.Xml.XmlDocument,System.Collections.Generic.Dictionary`2<System.Xml.XmlNode, Verse.LoadableXmlAsset>,bool)
Verse.LoadedModManager:LoadAllActiveMods (bool)
Verse.PlayDataLoader:DoPlayLoad ()
Verse.PlayDataLoader:LoadAllPlayData (bool)
Verse.Root/<>c:<Start>b__10_1 ()
Verse.LongEventHandler:RunEventFromAnotherThread (System.Action)
Verse.LongEventHandler/<>c:<UpdateCurrentAsynchronousEvent>b__28_0 ()
System.Threading.ThreadHelper:ThreadStart_Context (object)
System.Threading.ExecutionContext:RunInternal (System.Threading.ExecutionContext,System.Threading.ContextCallback,object,bool)
System.Threading.ExecutionContext:Run (System.Threading.ExecutionContext,System.Threading.ContextCallback,object,bool)
System.Threading.ExecutionContext:Run (System.Threading.ExecutionContext,System.Threading.ContextCallback,object)
System.Threading.ThreadHelper:ThreadStart ()

XML error: <value>Overwatch</value> doesn't correspond to any field in type Rule_String. Context: <li Class="Rule_String"><keyword>USCMword</keyword><value>Overwatch</value></li>
UnityEngine.StackTraceUtility:ExtractStackTrace ()
Verse.Log:Error (string)
Verse.XmlToObjectUtils:DoFieldSearch (System.Type,System.Xml.XmlNode,System.Xml.XmlNode)
Verse.DirectXmlToObjectNew:ResolveFieldForNode (System.Type,System.Xml.XmlNode,System.Xml.XmlNode)
(wrapper dynamic-method) Verse.DirectXmlToObjectNew/DummyTypeToHoldDynamicMethods:ParseAndAddComplexTypeToList_SharedBody (object,int,System.Xml.XmlNode,System.Type)
(wrapper dynamic-method) Verse.DirectXmlToObjectNew/DummyTypeToHoldDynamicMethods:ParseAndSetListField_Verse_Grammar_Rule (object,System.Reflection.FieldInfo,System.Xml.XmlNode,System.Type)
(wrapper dynamic-method) Verse.DirectXmlToObjectNew/DummyTypeToHoldDynamicMethods:ParseAndSetComplexTypeField_Verse_Grammar_RulePack (object,System.Reflection.FieldInfo,System.Xml.XmlNode,System.Type)
(wrapper dynamic-method) Verse.DirectXmlToObjectNew/DummyTypeToHoldDynamicMethods:ParseAndReturnDef_Verse_Def (int,int,System.Xml.XmlNode,System.Type)
Verse.DirectXmlToObjectNew:DefFromNodeNew (System.Xml.XmlNode,Verse.LoadableXmlAsset)
Verse.LoadedModManager:ParseAndProcessXML (System.Xml.XmlDocument,System.Collections.Generic.Dictionary`2<System.Xml.XmlNode, Verse.LoadableXmlAsset>,bool)
Verse.LoadedModManager:LoadAllActiveMods (bool)
Verse.PlayDataLoader:DoPlayLoad ()
Verse.PlayDataLoader:LoadAllPlayData (bool)
Verse.Root/<>c:<Start>b__10_1 ()
Verse.LongEventHandler:RunEventFromAnotherThread (System.Action)
Verse.LongEventHandler/<>c:<UpdateCurrentAsynchronousEvent>b__28_0 ()
System.Threading.ThreadHelper:ThreadStart_Context (object)
System.Threading.ExecutionContext:RunInternal (System.Threading.ExecutionContext,System.Threading.ContextCallback,object,bool)
System.Threading.ExecutionContext:Run (System.Threading.ExecutionContext,System.Threading.ContextCallback,object,bool)
System.Threading.ExecutionContext:Run (System.Threading.ExecutionContext,System.Threading.ContextCallback,object)
System.Threading.ThreadHelper:ThreadStart ()

XML error: <value>Hammer</value> doesn't correspond to any field in type Rule_String. Context: <li Class="Rule_String"><keyword>USCMword</keyword><value>Hammer</value></li>
UnityEngine.StackTraceUtility:ExtractStackTrace ()
Verse.Log:Error (string)
Verse.XmlToObjectUtils:DoFieldSearch (System.Type,System.Xml.XmlNode,System.Xml.XmlNode)
Verse.DirectXmlToObjectNew:ResolveFieldForNode (System.Type,System.Xml.XmlNode,System.Xml.XmlNode)
(wrapper dynamic-method) Verse.DirectXmlToObjectNew/DummyTypeToHoldDynamicMethods:ParseAndAddComplexTypeToList_SharedBody (object,int,System.Xml.XmlNode,System.Type)
(wrapper dynamic-method) Verse.DirectXmlToObjectNew/DummyTypeToHoldDynamicMethods:ParseAndSetListField_Verse_Grammar_Rule (object,System.Reflection.FieldInfo,System.Xml.XmlNode,System.Type)
(wrapper dynamic-method) Verse.DirectXmlToObjectNew/DummyTypeToHoldDynamicMethods:ParseAndSetComplexTypeField_Verse_Grammar_RulePack (object,System.Reflection.FieldInfo,System.Xml.XmlNode,System.Type)
(wrapper dynamic-method) Verse.DirectXmlToObjectNew/DummyTypeToHoldDynamicMethods:ParseAndReturnDef_Verse_Def (int,int,System.Xml.XmlNode,System.Type)
Verse.DirectXmlToObjectNew:DefFromNodeNew (System.Xml.XmlNode,Verse.LoadableXmlAsset)
Verse.LoadedModManager:ParseAndProcessXML (System.Xml.XmlDocument,System.Collections.Generic.Dictionary`2<System.Xml.XmlNode, Verse.LoadableXmlAsset>,bool)
Verse.LoadedModManager:LoadAllActiveMods (bool)
Verse.PlayDataLoader:DoPlayLoad ()
Verse.PlayDataLoader:LoadAllPlayData (bool)
Verse.Root/<>c:<Start>b__10_1 ()
Verse.LongEventHandler:RunEventFromAnotherThread (System.Action)
Verse.LongEventHandler/<>c:<UpdateCurrentAsynchronousEvent>b__28_0 ()
System.Threading.ThreadHelper:ThreadStart_Context (object)
System.Threading.ExecutionContext:RunInternal (System.Threading.ExecutionContext,System.Threading.ContextCallback,object,bool)
System.Threading.ExecutionContext:Run (System.Threading.ExecutionContext,System.Threading.ContextCallback,object,bool)
System.Threading.ExecutionContext:Run (System.Threading.ExecutionContext,System.Threading.ContextCallback,object)
System.Threading.ThreadHelper:ThreadStart ()

XML error: <value>Sentinel</value> doesn't correspond to any field in type Rule_String. Context: <li Class="Rule_String"><keyword>USCMword</keyword><value>Sentinel</value></li>
UnityEngine.StackTraceUtility:ExtractStackTrace ()
Verse.Log:Error (string)
Verse.XmlToObjectUtils:DoFieldSearch (System.Type,System.Xml.XmlNode,System.Xml.XmlNode)
Verse.DirectXmlToObjectNew:ResolveFieldForNode (System.Type,System.Xml.XmlNode,System.Xml.XmlNode)
(wrapper dynamic-method) Verse.DirectXmlToObjectNew/DummyTypeToHoldDynamicMethods:ParseAndAddComplexTypeToList_SharedBody (object,int,System.Xml.XmlNode,System.Type)
(wrapper dynamic-method) Verse.DirectXmlToObjectNew/DummyTypeToHoldDynamicMethods:ParseAndSetListField_Verse_Grammar_Rule (object,System.Reflection.FieldInfo,System.Xml.XmlNode,System.Type)
(wrapper dynamic-method) Verse.DirectXmlToObjectNew/DummyTypeToHoldDynamicMethods:ParseAndSetComplexTypeField_Verse_Grammar_RulePack (object,System.Reflection.FieldInfo,System.Xml.XmlNode,System.Type)
(wrapper dynamic-method) Verse.DirectXmlToObjectNew/DummyTypeToHoldDynamicMethods:ParseAndReturnDef_Verse_Def (int,int,System.Xml.XmlNode,System.Type)
Verse.DirectXmlToObjectNew:DefFromNodeNew (System.Xml.XmlNode,Verse.LoadableXmlAsset)
Verse.LoadedModManager:ParseAndProcessXML (System.Xml.XmlDocument,System.Collections.Generic.Dictionary`2<System.Xml.XmlNode, Verse.LoadableXmlAsset>,bool)
Verse.LoadedModManager:LoadAllActiveMods (bool)
Verse.PlayDataLoader:DoPlayLoad ()
Verse.PlayDataLoader:LoadAllPlayData (bool)
Verse.Root/<>c:<Start>b__10_1 ()
Verse.LongEventHandler:RunEventFromAnotherThread (System.Action)
Verse.LongEventHandler/<>c:<UpdateCurrentAsynchronousEvent>b__28_0 ()
System.Threading.ThreadHelper:ThreadStart_Context (object)
System.Threading.ExecutionContext:RunInternal (System.Threading.ExecutionContext,System.Threading.ContextCallback,object,bool)
System.Threading.ExecutionContext:Run (System.Threading.ExecutionContext,System.Threading.ContextCallback,object,bool)
System.Threading.ExecutionContext:Run (System.Threading.ExecutionContext,System.Threading.ContextCallback,object)
System.Threading.ThreadHelper:ThreadStart ()

XML error: <value>Vanguard</value> doesn't correspond to any field in type Rule_String. Context: <li Class="Rule_String"><keyword>USCMword</keyword><value>Vanguard</value></li>
UnityEngine.StackTraceUtility:ExtractStackTrace ()
Verse.Log:Error (string)
Verse.XmlToObjectUtils:DoFieldSearch (System.Type,System.Xml.XmlNode,System.Xml.XmlNode)
Verse.DirectXmlToObjectNew:ResolveFieldForNode (System.Type,System.Xml.XmlNode,System.Xml.XmlNode)
(wrapper dynamic-method) Verse.DirectXmlToObjectNew/DummyTypeToHoldDynamicMethods:ParseAndAddComplexTypeToList_SharedBody (object,int,System.Xml.XmlNode,System.Type)
(wrapper dynamic-method) Verse.DirectXmlToObjectNew/DummyTypeToHoldDynamicMethods:ParseAndSetListField_Verse_Grammar_Rule (object,System.Reflection.FieldInfo,System.Xml.XmlNode,System.Type)
(wrapper dynamic-method) Verse.DirectXmlToObjectNew/DummyTypeToHoldDynamicMethods:ParseAndSetComplexTypeField_Verse_Grammar_RulePack (object,System.Reflection.FieldInfo,System.Xml.XmlNode,System.Type)
(wrapper dynamic-method) Verse.DirectXmlToObjectNew/DummyTypeToHoldDynamicMethods:ParseAndReturnDef_Verse_Def (int,int,System.Xml.XmlNode,System.Type)
Verse.DirectXmlToObjectNew:DefFromNodeNew (System.Xml.XmlNode,Verse.LoadableXmlAsset)
Verse.LoadedModManager:ParseAndProcessXML (System.Xml.XmlDocument,System.Collections.Generic.Dictionary`2<System.Xml.XmlNode, Verse.LoadableXmlAsset>,bool)
Verse.LoadedModManager:LoadAllActiveMods (bool)
Verse.PlayDataLoader:DoPlayLoad ()
Verse.PlayDataLoader:LoadAllPlayData (bool)
Verse.Root/<>c:<Start>b__10_1 ()
Verse.LongEventHandler:RunEventFromAnotherThread (System.Action)
Verse.LongEventHandler/<>c:<UpdateCurrentAsynchronousEvent>b__28_0 ()
System.Threading.ThreadHelper:ThreadStart_Context (object)
System.Threading.ExecutionContext:RunInternal (System.Threading.ExecutionContext,System.Threading.ContextCallback,object,bool)
System.Threading.ExecutionContext:Run (System.Threading.ExecutionContext,System.Threading.ContextCallback,object,bool)
System.Threading.ExecutionContext:Run (System.Threading.ExecutionContext,System.Threading.ContextCallback,object)
System.Threading.ThreadHelper:ThreadStart ()

XML error: <value>Outpost</value> doesn't correspond to any field in type Rule_String. Context: <li Class="Rule_String"><keyword>Squadword</keyword><value>Outpost</value></li>
UnityEngine.StackTraceUtility:ExtractStackTrace ()
Verse.Log:Error (string)
Verse.XmlToObjectUtils:DoFieldSearch (System.Type,System.Xml.XmlNode,System.Xml.XmlNode)
Verse.DirectXmlToObjectNew:ResolveFieldForNode (System.Type,System.Xml.XmlNode,System.Xml.XmlNode)
(wrapper dynamic-method) Verse.DirectXmlToObjectNew/DummyTypeToHoldDynamicMethods:ParseAndAddComplexTypeToList_SharedBody (object,int,System.Xml.XmlNode,System.Type)
(wrapper dynamic-method) Verse.DirectXmlToObjectNew/DummyTypeToHoldDynamicMethods:ParseAndSetListField_Verse_Grammar_Rule (object,System.Reflection.FieldInfo,System.Xml.XmlNode,System.Type)
(wrapper dynamic-method) Verse.DirectXmlToObjectNew/DummyTypeToHoldDynamicMethods:ParseAndSetComplexTypeField_Verse_Grammar_RulePack (object,System.Reflection.FieldInfo,System.Xml.XmlNode,System.Type)
(wrapper dynamic-method) Verse.DirectXmlToObjectNew/DummyTypeToHoldDynamicMethods:ParseAndReturnDef_Verse_Def (int,int,System.Xml.XmlNode,System.Type)
Verse.DirectXmlToObjectNew:DefFromNodeNew (System.Xml.XmlNode,Verse.LoadableXmlAsset)
Verse.LoadedModManager:ParseAndProcessXML (System.Xml.XmlDocument,System.Collections.Generic.Dictionary`2<System.Xml.XmlNode, Verse.LoadableXmlAsset>,bool)
Verse.LoadedModManager:LoadAllActiveMods (bool)
Verse.PlayDataLoader:DoPlayLoad ()
Verse.PlayDataLoader:LoadAllPlayData (bool)
Verse.Root/<>c:<Start>b__10_1 ()
Verse.LongEventHandler:RunEventFromAnotherThread (System.Action)
Verse.LongEventHandler/<>c:<UpdateCurrentAsynchronousEvent>b__28_0 ()
System.Threading.ThreadHelper:ThreadStart_Context (object)
System.Threading.ExecutionContext:RunInternal (System.Threading.ExecutionContext,System.Threading.ContextCallback,object,bool)
System.Threading.ExecutionContext:Run (System.Threading.ExecutionContext,System.Threading.ContextCallback,object,bool)
System.Threading.ExecutionContext:Run (System.Threading.ExecutionContext,System.Threading.ContextCallback,object)
System.Threading.ThreadHelper:ThreadStart ()

XML error: <value>Station</value> doesn't correspond to any field in type Rule_String. Context: <li Class="Rule_String"><keyword>Squadword</keyword><value>Station</value></li>
UnityEngine.StackTraceUtility:ExtractStackTrace ()
Verse.Log:Error (string)
Verse.XmlToObjectUtils:DoFieldSearch (System.Type,System.Xml.XmlNode,System.Xml.XmlNode)
Verse.DirectXmlToObjectNew:ResolveFieldForNode (System.Type,System.Xml.XmlNode,System.Xml.XmlNode)
(wrapper dynamic-method) Verse.DirectXmlToObjectNew/DummyTypeToHoldDynamicMethods:ParseAndAddComplexTypeToList_SharedBody (object,int,System.Xml.XmlNode,System.Type)
(wrapper dynamic-method) Verse.DirectXmlToObjectNew/DummyTypeToHoldDynamicMethods:ParseAndSetListField_Verse_Grammar_Rule (object,System.Reflection.FieldInfo,System.Xml.XmlNode,System.Type)
(wrapper dynamic-method) Verse.DirectXmlToObjectNew/DummyTypeToHoldDynamicMethods:ParseAndSetComplexTypeField_Verse_Grammar_RulePack (object,System.Reflection.FieldInfo,System.Xml.XmlNode,System.Type)
(wrapper dynamic-method) Verse.DirectXmlToObjectNew/DummyTypeToHoldDynamicMethods:ParseAndReturnDef_Verse_Def (int,int,System.Xml.XmlNode,System.Type)
Verse.DirectXmlToObjectNew:DefFromNodeNew (System.Xml.XmlNode,Verse.LoadableXmlAsset)
Verse.LoadedModManager:ParseAndProcessXML (System.Xml.XmlDocument,System.Collections.Generic.Dictionary`2<System.Xml.XmlNode, Verse.LoadableXmlAsset>,bool)
Verse.LoadedModManager:LoadAllActiveMods (bool)
Verse.PlayDataLoader:DoPlayLoad ()
Verse.PlayDataLoader:LoadAllPlayData (bool)
Verse.Root/<>c:<Start>b__10_1 ()
Verse.LongEventHandler:RunEventFromAnotherThread (System.Action)
Verse.LongEventHandler/<>c:<UpdateCurrentAsynchronousEvent>b__28_0 ()
System.Threading.ThreadHelper:ThreadStart_Context (object)
System.Threading.ExecutionContext:RunInternal (System.Threading.ExecutionContext,System.Threading.ContextCallback,object,bool)
System.Threading.ExecutionContext:Run (System.Threading.ExecutionContext,System.Threading.ContextCallback,object,bool)
System.Threading.ExecutionContext:Run (System.Threading.ExecutionContext,System.Threading.ContextCallback,object)
System.Threading.ThreadHelper:ThreadStart ()

XML error: <value>Base</value> doesn't correspond to any field in type Rule_String. Context: <li Class="Rule_String"><keyword>Squadword</keyword><value>Base</value></li>
UnityEngine.StackTraceUtility:ExtractStackTrace ()
Verse.Log:Error (string)
Verse.XmlToObjectUtils:DoFieldSearch (System.Type,System.Xml.XmlNode,System.Xml.XmlNode)
Verse.DirectXmlToObjectNew:ResolveFieldForNode (System.Type,System.Xml.XmlNode,System.Xml.XmlNode)
(wrapper dynamic-method) Verse.DirectXmlToObjectNew/DummyTypeToHoldDynamicMethods:ParseAndAddComplexTypeToList_SharedBody (object,int,System.Xml.XmlNode,System.Type)
(wrapper dynamic-method) Verse.DirectXmlToObjectNew/DummyTypeToHoldDynamicMethods:ParseAndSetListField_Verse_Grammar_Rule (object,System.Reflection.FieldInfo,System.Xml.XmlNode,System.Type)
(wrapper dynamic-method) Verse.DirectXmlToObjectNew/DummyTypeToHoldDynamicMethods:ParseAndSetComplexTypeField_Verse_Grammar_RulePack (object,System.Reflection.FieldInfo,System.Xml.XmlNode,System.Type)
(wrapper dynamic-method) Verse.DirectXmlToObjectNew/DummyTypeToHoldDynamicMethods:ParseAndReturnDef_Verse_Def (int,int,System.Xml.XmlNode,System.Type)
Verse.DirectXmlToObjectNew:DefFromNodeNew (System.Xml.XmlNode,Verse.LoadableXmlAsset)
Verse.LoadedModManager:ParseAndProcessXML (System.Xml.XmlDocument,System.Collections.Generic.Dictionary`2<System.Xml.XmlNode, Verse.LoadableXmlAsset>,bool)
Verse.LoadedModManager:LoadAllActiveMods (bool)
Verse.PlayDataLoader:DoPlayLoad ()
Verse.PlayDataLoader:LoadAllPlayData (bool)
Verse.Root/<>c:<Start>b__10_1 ()
Verse.LongEventHandler:RunEventFromAnotherThread (System.Action)
Verse.LongEventHandler/<>c:<UpdateCurrentAsynchronousEvent>b__28_0 ()
System.Threading.ThreadHelper:ThreadStart_Context (object)
System.Threading.ExecutionContext:RunInternal (System.Threading.ExecutionContext,System.Threading.ContextCallback,object,bool)
System.Threading.ExecutionContext:Run (System.Threading.ExecutionContext,System.Threading.ContextCallback,object,bool)
System.Threading.ExecutionContext:Run (System.Threading.ExecutionContext,System.Threading.ContextCallback,object)
System.Threading.ThreadHelper:ThreadStart ()

XML error: <value>Garrison</value> doesn't correspond to any field in type Rule_String. Context: <li Class="Rule_String"><keyword>Squadword</keyword><value>Garrison</value></li>
UnityEngine.StackTraceUtility:ExtractStackTrace ()
Verse.Log:Error (string)
Verse.XmlToObjectUtils:DoFieldSearch (System.Type,System.Xml.XmlNode,System.Xml.XmlNode)
Verse.DirectXmlToObjectNew:ResolveFieldForNode (System.Type,System.Xml.XmlNode,System.Xml.XmlNode)
(wrapper dynamic-method) Verse.DirectXmlToObjectNew/DummyTypeToHoldDynamicMethods:ParseAndAddComplexTypeToList_SharedBody (object,int,System.Xml.XmlNode,System.Type)
(wrapper dynamic-method) Verse.DirectXmlToObjectNew/DummyTypeToHoldDynamicMethods:ParseAndSetListField_Verse_Grammar_Rule (object,System.Reflection.FieldInfo,System.Xml.XmlNode,System.Type)
(wrapper dynamic-method) Verse.DirectXmlToObjectNew/DummyTypeToHoldDynamicMethods:ParseAndSetComplexTypeField_Verse_Grammar_RulePack (object,System.Reflection.FieldInfo,System.Xml.XmlNode,System.Type)
(wrapper dynamic-method) Verse.DirectXmlToObjectNew/DummyTypeToHoldDynamicMethods:ParseAndReturnDef_Verse_Def (int,int,System.Xml.XmlNode,System.Type)
Verse.DirectXmlToObjectNew:DefFromNodeNew (System.Xml.XmlNode,Verse.LoadableXmlAsset)
Verse.LoadedModManager:ParseAndProcessXML (System.Xml.XmlDocument,System.Collections.Generic.Dictionary`2<System.Xml.XmlNode, Verse.LoadableXmlAsset>,bool)
Verse.LoadedModManager:LoadAllActiveMods (bool)
Verse.PlayDataLoader:DoPlayLoad ()
Verse.PlayDataLoader:LoadAllPlayData (bool)
Verse.Root/<>c:<Start>b__10_1 ()
Verse.LongEventHandler:RunEventFromAnotherThread (System.Action)
Verse.LongEventHandler/<>c:<UpdateCurrentAsynchronousEvent>b__28_0 ()
System.Threading.ThreadHelper:ThreadStart_Context (object)
System.Threading.ExecutionContext:RunInternal (System.Threading.ExecutionContext,System.Threading.ContextCallback,object,bool)
System.Threading.ExecutionContext:Run (System.Threading.ExecutionContext,System.Threading.ContextCallback,object,bool)
System.Threading.ExecutionContext:Run (System.Threading.ExecutionContext,System.Threading.ContextCallback,object)
System.Threading.ThreadHelper:ThreadStart ()

XML error: <value>Bunker</value> doesn't correspond to any field in type Rule_String. Context: <li Class="Rule_String"><keyword>Squadword</keyword><value>Bunker</value></li>
UnityEngine.StackTraceUtility:ExtractStackTrace ()
Verse.Log:Error (string)
Verse.XmlToObjectUtils:DoFieldSearch (System.Type,System.Xml.XmlNode,System.Xml.XmlNode)
Verse.DirectXmlToObjectNew:ResolveFieldForNode (System.Type,System.Xml.XmlNode,System.Xml.XmlNode)
(wrapper dynamic-method) Verse.DirectXmlToObjectNew/DummyTypeToHoldDynamicMethods:ParseAndAddComplexTypeToList_SharedBody (object,int,System.Xml.XmlNode,System.Type)
(wrapper dynamic-method) Verse.DirectXmlToObjectNew/DummyTypeToHoldDynamicMethods:ParseAndSetListField_Verse_Grammar_Rule (object,System.Reflection.FieldInfo,System.Xml.XmlNode,System.Type)
(wrapper dynamic-method) Verse.DirectXmlToObjectNew/DummyTypeToHoldDynamicMethods:ParseAndSetComplexTypeField_Verse_Grammar_RulePack (object,System.Reflection.FieldInfo,System.Xml.XmlNode,System.Type)
(wrapper dynamic-method) Verse.DirectXmlToObjectNew/DummyTypeToHoldDynamicMethods:ParseAndReturnDef_Verse_Def (int,int,System.Xml.XmlNode,System.Type)
Verse.DirectXmlToObjectNew:DefFromNodeNew (System.Xml.XmlNode,Verse.LoadableXmlAsset)
Verse.LoadedModManager:ParseAndProcessXML (System.Xml.XmlDocument,System.Collections.Generic.Dictionary`2<System.Xml.XmlNode, Verse.LoadableXmlAsset>,bool)
Verse.LoadedModManager:LoadAllActiveMods (bool)
Verse.PlayDataLoader:DoPlayLoad ()
Verse.PlayDataLoader:LoadAllPlayData (bool)
Verse.Root/<>c:<Start>b__10_1 ()
Verse.LongEventHandler:RunEventFromAnotherThread (System.Action)
Verse.LongEventHandler/<>c:<UpdateCurrentAsynchronousEvent>b__28_0 ()
System.Threading.ThreadHelper:ThreadStart_Context (object)
System.Threading.ExecutionContext:RunInternal (System.Threading.ExecutionContext,System.Threading.ContextCallback,object,bool)
System.Threading.ExecutionContext:Run (System.Threading.ExecutionContext,System.Threading.ContextCallback,object,bool)
System.Threading.ExecutionContext:Run (System.Threading.ExecutionContext,System.Threading.ContextCallback,object)
System.Threading.ThreadHelper:ThreadStart ()

XML error: <value>Foothold</value> doesn't correspond to any field in type Rule_String. Context: <li Class="Rule_String"><keyword>Squadword</keyword><value>Foothold</value></li>
UnityEngine.StackTraceUtility:ExtractStackTrace ()
Verse.Log:Error (string)
Verse.XmlToObjectUtils:DoFieldSearch (System.Type,System.Xml.XmlNode,System.Xml.XmlNode)
Verse.DirectXmlToObjectNew:ResolveFieldForNode (System.Type,System.Xml.XmlNode,System.Xml.XmlNode)
(wrapper dynamic-method) Verse.DirectXmlToObjectNew/DummyTypeToHoldDynamicMethods:ParseAndAddComplexTypeToList_SharedBody (object,int,System.Xml.XmlNode,System.Type)
(wrapper dynamic-method) Verse.DirectXmlToObjectNew/DummyTypeToHoldDynamicMethods:ParseAndSetListField_Verse_Grammar_Rule (object,System.Reflection.FieldInfo,System.Xml.XmlNode,System.Type)
(wrapper dynamic-method) Verse.DirectXmlToObjectNew/DummyTypeToHoldDynamicMethods:ParseAndSetComplexTypeField_Verse_Grammar_RulePack (object,System.Reflection.FieldInfo,System.Xml.XmlNode,System.Type)
(wrapper dynamic-method) Verse.DirectXmlToObjectNew/DummyTypeToHoldDynamicMethods:ParseAndReturnDef_Verse_Def (int,int,System.Xml.XmlNode,System.Type)
Verse.DirectXmlToObjectNew:DefFromNodeNew (System.Xml.XmlNode,Verse.LoadableXmlAsset)
Verse.LoadedModManager:ParseAndProcessXML (System.Xml.XmlDocument,System.Collections.Generic.Dictionary`2<System.Xml.XmlNode, Verse.LoadableXmlAsset>,bool)
Verse.LoadedModManager:LoadAllActiveMods (bool)
Verse.PlayDataLoader:DoPlayLoad ()
Verse.PlayDataLoader:LoadAllPlayData (bool)
Verse.Root/<>c:<Start>b__10_1 ()
Verse.LongEventHandler:RunEventFromAnotherThread (System.Action)
Verse.LongEventHandler/<>c:<UpdateCurrentAsynchronousEvent>b__28_0 ()
System.Threading.ThreadHelper:ThreadStart_Context (object)
System.Threading.ExecutionContext:RunInternal (System.Threading.ExecutionContext,System.Threading.ContextCallback,object,bool)
System.Threading.ExecutionContext:Run (System.Threading.ExecutionContext,System.Threading.ContextCallback,object,bool)
System.Threading.ExecutionContext:Run (System.Threading.ExecutionContext,System.Threading.ContextCallback,object)
System.Threading.ThreadHelper:ThreadStart ()

XML error: <value>Camp</value> doesn't correspond to any field in type Rule_String. Context: <li Class="Rule_String"><keyword>Squadword</keyword><value>Camp</value></li>
UnityEngine.StackTraceUtility:ExtractStackTrace ()
Verse.Log:Error (string)
Verse.XmlToObjectUtils:DoFieldSearch (System.Type,System.Xml.XmlNode,System.Xml.XmlNode)
Verse.DirectXmlToObjectNew:ResolveFieldForNode (System.Type,System.Xml.XmlNode,System.Xml.XmlNode)
(wrapper dynamic-method) Verse.DirectXmlToObjectNew/DummyTypeToHoldDynamicMethods:ParseAndAddComplexTypeToList_SharedBody (object,int,System.Xml.XmlNode,System.Type)
(wrapper dynamic-method) Verse.DirectXmlToObjectNew/DummyTypeToHoldDynamicMethods:ParseAndSetListField_Verse_Grammar_Rule (object,System.Reflection.FieldInfo,System.Xml.XmlNode,System.Type)
(wrapper dynamic-method) Verse.DirectXmlToObjectNew/DummyTypeToHoldDynamicMethods:ParseAndSetComplexTypeField_Verse_Grammar_RulePack (object,System.Reflection.FieldInfo,System.Xml.XmlNode,System.Type)
(wrapper dynamic-method) Verse.DirectXmlToObjectNew/DummyTypeToHoldDynamicMethods:ParseAndReturnDef_Verse_Def (int,int,System.Xml.XmlNode,System.Type)
Verse.DirectXmlToObjectNew:DefFromNodeNew (System.Xml.XmlNode,Verse.LoadableXmlAsset)
Verse.LoadedModManager:ParseAndProcessXML (System.Xml.XmlDocument,System.Collections.Generic.Dictionary`2<System.Xml.XmlNode, Verse.LoadableXmlAsset>,bool)
Verse.LoadedModManager:LoadAllActiveMods (bool)
Verse.PlayDataLoader:DoPlayLoad ()
Verse.PlayDataLoader:LoadAllPlayData (bool)
Verse.Root/<>c:<Start>b__10_1 ()
Verse.LongEventHandler:RunEventFromAnotherThread (System.Action)
Verse.LongEventHandler/<>c:<UpdateCurrentAsynchronousEvent>b__28_0 ()
System.Threading.ThreadHelper:ThreadStart_Context (object)
System.Threading.ExecutionContext:RunInternal (System.Threading.ExecutionContext,System.Threading.ContextCallback,object,bool)
System.Threading.ExecutionContext:Run (System.Threading.ExecutionContext,System.Threading.ContextCallback,object,bool)
System.Threading.ExecutionContext:Run (System.Threading.ExecutionContext,System.Threading.ContextCallback,object)
System.Threading.ThreadHelper:ThreadStart ()

Exception loading def from file USCM_Weapons_Ranged_Smartgun.xml: System.ArgumentException: Could not find type named AdeptusMechanicus.CompProperties_OversizedWeapon from node <li Class="AdeptusMechanicus.CompProperties_OversizedWeapon"><southOffset>0.125,0.1,-0.15</southOffset><eastOffset>0.0,0.1,-0.0</eastOffset></li>
Parameter name: node
[Ref D7802C72]
  at Verse.DirectXmlToObjectNew.ResolveTypeForNode (System.Type defaultType, System.Xml.XmlNode node) [0x0005a] in <61e4173561894da49d210260257b5097>:0 
(wrapper dynamic-method) Verse.DirectXmlToObjectNew+DummyTypeToHoldDynamicMethods.ParseAndSetListField_Verse_CompProperties(object,System.Reflection.FieldInfo,System.Xml.XmlNode,System.Type)
(wrapper dynamic-method) Verse.DirectXmlToObjectNew+DummyTypeToHoldDynamicMethods.ParseAndReturnDef_Verse_ThingDef(int,int,System.Xml.XmlNode,System.Type)
  at Verse.DirectXmlToObjectNew.DefFromNodeNew (System.Xml.XmlNode node, Verse.LoadableXmlAsset loadingAsset) [0x000dd] in <61e4173561894da49d210260257b5097>:0 
UnityEngine.StackTraceUtility:ExtractStackTrace ()
Verse.Log:Error (string)
Verse.DirectXmlToObjectNew:DefFromNodeNew (System.Xml.XmlNode,Verse.LoadableXmlAsset)
Verse.LoadedModManager:ParseAndProcessXML (System.Xml.XmlDocument,System.Collections.Generic.Dictionary`2<System.Xml.XmlNode, Verse.LoadableXmlAsset>,bool)
Verse.LoadedModManager:LoadAllActiveMods (bool)
Verse.PlayDataLoader:DoPlayLoad ()
Verse.PlayDataLoader:LoadAllPlayData (bool)
Verse.Root/<>c:<Start>b__10_1 ()
Verse.LongEventHandler:RunEventFromAnotherThread (System.Action)
Verse.LongEventHandler/<>c:<UpdateCurrentAsynchronousEvent>b__28_0 ()
System.Threading.ThreadHelper:ThreadStart_Context (object)
System.Threading.ExecutionContext:RunInternal (System.Threading.ExecutionContext,System.Threading.ContextCallback,object,bool)
System.Threading.ExecutionContext:Run (System.Threading.ExecutionContext,System.Threading.ContextCallback,object,bool)
System.Threading.ExecutionContext:Run (System.Threading.ExecutionContext,System.Threading.ContextCallback,object)
System.Threading.ThreadHelper:ThreadStart ()

Could not find a type named RimWorld.DropPodLeaving
UnityEngine.StackTraceUtility:ExtractStackTrace ()
Verse.Log:Error (string)
Verse.ParseHelper:ParseType (string)
Verse.ParseHelper/Parsers`1/<>c__DisplayClass2_0<System.Type>:<Register>b__0 (string)
Verse.ParseHelper:FromString (string,System.Type)
(wrapper dynamic-method) Verse.DirectXmlToObjectNew/DummyTypeToHoldDynamicMethods:ParseAndSetComplexTypeField_System_Type (object,System.Reflection.FieldInfo,System.Xml.XmlNode,System.Type)
(wrapper dynamic-method) Verse.DirectXmlToObjectNew/DummyTypeToHoldDynamicMethods:ParseAndReturnDef_Verse_ThingDef (int,int,System.Xml.XmlNode,System.Type)
Verse.DirectXmlToObjectNew:DefFromNodeNew (System.Xml.XmlNode,Verse.LoadableXmlAsset)
Verse.LoadedModManager:ParseAndProcessXML (System.Xml.XmlDocument,System.Collections.Generic.Dictionary`2<System.Xml.XmlNode, Verse.LoadableXmlAsset>,bool)
Verse.LoadedModManager:LoadAllActiveMods (bool)
Verse.PlayDataLoader:DoPlayLoad ()
Verse.PlayDataLoader:LoadAllPlayData (bool)
Verse.Root/<>c:<Start>b__10_1 ()
Verse.LongEventHandler:RunEventFromAnotherThread (System.Action)
Verse.LongEventHandler/<>c:<UpdateCurrentAsynchronousEvent>b__28_0 ()
System.Threading.ThreadHelper:ThreadStart_Context (object)
System.Threading.ExecutionContext:RunInternal (System.Threading.ExecutionContext,System.Threading.ContextCallback,object,bool)
System.Threading.ExecutionContext:Run (System.Threading.ExecutionContext,System.Threading.ContextCallback,object,bool)
System.Threading.ExecutionContext:Run (System.Threading.ExecutionContext,System.Threading.ContextCallback,object)
System.Threading.ThreadHelper:ThreadStart ()

Exception loading def from file Xenomorph.xml: System.ArgumentException: Could not find type named ThinkNode_ConditionalHasLord from node <li Class="ThinkNode_ConditionalHasLord"><invert>true</invert><subNodes /></li>
Parameter name: node
[Ref 46CE8B97]
  at Verse.DirectXmlToObjectNew.ResolveTypeForNode (System.Type defaultType, System.Xml.XmlNode node) [0x0005a] in <61e4173561894da49d210260257b5097>:0 
(wrapper dynamic-method) Verse.DirectXmlToObjectNew+DummyTypeToHoldDynamicMethods.ParseAndSetListField_Verse_AI_ThinkNode(object,System.Reflection.FieldInfo,System.Xml.XmlNode,System.Type)
(wrapper dynamic-method) Verse.DirectXmlToObjectNew+DummyTypeToHoldDynamicMethods.ParseAndSetComplexTypeField_SharedBody(object,System.Reflection.FieldInfo,System.Xml.XmlNode,System.Type)
(wrapper dynamic-method) Verse.DirectXmlToObjectNew+DummyTypeToHoldDynamicMethods.ParseAndReturnDef_Verse_Def(int,int,System.Xml.XmlNode,System.Type)
  at Verse.DirectXmlToObjectNew.DefFromNodeNew (System.Xml.XmlNode node, Verse.LoadableXmlAsset loadingAsset) [0x000dd] in <61e4173561894da49d210260257b5097>:0 
UnityEngine.StackTraceUtility:ExtractStackTrace ()
Verse.Log:Error (string)
Verse.DirectXmlToObjectNew:DefFromNodeNew (System.Xml.XmlNode,Verse.LoadableXmlAsset)
Verse.LoadedModManager:ParseAndProcessXML (System.Xml.XmlDocument,System.Collections.Generic.Dictionary`2<System.Xml.XmlNode, Verse.LoadableXmlAsset>,bool)
Verse.LoadedModManager:LoadAllActiveMods (bool)
Verse.PlayDataLoader:DoPlayLoad ()
Verse.PlayDataLoader:LoadAllPlayData (bool)
Verse.Root/<>c:<Start>b__10_1 ()
Verse.LongEventHandler:RunEventFromAnotherThread (System.Action)
Verse.LongEventHandler/<>c:<UpdateCurrentAsynchronousEvent>b__28_0 ()
System.Threading.ThreadHelper:ThreadStart_Context (object)
System.Threading.ExecutionContext:RunInternal (System.Threading.ExecutionContext,System.Threading.ContextCallback,object,bool)
System.Threading.ExecutionContext:Run (System.Threading.ExecutionContext,System.Threading.ContextCallback,object,bool)
System.Threading.ExecutionContext:Run (System.Threading.ExecutionContext,System.Threading.ContextCallback,object)
System.Threading.ThreadHelper:ThreadStart ()

XML error: <tag>Weapon</tag> doesn't correspond to any field in type StockGenerator_Tag. Context: <li Class="StockGenerator_Tag"><tag>Weapon</tag><countRange>3~6</countRange></li>
UnityEngine.StackTraceUtility:ExtractStackTrace ()
Verse.Log:Error (string)
Verse.XmlToObjectUtils:DoFieldSearch (System.Type,System.Xml.XmlNode,System.Xml.XmlNode)
Verse.DirectXmlToObjectNew:ResolveFieldForNode (System.Type,System.Xml.XmlNode,System.Xml.XmlNode)
(wrapper dynamic-method) Verse.DirectXmlToObjectNew/DummyTypeToHoldDynamicMethods:ParseAndAddComplexTypeToList_SharedBody (object,int,System.Xml.XmlNode,System.Type)
(wrapper dynamic-method) Verse.DirectXmlToObjectNew/DummyTypeToHoldDynamicMethods:ParseAndSetListField_RimWorld_StockGenerator (object,System.Reflection.FieldInfo,System.Xml.XmlNode,System.Type)
(wrapper dynamic-method) Verse.DirectXmlToObjectNew/DummyTypeToHoldDynamicMethods:ParseAndReturnDef_Verse_Def (int,int,System.Xml.XmlNode,System.Type)
Verse.DirectXmlToObjectNew:DefFromNodeNew (System.Xml.XmlNode,Verse.LoadableXmlAsset)
Verse.LoadedModManager:ParseAndProcessXML (System.Xml.XmlDocument,System.Collections.Generic.Dictionary`2<System.Xml.XmlNode, Verse.LoadableXmlAsset>,bool)
Verse.LoadedModManager:LoadAllActiveMods (bool)
Verse.PlayDataLoader:DoPlayLoad ()
Verse.PlayDataLoader:LoadAllPlayData (bool)
Verse.Root/<>c:<Start>b__10_1 ()
Verse.LongEventHandler:RunEventFromAnotherThread (System.Action)
Verse.LongEventHandler/<>c:<UpdateCurrentAsynchronousEvent>b__28_0 ()
System.Threading.ThreadHelper:ThreadStart_Context (object)
System.Threading.ExecutionContext:RunInternal (System.Threading.ExecutionContext,System.Threading.ContextCallback,object,bool)
System.Threading.ExecutionContext:Run (System.Threading.ExecutionContext,System.Threading.ContextCallback,object,bool)
System.Threading.ExecutionContext:Run (System.Threading.ExecutionContext,System.Threading.ContextCallback,object)
System.Threading.ThreadHelper:ThreadStart ()

Exception loading def from file TraderKinds_Base_Humanoid.xml: System.InvalidOperationException: Cannot deserialize XML node <li Class="StockGenerator_MiscItems"><countRange>10~16</countRange></li> to type RimWorld.StockGenerator_MiscItems due to missing parameterless constructor. ---> System.MissingMethodException: Default constructor not found for type RimWorld.StockGenerator_MiscItems
[Ref 8604E96A]
  at System.RuntimeType.CreateInstanceMono (System.Boolean nonPublic, System.Boolean wrapExceptions) [0x00076] in <51fded79cd284d4d911c5949aff4cb21>:0 
  at System.RuntimeType.CreateInstanceSlow (System.Boolean publicOnly, System.Boolean wrapExceptions, System.Boolean skipCheckThis, System.Boolean fillCache) [0x00009] in <51fded79cd284d4d911c5949aff4cb21>:0 
  at System.RuntimeType.CreateInstanceDefaultCtor (System.Boolean publicOnly, System.Boolean skipCheckThis, System.Boolean fillCache, System.Boolean wrapExceptions, System.Threading.StackCrawlMark& stackMark) [0x00027] in <51fded79cd284d4d911c5949aff4cb21>:0 
  at System.Activator.CreateInstance (System.Type type, System.Boolean nonPublic, System.Boolean wrapExceptions) [0x00020] in <51fded79cd284d4d911c5949aff4cb21>:0 
  at System.Activator.CreateInstance (System.Type type, System.Boolean nonPublic) [0x00000] in <51fded79cd284d4d911c5949aff4cb21>:0 
  at System.Activator.CreateInstance (System.Type type) [0x00000] in <51fded79cd284d4d911c5949aff4cb21>:0 
  at Verse.DirectXmlToObjectNew.MakeInstanceOfTypeForEmptyNode (System.Type type, System.Xml.XmlNode node) [0x00019] in <61e4173561894da49d210260257b5097>:0 
   --- End of inner exception stack trace ---
[Ref DC27EE9D]
  at Verse.DirectXmlToObjectNew.MakeInstanceOfTypeForEmptyNode (System.Type type, System.Xml.XmlNode node) [0x0005e] in <61e4173561894da49d210260257b5097>:0 
(wrapper dynamic-method) Verse.DirectXmlToObjectNew+DummyTypeToHoldDynamicMethods.ParseAndAddComplexTypeToList_SharedBody(object,int,System.Xml.XmlNode,System.Type)
(wrapper dynamic-method) Verse.DirectXmlToObjectNew+DummyTypeToHoldDynamicMethods.ParseAndSetListField_RimWorld_StockGenerator(object,System.Reflection.FieldInfo,System.Xml.XmlNode,System.Type)
(wrapper dynamic-method) Verse.DirectXmlToObjectNew+DummyTypeToHoldDynamicMethods.ParseAndReturnDef_Verse_Def(int,int,System.Xml.XmlNode,System.Type)
  at Verse.DirectXmlToObjectNew.DefFromNodeNew (System.Xml.XmlNode node, Verse.LoadableXmlAsset loadingAsset) [0x000dd] in <61e4173561894da49d210260257b5097>:0 
UnityEngine.StackTraceUtility:ExtractStackTrace ()
Verse.Log:Error (string)
Verse.DirectXmlToObjectNew:DefFromNodeNew (System.Xml.XmlNode,Verse.LoadableXmlAsset)
Verse.LoadedModManager:ParseAndProcessXML (System.Xml.XmlDocument,System.Collections.Generic.Dictionary`2<System.Xml.XmlNode, Verse.LoadableXmlAsset>,bool)
Verse.LoadedModManager:LoadAllActiveMods (bool)
Verse.PlayDataLoader:DoPlayLoad ()
Verse.PlayDataLoader:LoadAllPlayData (bool)
Verse.Root/<>c:<Start>b__10_1 ()
Verse.LongEventHandler:RunEventFromAnotherThread (System.Action)
Verse.LongEventHandler/<>c:<UpdateCurrentAsynchronousEvent>b__28_0 ()
System.Threading.ThreadHelper:ThreadStart_Context (object)
System.Threading.ExecutionContext:RunInternal (System.Threading.ExecutionContext,System.Threading.ContextCallback,object,bool)
System.Threading.ExecutionContext:Run (System.Threading.ExecutionContext,System.Threading.ContextCallback,object,bool)
System.Threading.ExecutionContext:Run (System.Threading.ExecutionContext,System.Threading.ContextCallback,object)
System.Threading.ThreadHelper:ThreadStart ()

XML error: <tag>Weapon</tag> doesn't correspond to any field in type StockGenerator_Tag. Context: <li Class="StockGenerator_Tag"><tag>Weapon</tag><countRange>5~5</countRange></li>
UnityEngine.StackTraceUtility:ExtractStackTrace ()
Verse.Log:Error (string)
Verse.XmlToObjectUtils:DoFieldSearch (System.Type,System.Xml.XmlNode,System.Xml.XmlNode)
Verse.DirectXmlToObjectNew:ResolveFieldForNode (System.Type,System.Xml.XmlNode,System.Xml.XmlNode)
(wrapper dynamic-method) Verse.DirectXmlToObjectNew/DummyTypeToHoldDynamicMethods:ParseAndAddComplexTypeToList_SharedBody (object,int,System.Xml.XmlNode,System.Type)
(wrapper dynamic-method) Verse.DirectXmlToObjectNew/DummyTypeToHoldDynamicMethods:ParseAndSetListField_RimWorld_StockGenerator (object,System.Reflection.FieldInfo,System.Xml.XmlNode,System.Type)
(wrapper dynamic-method) Verse.DirectXmlToObjectNew/DummyTypeToHoldDynamicMethods:ParseAndReturnDef_Verse_Def (int,int,System.Xml.XmlNode,System.Type)
Verse.DirectXmlToObjectNew:DefFromNodeNew (System.Xml.XmlNode,Verse.LoadableXmlAsset)
Verse.LoadedModManager:ParseAndProcessXML (System.Xml.XmlDocument,System.Collections.Generic.Dictionary`2<System.Xml.XmlNode, Verse.LoadableXmlAsset>,bool)
Verse.LoadedModManager:LoadAllActiveMods (bool)
Verse.PlayDataLoader:DoPlayLoad ()
Verse.PlayDataLoader:LoadAllPlayData (bool)
Verse.Root/<>c:<Start>b__10_1 ()
Verse.LongEventHandler:RunEventFromAnotherThread (System.Action)
Verse.LongEventHandler/<>c:<UpdateCurrentAsynchronousEvent>b__28_0 ()
System.Threading.ThreadHelper:ThreadStart_Context (object)
System.Threading.ExecutionContext:RunInternal (System.Threading.ExecutionContext,System.Threading.ContextCallback,object,bool)
System.Threading.ExecutionContext:Run (System.Threading.ExecutionContext,System.Threading.ContextCallback,object,bool)
System.Threading.ExecutionContext:Run (System.Threading.ExecutionContext,System.Threading.ContextCallback,object)
System.Threading.ThreadHelper:ThreadStart ()

Exception loading def from file TraderKinds_Base_Humanoid.xml: System.ArgumentException: Could not find type named StockGenerator_Armor from node <li Class="StockGenerator_Armor"><countRange>5~5</countRange></li>
Parameter name: node
[Ref CFE56E38]
  at Verse.DirectXmlToObjectNew.ResolveTypeForNode (System.Type defaultType, System.Xml.XmlNode node) [0x0005a] in <61e4173561894da49d210260257b5097>:0 
(wrapper dynamic-method) Verse.DirectXmlToObjectNew+DummyTypeToHoldDynamicMethods.ParseAndSetListField_RimWorld_StockGenerator(object,System.Reflection.FieldInfo,System.Xml.XmlNode,System.Type)
(wrapper dynamic-method) Verse.DirectXmlToObjectNew+DummyTypeToHoldDynamicMethods.ParseAndReturnDef_Verse_Def(int,int,System.Xml.XmlNode,System.Type)
  at Verse.DirectXmlToObjectNew.DefFromNodeNew (System.Xml.XmlNode node, Verse.LoadableXmlAsset loadingAsset) [0x000dd] in <61e4173561894da49d210260257b5097>:0 
UnityEngine.StackTraceUtility:ExtractStackTrace ()
Verse.Log:Error (string)
Verse.DirectXmlToObjectNew:DefFromNodeNew (System.Xml.XmlNode,Verse.LoadableXmlAsset)
Verse.LoadedModManager:ParseAndProcessXML (System.Xml.XmlDocument,System.Collections.Generic.Dictionary`2<System.Xml.XmlNode, Verse.LoadableXmlAsset>,bool)
Verse.LoadedModManager:LoadAllActiveMods (bool)
Verse.PlayDataLoader:DoPlayLoad ()
Verse.PlayDataLoader:LoadAllPlayData (bool)
Verse.Root/<>c:<Start>b__10_1 ()
Verse.LongEventHandler:RunEventFromAnotherThread (System.Action)
Verse.LongEventHandler/<>c:<UpdateCurrentAsynchronousEvent>b__28_0 ()
System.Threading.ThreadHelper:ThreadStart_Context (object)
System.Threading.ExecutionContext:RunInternal (System.Threading.ExecutionContext,System.Threading.ContextCallback,object,bool)
System.Threading.ExecutionContext:Run (System.Threading.ExecutionContext,System.Threading.ContextCallback,object,bool)
System.Threading.ExecutionContext:Run (System.Threading.ExecutionContext,System.Threading.ContextCallback,object)
System.Threading.ThreadHelper:ThreadStart ()

XML error: <tag>Weapon</tag> doesn't correspond to any field in type StockGenerator_Tag. Context: <li Class="StockGenerator_Tag"><tag>Weapon</tag><countRange>10~14</countRange></li>
UnityEngine.StackTraceUtility:ExtractStackTrace ()
Verse.Log:Error (string)
Verse.XmlToObjectUtils:DoFieldSearch (System.Type,System.Xml.XmlNode,System.Xml.XmlNode)
Verse.DirectXmlToObjectNew:ResolveFieldForNode (System.Type,System.Xml.XmlNode,System.Xml.XmlNode)
(wrapper dynamic-method) Verse.DirectXmlToObjectNew/DummyTypeToHoldDynamicMethods:ParseAndAddComplexTypeToList_SharedBody (object,int,System.Xml.XmlNode,System.Type)
(wrapper dynamic-method) Verse.DirectXmlToObjectNew/DummyTypeToHoldDynamicMethods:ParseAndSetListField_RimWorld_StockGenerator (object,System.Reflection.FieldInfo,System.Xml.XmlNode,System.Type)
(wrapper dynamic-method) Verse.DirectXmlToObjectNew/DummyTypeToHoldDynamicMethods:ParseAndReturnDef_Verse_Def (int,int,System.Xml.XmlNode,System.Type)
Verse.DirectXmlToObjectNew:DefFromNodeNew (System.Xml.XmlNode,Verse.LoadableXmlAsset)
Verse.LoadedModManager:ParseAndProcessXML (System.Xml.XmlDocument,System.Collections.Generic.Dictionary`2<System.Xml.XmlNode, Verse.LoadableXmlAsset>,bool)
Verse.LoadedModManager:LoadAllActiveMods (bool)
Verse.PlayDataLoader:DoPlayLoad ()
Verse.PlayDataLoader:LoadAllPlayData (bool)
Verse.Root/<>c:<Start>b__10_1 ()
Verse.LongEventHandler:RunEventFromAnotherThread (System.Action)
Verse.LongEventHandler/<>c:<UpdateCurrentAsynchronousEvent>b__28_0 ()
System.Threading.ThreadHelper:ThreadStart_Context (object)
System.Threading.ExecutionContext:RunInternal (System.Threading.ExecutionContext,System.Threading.ContextCallback,object,bool)
System.Threading.ExecutionContext:Run (System.Threading.ExecutionContext,System.Threading.ContextCallback,object,bool)
System.Threading.ExecutionContext:Run (System.Threading.ExecutionContext,System.Threading.ContextCallback,object)
System.Threading.ThreadHelper:ThreadStart ()

Exception loading def from file TraderKinds_Base_Humanoid.xml: System.ArgumentException: Could not find type named StockGenerator_Armor from node <li Class="StockGenerator_Armor"><countRange>8~10</countRange></li>
Parameter name: node
[Ref CFE56E38] Duplicate stacktrace, see ref for original
UnityEngine.StackTraceUtility:ExtractStackTrace ()
Verse.Log:Error (string)
Verse.DirectXmlToObjectNew:DefFromNodeNew (System.Xml.XmlNode,Verse.LoadableXmlAsset)
Verse.LoadedModManager:ParseAndProcessXML (System.Xml.XmlDocument,System.Collections.Generic.Dictionary`2<System.Xml.XmlNode, Verse.LoadableXmlAsset>,bool)
Verse.LoadedModManager:LoadAllActiveMods (bool)
Verse.PlayDataLoader:DoPlayLoad ()
Verse.PlayDataLoader:LoadAllPlayData (bool)
Verse.Root/<>c:<Start>b__10_1 ()
Verse.LongEventHandler:RunEventFromAnotherThread (System.Action)
Verse.LongEventHandler/<>c:<UpdateCurrentAsynchronousEvent>b__28_0 ()
System.Threading.ThreadHelper:ThreadStart_Context (object)
System.Threading.ExecutionContext:RunInternal (System.Threading.ExecutionContext,System.Threading.ContextCallback,object,bool)
System.Threading.ExecutionContext:Run (System.Threading.ExecutionContext,System.Threading.ContextCallback,object,bool)
System.Threading.ExecutionContext:Run (System.Threading.ExecutionContext,System.Threading.ContextCallback,object)
System.Threading.ThreadHelper:ThreadStart ()

Exception loading def from file TraderKinds_Base_Humanoid.xml: System.InvalidOperationException: Cannot deserialize XML node <li Class="StockGenerator_MiscItems"><countRange>10~10</countRange></li> to type RimWorld.StockGenerator_MiscItems due to missing parameterless constructor. ---> System.MissingMethodException: Default constructor not found for type RimWorld.StockGenerator_MiscItems
[Ref 8604E96A] Duplicate stacktrace, see ref for original
   --- End of inner exception stack trace ---
[Ref DC27EE9D] Duplicate stacktrace, see ref for original
UnityEngine.StackTraceUtility:ExtractStackTrace ()
Verse.Log:Error (string)
Verse.DirectXmlToObjectNew:DefFromNodeNew (System.Xml.XmlNode,Verse.LoadableXmlAsset)
Verse.LoadedModManager:ParseAndProcessXML (System.Xml.XmlDocument,System.Collections.Generic.Dictionary`2<System.Xml.XmlNode, Verse.LoadableXmlAsset>,bool)
Verse.LoadedModManager:LoadAllActiveMods (bool)
Verse.PlayDataLoader:DoPlayLoad ()
Verse.PlayDataLoader:LoadAllPlayData (bool)
Verse.Root/<>c:<Start>b__10_1 ()
Verse.LongEventHandler:RunEventFromAnotherThread (System.Action)
Verse.LongEventHandler/<>c:<UpdateCurrentAsynchronousEvent>b__28_0 ()
System.Threading.ThreadHelper:ThreadStart_Context (object)
System.Threading.ExecutionContext:RunInternal (System.Threading.ExecutionContext,System.Threading.ContextCallback,object,bool)
System.Threading.ExecutionContext:Run (System.Threading.ExecutionContext,System.Threading.ContextCallback,object,bool)
System.Threading.ExecutionContext:Run (System.Threading.ExecutionContext,System.Threading.ContextCallback,object)
System.Threading.ThreadHelper:ThreadStart ()

Could not resolve cross-reference: No Verse.SoundDef named Pawn_Melee_Punch_HitBuilding found to give to Verse.RaceProperties Verse.RaceProperties (using undefined sound instead)
UnityEngine.StackTraceUtility:ExtractStackTrace ()
Verse.Log:Warning (string)
Verse.DirectXmlCrossRefLoader/WantedRefForObject:TryResolve (Verse.FailMode)
Verse.DirectXmlCrossRefLoader/<>c__DisplayClass16_0:<ResolveAllWantedCrossReferences>b__0 (Verse.DirectXmlCrossRefLoader/WantedRef)
Verse.GenThreading/<>c__DisplayClass7_1`1<Verse.DirectXmlCrossRefLoader/WantedRef>:<ParallelForEach>b__0 (object)
System.Threading.QueueUserWorkItemCallback:WaitCallback_Context (object)
System.Threading.ExecutionContext:RunInternal (System.Threading.ExecutionContext,System.Threading.ContextCallback,object,bool)
System.Threading.ExecutionContext:Run (System.Threading.ExecutionContext,System.Threading.ContextCallback,object,bool)
System.Threading.QueueUserWorkItemCallback:System.Threading.IThreadPoolWorkItem.ExecuteWorkItem ()
System.Threading.ThreadPoolWorkQueue:Dispatch ()
System.Threading._ThreadPoolWaitCallback:PerformWaitCallback ()

Could not resolve cross-reference to RimWorld.TraderKindDef named RRY_Base_USCM_Standard (wanter=baseTraderKinds)
UnityEngine.StackTraceUtility:ExtractStackTrace ()
Verse.Log:Error (string)
Verse.DirectXmlCrossRefLoader:TryResolveDef<RimWorld.TraderKindDef> (string,Verse.FailMode,object)
Verse.DirectXmlCrossRefLoader/WantedRefForList`1<RimWorld.TraderKindDef>:TryResolve (Verse.FailMode)
Verse.DirectXmlCrossRefLoader/<>c__DisplayClass16_0:<ResolveAllWantedCrossReferences>b__0 (Verse.DirectXmlCrossRefLoader/WantedRef)
Verse.GenThreading/<>c__DisplayClass7_1`1<Verse.DirectXmlCrossRefLoader/WantedRef>:<ParallelForEach>b__0 (object)
System.Threading.QueueUserWorkItemCallback:WaitCallback_Context (object)
System.Threading.ExecutionContext:RunInternal (System.Threading.ExecutionContext,System.Threading.ContextCallback,object,bool)
System.Threading.ExecutionContext:Run (System.Threading.ExecutionContext,System.Threading.ContextCallback,object,bool)
System.Threading.QueueUserWorkItemCallback:System.Threading.IThreadPoolWorkItem.ExecuteWorkItem ()
System.Threading.ThreadPoolWorkQueue:Dispatch ()
System.Threading._ThreadPoolWaitCallback:PerformWaitCallback ()

Could not resolve cross-reference: No RimWorld.SkillDef named li found to give to RimWorld.SkillGain RimWorld.SkillGain
UnityEngine.StackTraceUtility:ExtractStackTrace ()
Verse.Log:Error (string)
Verse.DirectXmlCrossRefLoader/WantedRefForObject:TryResolve (Verse.FailMode)
Verse.DirectXmlCrossRefLoader/<>c__DisplayClass16_0:<ResolveAllWantedCrossReferences>b__0 (Verse.DirectXmlCrossRefLoader/WantedRef)
Verse.GenThreading/<>c__DisplayClass7_1`1<Verse.DirectXmlCrossRefLoader/WantedRef>:<ParallelForEach>b__0 (object)
System.Threading.QueueUserWorkItemCallback:WaitCallback_Context (object)
System.Threading.ExecutionContext:RunInternal (System.Threading.ExecutionContext,System.Threading.ContextCallback,object,bool)
System.Threading.ExecutionContext:Run (System.Threading.ExecutionContext,System.Threading.ContextCallback,object,bool)
System.Threading.QueueUserWorkItemCallback:System.Threading.IThreadPoolWorkItem.ExecuteWorkItem ()
System.Threading.ThreadPoolWorkQueue:Dispatch ()
System.Threading._ThreadPoolWaitCallback:PerformWaitCallback ()

Could not resolve cross-reference: No Verse.DamageDef named RRY_AcidDamage found to give to Verse.ProjectileProperties Verse.ProjectileProperties
UnityEngine.StackTraceUtility:ExtractStackTrace ()
Verse.Log:Error (string)
Verse.DirectXmlCrossRefLoader/WantedRefForObject:TryResolve (Verse.FailMode)
Verse.DirectXmlCrossRefLoader/<>c__DisplayClass16_0:<ResolveAllWantedCrossReferences>b__0 (Verse.DirectXmlCrossRefLoader/WantedRef)
Verse.GenThreading/<>c__DisplayClass7_1`1<Verse.DirectXmlCrossRefLoader/WantedRef>:<ParallelForEach>b__0 (object)
System.Threading.QueueUserWorkItemCallback:WaitCallback_Context (object)
System.Threading.ExecutionContext:RunInternal (System.Threading.ExecutionContext,System.Threading.ContextCallback,object,bool)
System.Threading.ExecutionContext:Run (System.Threading.ExecutionContext,System.Threading.ContextCallback,object,bool)
System.Threading.QueueUserWorkItemCallback:System.Threading.IThreadPoolWorkItem.ExecuteWorkItem ()
System.Threading.ThreadPoolWorkQueue:Dispatch ()
System.Threading._ThreadPoolWaitCallback:PerformWaitCallback ()

Could not resolve cross-reference: No RimWorld.SkillDef named li found to give to RimWorld.SkillGain RimWorld.SkillGain
UnityEngine.StackTraceUtility:ExtractStackTrace ()
Verse.Log:Error (string)
Verse.DirectXmlCrossRefLoader/WantedRefForObject:TryResolve (Verse.FailMode)
Verse.DirectXmlCrossRefLoader/<>c__DisplayClass16_0:<ResolveAllWantedCrossReferences>b__0 (Verse.DirectXmlCrossRefLoader/WantedRef)
Verse.GenThreading/<>c__DisplayClass7_1`1<Verse.DirectXmlCrossRefLoader/WantedRef>:<ParallelForEach>b__0 (object)
System.Threading.QueueUserWorkItemCallback:WaitCallback_Context (object)
System.Threading.ExecutionContext:RunInternal (System.Threading.ExecutionContext,System.Threading.ContextCallback,object,bool)
System.Threading.ExecutionContext:Run (System.Threading.ExecutionContext,System.Threading.ContextCallback,object,bool)
System.Threading.QueueUserWorkItemCallback:System.Threading.IThreadPoolWorkItem.ExecuteWorkItem ()
System.Threading.ThreadPoolWorkQueue:Dispatch ()
System.Threading._ThreadPoolWaitCallback:PerformWaitCallback ()

Could not resolve cross-reference to RimWorld.TraderKindDef named RRY_USCM_Visitor_Official (wanter=caravanTraderKinds)
UnityEngine.StackTraceUtility:ExtractStackTrace ()
Verse.Log:Error (string)
Verse.DirectXmlCrossRefLoader:TryResolveDef<RimWorld.TraderKindDef> (string,Verse.FailMode,object)
Verse.DirectXmlCrossRefLoader/WantedRefForList`1<RimWorld.TraderKindDef>:TryResolve (Verse.FailMode)
Verse.DirectXmlCrossRefLoader/<>c__DisplayClass16_0:<ResolveAllWantedCrossReferences>b__0 (Verse.DirectXmlCrossRefLoader/WantedRef)
Verse.GenThreading/<>c__DisplayClass7_1`1<Verse.DirectXmlCrossRefLoader/WantedRef>:<ParallelForEach>b__0 (object)
System.Threading.QueueUserWorkItemCallback:WaitCallback_Context (object)
System.Threading.ExecutionContext:RunInternal (System.Threading.ExecutionContext,System.Threading.ContextCallback,object,bool)
System.Threading.ExecutionContext:Run (System.Threading.ExecutionContext,System.Threading.ContextCallback,object,bool)
System.Threading.QueueUserWorkItemCallback:System.Threading.IThreadPoolWorkItem.ExecuteWorkItem ()
System.Threading.ThreadPoolWorkQueue:Dispatch ()
System.Threading._ThreadPoolWaitCallback:PerformWaitCallback ()

Could not resolve cross-reference to RimWorld.TraderKindDef named RRY_Base_USCM_Standard (wanter=caravanTraderKinds)
UnityEngine.StackTraceUtility:ExtractStackTrace ()
Verse.Log:Error (string)
Verse.DirectXmlCrossRefLoader:TryResolveDef<RimWorld.TraderKindDef> (string,Verse.FailMode,object)
Verse.DirectXmlCrossRefLoader/WantedRefForList`1<RimWorld.TraderKindDef>:TryResolve (Verse.FailMode)
Verse.DirectXmlCrossRefLoader/<>c__DisplayClass16_0:<ResolveAllWantedCrossReferences>b__0 (Verse.DirectXmlCrossRefLoader/WantedRef)
Verse.GenThreading/<>c__DisplayClass7_1`1<Verse.DirectXmlCrossRefLoader/WantedRef>:<ParallelForEach>b__0 (object)
System.Threading.QueueUserWorkItemCallback:WaitCallback_Context (object)
System.Threading.ExecutionContext:RunInternal (System.Threading.ExecutionContext,System.Threading.ContextCallback,object,bool)
System.Threading.ExecutionContext:Run (System.Threading.ExecutionContext,System.Threading.ContextCallback,object,bool)
System.Threading.QueueUserWorkItemCallback:System.Threading.IThreadPoolWorkItem.ExecuteWorkItem ()
System.Threading.ThreadPoolWorkQueue:Dispatch ()
System.Threading._ThreadPoolWaitCallback:PerformWaitCallback ()

Could not resolve cross-reference to RimWorld.TraderKindDef named RRY_USCM_CombatSupplier (wanter=caravanTraderKinds)
UnityEngine.StackTraceUtility:ExtractStackTrace ()
Verse.Log:Error (string)
Verse.DirectXmlCrossRefLoader:TryResolveDef<RimWorld.TraderKindDef> (string,Verse.FailMode,object)
Verse.DirectXmlCrossRefLoader/WantedRefForList`1<RimWorld.TraderKindDef>:TryResolve (Verse.FailMode)
Verse.DirectXmlCrossRefLoader/<>c__DisplayClass16_0:<ResolveAllWantedCrossReferences>b__0 (Verse.DirectXmlCrossRefLoader/WantedRef)
Verse.GenThreading/<>c__DisplayClass7_1`1<Verse.DirectXmlCrossRefLoader/WantedRef>:<ParallelForEach>b__0 (object)
System.Threading.QueueUserWorkItemCallback:WaitCallback_Context (object)
System.Threading.ExecutionContext:RunInternal (System.Threading.ExecutionContext,System.Threading.ContextCallback,object,bool)
System.Threading.ExecutionContext:Run (System.Threading.ExecutionContext,System.Threading.ContextCallback,object,bool)
System.Threading.QueueUserWorkItemCallback:System.Threading.IThreadPoolWorkItem.ExecuteWorkItem ()
System.Threading.ThreadPoolWorkQueue:Dispatch ()
System.Threading._ThreadPoolWaitCallback:PerformWaitCallback ()

Could not resolve cross-reference: No Verse.DamageDef named RRY_AcidBurn found to give to RRYautja.HediffCompProperties_DamageOverTime RRYautja.HediffCompProperties_DamageOverTime
UnityEngine.StackTraceUtility:ExtractStackTrace ()
Verse.Log:Error (string)
Verse.DirectXmlCrossRefLoader/WantedRefForObject:TryResolve (Verse.FailMode)
Verse.DirectXmlCrossRefLoader/<>c__DisplayClass16_0:<ResolveAllWantedCrossReferences>b__0 (Verse.DirectXmlCrossRefLoader/WantedRef)
Verse.GenThreading/<>c__DisplayClass7_1`1<Verse.DirectXmlCrossRefLoader/WantedRef>:<ParallelForEach>b__0 (object)
System.Threading.QueueUserWorkItemCallback:WaitCallback_Context (object)
System.Threading.ExecutionContext:RunInternal (System.Threading.ExecutionContext,System.Threading.ContextCallback,object,bool)
System.Threading.ExecutionContext:Run (System.Threading.ExecutionContext,System.Threading.ContextCallback,object,bool)
System.Threading.QueueUserWorkItemCallback:System.Threading.IThreadPoolWorkItem.ExecuteWorkItem ()
System.Threading.ThreadPoolWorkQueue:Dispatch ()
System.Threading._ThreadPoolWaitCallback:PerformWaitCallback ()

Could not resolve cross-reference: No RimWorld.SkillDef named li found to give to RimWorld.SkillGain RimWorld.SkillGain
UnityEngine.StackTraceUtility:ExtractStackTrace ()
Verse.Log:Error (string)
Verse.DirectXmlCrossRefLoader/WantedRefForObject:TryResolve (Verse.FailMode)
Verse.DirectXmlCrossRefLoader/<>c__DisplayClass16_0:<ResolveAllWantedCrossReferences>b__0 (Verse.DirectXmlCrossRefLoader/WantedRef)
Verse.GenThreading/<>c__DisplayClass7_1`1<Verse.DirectXmlCrossRefLoader/WantedRef>:<ParallelForEach>b__0 (object)
System.Threading.QueueUserWorkItemCallback:WaitCallback_Context (object)
System.Threading.ExecutionContext:RunInternal (System.Threading.ExecutionContext,System.Threading.ContextCallback,object,bool)
System.Threading.ExecutionContext:Run (System.Threading.ExecutionContext,System.Threading.ContextCallback,object,bool)
System.Threading.QueueUserWorkItemCallback:System.Threading.IThreadPoolWorkItem.ExecuteWorkItem ()
System.Threading.ThreadPoolWorkQueue:Dispatch ()
System.Threading._ThreadPoolWaitCallback:PerformWaitCallback ()

Could not resolve cross-reference: No Verse.DamageDef named RRY_AcidDamage found to give to Verse.ProjectileProperties Verse.ProjectileProperties
UnityEngine.StackTraceUtility:ExtractStackTrace ()
Verse.Log:Error (string)
Verse.DirectXmlCrossRefLoader/WantedRefForObject:TryResolve (Verse.FailMode)
Verse.DirectXmlCrossRefLoader/<>c__DisplayClass16_0:<ResolveAllWantedCrossReferences>b__0 (Verse.DirectXmlCrossRefLoader/WantedRef)
Verse.GenThreading/<>c__DisplayClass7_1`1<Verse.DirectXmlCrossRefLoader/WantedRef>:<ParallelForEach>b__0 (object)
System.Threading.QueueUserWorkItemCallback:WaitCallback_Context (object)
System.Threading.ExecutionContext:RunInternal (System.Threading.ExecutionContext,System.Threading.ContextCallback,object,bool)
System.Threading.ExecutionContext:Run (System.Threading.ExecutionContext,System.Threading.ContextCallback,object,bool)
System.Threading.QueueUserWorkItemCallback:System.Threading.IThreadPoolWorkItem.ExecuteWorkItem ()
System.Threading.ThreadPoolWorkQueue:Dispatch ()
System.Threading._ThreadPoolWaitCallback:PerformWaitCallback ()

Could not resolve cross-reference to Verse.ThingDef named RRY_USCM_Gun_M56SmartGun (wanter=possibleItems)
UnityEngine.StackTraceUtility:ExtractStackTrace ()
Verse.Log:Error (string)
Verse.DirectXmlCrossRefLoader:TryResolveDef<Verse.ThingDef> (string,Verse.FailMode,object)
Verse.DirectXmlCrossRefLoader/WantedRefForList`1<Verse.ThingDef>:TryResolve (Verse.FailMode)
Verse.DirectXmlCrossRefLoader/<>c__DisplayClass16_0:<ResolveAllWantedCrossReferences>b__0 (Verse.DirectXmlCrossRefLoader/WantedRef)
Verse.GenThreading/<>c__DisplayClass7_1`1<Verse.DirectXmlCrossRefLoader/WantedRef>:<ParallelForEach>b__0 (object)
System.Threading.QueueUserWorkItemCallback:WaitCallback_Context (object)
System.Threading.ExecutionContext:RunInternal (System.Threading.ExecutionContext,System.Threading.ContextCallback,object,bool)
System.Threading.ExecutionContext:Run (System.Threading.ExecutionContext,System.Threading.ContextCallback,object,bool)
System.Threading.QueueUserWorkItemCallback:System.Threading.IThreadPoolWorkItem.ExecuteWorkItem ()
System.Threading.ThreadPoolWorkQueue:Dispatch ()
System.Threading._ThreadPoolWaitCallback:PerformWaitCallback ()

Could not resolve cross-reference: No RimWorld.SkillDef named li found to give to RimWorld.SkillGain RimWorld.SkillGain
UnityEngine.StackTraceUtility:ExtractStackTrace ()
Verse.Log:Error (string)
Verse.DirectXmlCrossRefLoader/WantedRefForObject:TryResolve (Verse.FailMode)
Verse.DirectXmlCrossRefLoader/<>c__DisplayClass16_0:<ResolveAllWantedCrossReferences>b__0 (Verse.DirectXmlCrossRefLoader/WantedRef)
Verse.GenThreading/<>c__DisplayClass7_1`1<Verse.DirectXmlCrossRefLoader/WantedRef>:<ParallelForEach>b__0 (object)
System.Threading.QueueUserWorkItemCallback:WaitCallback_Context (object)
System.Threading.ExecutionContext:RunInternal (System.Threading.ExecutionContext,System.Threading.ContextCallback,object,bool)
System.Threading.ExecutionContext:Run (System.Threading.ExecutionContext,System.Threading.ContextCallback,object,bool)
System.Threading.QueueUserWorkItemCallback:System.Threading.IThreadPoolWorkItem.ExecuteWorkItem ()
System.Threading.ThreadPoolWorkQueue:Dispatch ()
System.Threading._ThreadPoolWaitCallback:PerformWaitCallback ()

Could not resolve cross-reference: No Verse.ThingDef named RRY_Synth found to give to Verse.PawnKindDef RRY_Player_Synth
UnityEngine.StackTraceUtility:ExtractStackTrace ()
Verse.Log:Error (string)
Verse.DirectXmlCrossRefLoader/WantedRefForObject:TryResolve (Verse.FailMode)
Verse.DirectXmlCrossRefLoader/<>c__DisplayClass16_0:<ResolveAllWantedCrossReferences>b__0 (Verse.DirectXmlCrossRefLoader/WantedRef)
Verse.GenThreading/<>c__DisplayClass7_1`1<Verse.DirectXmlCrossRefLoader/WantedRef>:<ParallelForEach>b__0 (object)
System.Threading.QueueUserWorkItemCallback:WaitCallback_Context (object)
System.Threading.ExecutionContext:RunInternal (System.Threading.ExecutionContext,System.Threading.ContextCallback,object,bool)
System.Threading.ExecutionContext:Run (System.Threading.ExecutionContext,System.Threading.ContextCallback,object,bool)
System.Threading.QueueUserWorkItemCallback:System.Threading.IThreadPoolWorkItem.ExecuteWorkItem ()
System.Threading.ThreadPoolWorkQueue:Dispatch ()
System.Threading._ThreadPoolWaitCallback:PerformWaitCallback ()

Could not resolve cross-reference: No RimWorld.SkillDef named li found to give to RimWorld.SkillGain RimWorld.SkillGain
UnityEngine.StackTraceUtility:ExtractStackTrace ()
Verse.Log:Error (string)
Verse.DirectXmlCrossRefLoader/WantedRefForObject:TryResolve (Verse.FailMode)
Verse.DirectXmlCrossRefLoader/<>c__DisplayClass16_0:<ResolveAllWantedCrossReferences>b__0 (Verse.DirectXmlCrossRefLoader/WantedRef)
Verse.GenThreading/<>c__DisplayClass7_1`1<Verse.DirectXmlCrossRefLoader/WantedRef>:<ParallelForEach>b__0 (object)
System.Threading.QueueUserWorkItemCallback:WaitCallback_Context (object)
System.Threading.ExecutionContext:RunInternal (System.Threading.ExecutionContext,System.Threading.ContextCallback,object,bool)
System.Threading.ExecutionContext:Run (System.Threading.ExecutionContext,System.Threading.ContextCallback,object,bool)
System.Threading.QueueUserWorkItemCallback:System.Threading.IThreadPoolWorkItem.ExecuteWorkItem ()
System.Threading.ThreadPoolWorkQueue:Dispatch ()
System.Threading._ThreadPoolWaitCallback:PerformWaitCallback ()

Failed to find Verse.ThingDef named RRY_Synth. There are 3519 defs of this type loaded.
UnityEngine.StackTraceUtility:ExtractStackTrace ()
Verse.Log:Error (string)
Verse.DefDatabase`1<Verse.ThingDef>:GetNamed (string,bool)
Verse.GenDefDatabase:GetDef (System.Type,string,bool)
RimWorld.DefOfHelper:BindDefsFor (System.Type)
System.Threading.Tasks.Parallel/<>c__DisplayClass33_0`2<System.Type, object>:<ForEachWorker>b__0 (int)
System.Threading.Tasks.Parallel/<>c__DisplayClass19_0`1<object>:<ForWorker>b__1 (System.Threading.Tasks.RangeWorker&,int,bool&)
System.Threading.Tasks.TaskReplicator/Replica`1<System.Threading.Tasks.RangeWorker>:ExecuteAction (bool&)
System.Threading.Tasks.TaskReplicator/Replica:Execute ()
System.Threading.Tasks.TaskReplicator/Replica/<>c:<.ctor>b__4_0 (object)
System.Threading.Tasks.Task:InnerInvoke ()
System.Threading.Tasks.Task:Execute ()
System.Threading.Tasks.Task:ExecutionContextCallback (object)
System.Threading.ExecutionContext:RunInternal (System.Threading.ExecutionContext,System.Threading.ContextCallback,object,bool)
System.Threading.ExecutionContext:Run (System.Threading.ExecutionContext,System.Threading.ContextCallback,object,bool)
System.Threading.Tasks.Task:ExecuteWithThreadLocal (System.Threading.Tasks.Task&)
System.Threading.Tasks.Task:ExecuteEntry (bool)
System.Threading.Tasks.Task:System.Threading.IThreadPoolWorkItem.ExecuteWorkItem ()
System.Threading.ThreadPoolWorkQueue:Dispatch ()
System.Threading._ThreadPoolWaitCallback:PerformWaitCallback ()

Failed to find Verse.DamageDef named RRY_AcidDamage. There are 54 defs of this type loaded.
UnityEngine.StackTraceUtility:ExtractStackTrace ()
Verse.Log:Error (string)
Verse.DefDatabase`1<Verse.DamageDef>:GetNamed (string,bool)
Verse.GenDefDatabase:GetDef (System.Type,string,bool)
RimWorld.DefOfHelper:BindDefsFor (System.Type)
System.Threading.Tasks.Parallel/<>c__DisplayClass33_0`2<System.Type, object>:<ForEachWorker>b__0 (int)
System.Threading.Tasks.Parallel/<>c__DisplayClass19_0`1<object>:<ForWorker>b__1 (System.Threading.Tasks.RangeWorker&,int,bool&)
System.Threading.Tasks.TaskReplicator/Replica`1<System.Threading.Tasks.RangeWorker>:ExecuteAction (bool&)
System.Threading.Tasks.TaskReplicator/Replica:Execute ()
System.Threading.Tasks.TaskReplicator/Replica/<>c:<.ctor>b__4_0 (object)
System.Threading.Tasks.Task:InnerInvoke ()
System.Threading.Tasks.Task:Execute ()
System.Threading.Tasks.Task:ExecutionContextCallback (object)
System.Threading.ExecutionContext:RunInternal (System.Threading.ExecutionContext,System.Threading.ContextCallback,object,bool)
System.Threading.ExecutionContext:Run (System.Threading.ExecutionContext,System.Threading.ContextCallback,object,bool)
System.Threading.Tasks.Task:ExecuteWithThreadLocal (System.Threading.Tasks.Task&)
System.Threading.Tasks.Task:ExecuteEntry (bool)
System.Threading.Tasks.Task:System.Threading.IThreadPoolWorkItem.ExecuteWorkItem ()
System.Threading.ThreadPoolWorkQueue:Dispatch ()
System.Threading._ThreadPoolWaitCallback:PerformWaitCallback ()

Failed to find Verse.DamageDef named RRY_AcidBurn. There are 54 defs of this type loaded.
UnityEngine.StackTraceUtility:ExtractStackTrace ()
Verse.Log:Error (string)
Verse.DefDatabase`1<Verse.DamageDef>:GetNamed (string,bool)
Verse.GenDefDatabase:GetDef (System.Type,string,bool)
RimWorld.DefOfHelper:BindDefsFor (System.Type)
System.Threading.Tasks.Parallel/<>c__DisplayClass33_0`2<System.Type, object>:<ForEachWorker>b__0 (int)
System.Threading.Tasks.Parallel/<>c__DisplayClass19_0`1<object>:<ForWorker>b__1 (System.Threading.Tasks.RangeWorker&,int,bool&)
System.Threading.Tasks.TaskReplicator/Replica`1<System.Threading.Tasks.RangeWorker>:ExecuteAction (bool&)
System.Threading.Tasks.TaskReplicator/Replica:Execute ()
System.Threading.Tasks.TaskReplicator/Replica/<>c:<.ctor>b__4_0 (object)
System.Threading.Tasks.Task:InnerInvoke ()
System.Threading.Tasks.Task:Execute ()
System.Threading.Tasks.Task:ExecutionContextCallback (object)
System.Threading.ExecutionContext:RunInternal (System.Threading.ExecutionContext,System.Threading.ContextCallback,object,bool)
System.Threading.ExecutionContext:Run (System.Threading.ExecutionContext,System.Threading.ContextCallback,object,bool)
System.Threading.Tasks.Task:ExecuteWithThreadLocal (System.Threading.Tasks.Task&)
System.Threading.Tasks.Task:ExecuteEntry (bool)
System.Threading.Tasks.Task:System.Threading.IThreadPoolWorkItem.ExecuteWorkItem ()
System.Threading.ThreadPoolWorkQueue:Dispatch ()
System.Threading._ThreadPoolWaitCallback:PerformWaitCallback ()

Failed to find Verse.DamageDef named RRY_EmergingChestbursterDD. There are 54 defs of this type loaded.
UnityEngine.StackTraceUtility:ExtractStackTrace ()
Verse.Log:Error (string)
Verse.DefDatabase`1<Verse.DamageDef>:GetNamed (string,bool)
Verse.GenDefDatabase:GetDef (System.Type,string,bool)
RimWorld.DefOfHelper:BindDefsFor (System.Type)
System.Threading.Tasks.Parallel/<>c__DisplayClass33_0`2<System.Type, object>:<ForEachWorker>b__0 (int)
System.Threading.Tasks.Parallel/<>c__DisplayClass19_0`1<object>:<ForWorker>b__1 (System.Threading.Tasks.RangeWorker&,int,bool&)
System.Threading.Tasks.TaskReplicator/Replica`1<System.Threading.Tasks.RangeWorker>:ExecuteAction (bool&)
System.Threading.Tasks.TaskReplicator/Replica:Execute ()
System.Threading.Tasks.TaskReplicator/Replica/<>c:<.ctor>b__4_0 (object)
System.Threading.Tasks.Task:InnerInvoke ()
System.Threading.Tasks.Task:Execute ()
System.Threading.Tasks.Task:ExecutionContextCallback (object)
System.Threading.ExecutionContext:RunInternal (System.Threading.ExecutionContext,System.Threading.ContextCallback,object,bool)
System.Threading.ExecutionContext:Run (System.Threading.ExecutionContext,System.Threading.ContextCallback,object,bool)
System.Threading.Tasks.Task:ExecuteWithThreadLocal (System.Threading.Tasks.Task&)
System.Threading.Tasks.Task:ExecuteEntry (bool)
System.Threading.Tasks.Task:System.Threading.IThreadPoolWorkItem.ExecuteWorkItem ()
System.Threading.ThreadPoolWorkQueue:Dispatch ()
System.Threading._ThreadPoolWaitCallback:PerformWaitCallback ()

Tried to load duplicate UnityEngine.Texture2D with path: FilesystemFile [D:\SteamLibrary\steamapps\common\RimWorld\Mods\AVP-Rimworld-removal-remove-yautja\Textures\Things\Buildings\USCM\Gearbox.psd], Length 69910 and internal path: Things/Buildings/USCM/Gearbox
UnityEngine.StackTraceUtility:ExtractStackTrace ()
Verse.Log:Warning (string)
Verse.ModContentHolder`1<UnityEngine.Texture2D>:ReloadAll (bool)
Verse.ModContentPack:ReloadContentInt (bool)
Verse.ModContentPack/<>c__DisplayClass56_0:<ReloadContent>b__0 ()
Verse.LongEventHandler:ExecuteToExecuteWhenFinished ()
Verse.LongEventHandler:UpdateCurrentAsynchronousEvent ()
Verse.LongEventHandler:LongEventsUpdate (bool&)
Verse.Root:Update ()
Verse.Root_Entry:Update ()

Tried to load duplicate UnityEngine.Texture2D with path: FilesystemFile [D:\SteamLibrary\steamapps\common\RimWorld\Mods\AVP-Rimworld-removal-remove-yautja\Textures\Things\Pawn\Xenomorph\Xenomorph_Warrior_New_east.psd], Length 155315 and internal path: Things/Pawn/Xenomorph/Xenomorph_Warrior_New_east
UnityEngine.StackTraceUtility:ExtractStackTrace ()
Verse.Log:Warning (string)
Verse.ModContentHolder`1<UnityEngine.Texture2D>:ReloadAll (bool)
Verse.ModContentPack:ReloadContentInt (bool)
Verse.ModContentPack/<>c__DisplayClass56_0:<ReloadContent>b__0 ()
Verse.LongEventHandler:ExecuteToExecuteWhenFinished ()
Verse.LongEventHandler:UpdateCurrentAsynchronousEvent ()
Verse.LongEventHandler:LongEventsUpdate (bool&)
Verse.Root:Update ()
Verse.Root_Entry:Update ()

Tried to load duplicate UnityEngine.Texture2D with path: FilesystemFile [D:\SteamLibrary\steamapps\common\RimWorld\Mods\AVP-Rimworld-removal-remove-yautja\Textures\Things\Pawn\Xenomorph\Xenomorph_Warrior_New_north.psd], Length 149136 and internal path: Things/Pawn/Xenomorph/Xenomorph_Warrior_New_north
UnityEngine.StackTraceUtility:ExtractStackTrace ()
Verse.Log:Warning (string)
Verse.ModContentHolder`1<UnityEngine.Texture2D>:ReloadAll (bool)
Verse.ModContentPack:ReloadContentInt (bool)
Verse.ModContentPack/<>c__DisplayClass56_0:<ReloadContent>b__0 ()
Verse.LongEventHandler:ExecuteToExecuteWhenFinished ()
Verse.LongEventHandler:UpdateCurrentAsynchronousEvent ()
Verse.LongEventHandler:LongEventsUpdate (bool&)
Verse.Root:Update ()
Verse.Root_Entry:Update ()

Tried to load duplicate UnityEngine.Texture2D with path: FilesystemFile [D:\SteamLibrary\steamapps\common\RimWorld\Mods\AVP-Rimworld-removal-remove-yautja\Textures\Things\Pawn\Xenomorph\Xenomorph_Warrior_New_south.psd], Length 151416 and internal path: Things/Pawn/Xenomorph/Xenomorph_Warrior_New_south
UnityEngine.StackTraceUtility:ExtractStackTrace ()
Verse.Log:Warning (string)
Verse.ModContentHolder`1<UnityEngine.Texture2D>:ReloadAll (bool)
Verse.ModContentPack:ReloadContentInt (bool)
Verse.ModContentPack/<>c__DisplayClass56_0:<ReloadContent>b__0 ()
Verse.LongEventHandler:ExecuteToExecuteWhenFinished ()
Verse.LongEventHandler:UpdateCurrentAsynchronousEvent ()
Verse.LongEventHandler:LongEventsUpdate (bool&)
Verse.Root:Update ()
Verse.Root_Entry:Update ()

Tried to load duplicate UnityEngine.Texture2D with path: FilesystemFile [D:\SteamLibrary\steamapps\common\RimWorld\Mods\AVP-Rimworld-removal-remove-yautja\Textures\Things\Addons\Blood_Marks\Xenomorph_Kills\Mark_Thrumbomorphkill_south.psd], Length 28603 and internal path: Things/Addons/Blood_Marks/Xenomorph_Kills/Mark_Thrumbomorphkill_south
UnityEngine.StackTraceUtility:ExtractStackTrace ()
Verse.Log:Warning (string)
Verse.ModContentHolder`1<UnityEngine.Texture2D>:ReloadAll (bool)
Verse.ModContentPack:ReloadContentInt (bool)
Verse.ModContentPack/<>c__DisplayClass56_0:<ReloadContent>b__0 ()
Verse.LongEventHandler:ExecuteToExecuteWhenFinished ()
Verse.LongEventHandler:UpdateCurrentAsynchronousEvent ()
Verse.LongEventHandler:LongEventsUpdate (bool&)
Verse.Root:Update ()
Verse.Root_Entry:Update ()

Texture TribalA has dimensions of 64 x 64, but its mask has 128 x 128. This is not supported, texture will be excluded from atlas
UnityEngine.StackTraceUtility:ExtractStackTrace ()
Verse.Log:Warning (string)
Verse.GlobalTextureAtlasManager:TryInsertStatic (Verse.TextureAtlasGroup,UnityEngine.Texture2D,UnityEngine.Texture2D)
Verse.Graphic_Single:TryInsertIntoAtlas (Verse.TextureAtlasGroup)
Verse.Graphic_RandomRotated:TryInsertIntoAtlas (Verse.TextureAtlasGroup)
Verse.ThingDef:<PostLoad>b__398_0 ()
Verse.LongEventHandler:ExecuteToExecuteWhenFinished ()
Verse.LongEventHandler:UpdateCurrentAsynchronousEvent ()
Verse.LongEventHandler:LongEventsUpdate (bool&)
Verse.Root:Update ()
Verse.Root_Entry:Update ()

Could not execute post-long-event action. Exception: System.NullReferenceException: Object reference not set to an instance of an object
[Ref 1D87C7A6]
  at Verse.ThingDef.<PostLoad>b__398_0 () [0x00046] in <61e4173561894da49d210260257b5097>:0 
  at Verse.LongEventHandler.ExecuteToExecuteWhenFinished () [0x0007c] in <61e4173561894da49d210260257b5097>:0 
UnityEngine.StackTraceUtility:ExtractStackTrace ()
Verse.Log:Error (string)
Verse.LongEventHandler:ExecuteToExecuteWhenFinished ()
Verse.LongEventHandler:UpdateCurrentAsynchronousEvent ()
Verse.LongEventHandler:LongEventsUpdate (bool&)
Verse.Root:Update ()
Verse.Root_Entry:Update ()

Could not execute post-long-event action. Exception: System.NullReferenceException: Object reference not set to an instance of an object
[Ref 1D87C7A6] Duplicate stacktrace, see ref for original
UnityEngine.StackTraceUtility:ExtractStackTrace ()
Verse.Log:Error (string)
Verse.LongEventHandler:ExecuteToExecuteWhenFinished ()
Verse.LongEventHandler:UpdateCurrentAsynchronousEvent ()
Verse.LongEventHandler:LongEventsUpdate (bool&)
Verse.Root:Update ()
Verse.Root_Entry:Update ()

Could not execute post-long-event action. Exception: System.NullReferenceException: Object reference not set to an instance of an object
[Ref A6099C6F]
  at Verse.RaceProperties.get_AnyPawnKind () [0x00019] in <61e4173561894da49d210260257b5097>:0 
  at Verse.ThingDef.ResolveIcon () [0x00042] in <61e4173561894da49d210260257b5097>:0 
  at Verse.BuildableDef.<PostLoad>b__78_0 () [0x00021] in <61e4173561894da49d210260257b5097>:0 
  at Verse.LongEventHandler.ExecuteToExecuteWhenFinished () [0x0007c] in <61e4173561894da49d210260257b5097>:0 
UnityEngine.StackTraceUtility:ExtractStackTrace ()
Verse.Log:Error (string)
Verse.LongEventHandler:ExecuteToExecuteWhenFinished ()
Verse.LongEventHandler:UpdateCurrentAsynchronousEvent ()
Verse.LongEventHandler:LongEventsUpdate (bool&)
Verse.Root:Update ()
Verse.Root_Entry:Update ()

Could not execute post-long-event action. Exception: System.NullReferenceException: Object reference not set to an instance of an object
[Ref A6099C6F] Duplicate stacktrace, see ref for original
UnityEngine.StackTraceUtility:ExtractStackTrace ()
Verse.Log:Error (string)
Verse.LongEventHandler:ExecuteToExecuteWhenFinished ()
Verse.LongEventHandler:UpdateCurrentAsynchronousEvent ()
Verse.LongEventHandler:LongEventsUpdate (bool&)
Verse.Root:Update ()
Verse.Root_Entry:Update ()

RRY_Pawn_Xenomorph_Queen_Call SubSound RRY_Pawn_Xenomorph_Queen_Call_0 has no resolvedGrains.
UnityEngine.StackTraceUtility:ExtractStackTrace ()
Verse.Log:Error (string)
Verse.Sound.SubSoundDef:<ResolveReferences>b__37_0 ()
Verse.LongEventHandler:ExecuteToExecuteWhenFinished ()
Verse.LongEventHandler:UpdateCurrentAsynchronousEvent ()
Verse.LongEventHandler:LongEventsUpdate (bool&)
Verse.Root:Update ()
Verse.Root_Entry:Update ()

RRY_Pawn_Xenomorph_Normal_Wounded SubSound RRY_Pawn_Xenomorph_Normal_Wounded_0 has no resolvedGrains.
UnityEngine.StackTraceUtility:ExtractStackTrace ()
Verse.Log:Error (string)
Verse.Sound.SubSoundDef:<ResolveReferences>b__37_0 ()
Verse.LongEventHandler:ExecuteToExecuteWhenFinished ()
Verse.LongEventHandler:UpdateCurrentAsynchronousEvent ()
Verse.LongEventHandler:LongEventsUpdate (bool&)
Verse.Root:Update ()
Verse.Root_Entry:Update ()

RRY_Pawn_Xenomorph_Normal_Call SubSound RRY_Pawn_Xenomorph_Normal_Call_0 has no resolvedGrains.
UnityEngine.StackTraceUtility:ExtractStackTrace ()
Verse.Log:Error (string)
Verse.Sound.SubSoundDef:<ResolveReferences>b__37_0 ()
Verse.LongEventHandler:ExecuteToExecuteWhenFinished ()
Verse.LongEventHandler:UpdateCurrentAsynchronousEvent ()
Verse.LongEventHandler:LongEventsUpdate (bool&)
Verse.Root:Update ()
Verse.Root_Entry:Update ()

RRY_M41A_Shot SubSound RRY_M41A_Shot_0 has no resolvedGrains.
UnityEngine.StackTraceUtility:ExtractStackTrace ()
Verse.Log:Error (string)
Verse.Sound.SubSoundDef:<ResolveReferences>b__37_0 ()
Verse.LongEventHandler:ExecuteToExecuteWhenFinished ()
Verse.LongEventHandler:UpdateCurrentAsynchronousEvent ()
Verse.LongEventHandler:LongEventsUpdate (bool&)
Verse.Root:Update ()
Verse.Root_Entry:Update ()

RRY_Flamer_Sound SubSound RRY_Flamer_Sound_0 has no resolvedGrains.
UnityEngine.StackTraceUtility:ExtractStackTrace ()
Verse.Log:Error (string)
Verse.Sound.SubSoundDef:<ResolveReferences>b__37_0 ()
Verse.LongEventHandler:ExecuteToExecuteWhenFinished ()
Verse.LongEventHandler:UpdateCurrentAsynchronousEvent ()
Verse.LongEventHandler:LongEventsUpdate (bool&)
Verse.Root:Update ()
Verse.Root_Entry:Update ()

RRY_Flamer_Explosion SubSound RRY_Flamer_Explosion_0 has no resolvedGrains.
UnityEngine.StackTraceUtility:ExtractStackTrace ()
Verse.Log:Error (string)
Verse.Sound.SubSoundDef:<ResolveReferences>b__37_0 ()
Verse.LongEventHandler:ExecuteToExecuteWhenFinished ()
Verse.LongEventHandler:UpdateCurrentAsynchronousEvent ()
Verse.LongEventHandler:LongEventsUpdate (bool&)
Verse.Root:Update ()
Verse.Root_Entry:Update ()

RRY_USCM_DropshipUD4L_Landing SubSound RRY_USCM_DropshipUD4L_Landing_0 has no resolvedGrains.
UnityEngine.StackTraceUtility:ExtractStackTrace ()
Verse.Log:Error (string)
Verse.Sound.SubSoundDef:<ResolveReferences>b__37_0 ()
Verse.LongEventHandler:ExecuteToExecuteWhenFinished ()
Verse.LongEventHandler:UpdateCurrentAsynchronousEvent ()
Verse.LongEventHandler:LongEventsUpdate (bool&)
Verse.Root:Update ()
Verse.Root_Entry:Update ()

RRY_USCM_DropshipUD4L_Leaving SubSound RRY_USCM_DropshipUD4L_Leaving_0 has no resolvedGrains.
UnityEngine.StackTraceUtility:ExtractStackTrace ()
Verse.Log:Error (string)
Verse.Sound.SubSoundDef:<ResolveReferences>b__37_0 ()
Verse.LongEventHandler:ExecuteToExecuteWhenFinished ()
Verse.LongEventHandler:UpdateCurrentAsynchronousEvent ()
Verse.LongEventHandler:LongEventsUpdate (bool&)
Verse.Root:Update ()
Verse.Root_Entry:Update ()

Alien race successfully completed 279 patches (50 pre, 82 post, 147 trans) with harmony.
UnityEngine.StackTraceUtility:ExtractStackTrace ()
Verse.Log:Message (string)
AlienRace.HarmonyPatches:.cctor () (at C:/Program Files (x86)/Steam/steamapps/common/RimWorld/Mods/AlienRaces/Source/AlienRace/AlienRace/HarmonyPatches.cs:407)
System.Runtime.CompilerServices.RuntimeHelpers:RunClassConstructor (System.RuntimeTypeHandle)
Verse.StaticConstructorOnStartupUtility:CallAll ()
Verse.PlayDataLoader/<>c:<DoPlayLoad>b__4_4 ()
Verse.LongEventHandler:ExecuteToExecuteWhenFinished ()
Verse.LongEventHandler:UpdateCurrentAsynchronousEvent ()
Verse.LongEventHandler:LongEventsUpdate (bool&)
Verse.Root:Update ()
Verse.Root_Entry:Update ()

Error in static constructor of PawnShields.HarmonyPatches: System.TypeInitializationException: The type initializer for 'PawnShields.HarmonyPatches' threw an exception. ---> System.NullReferenceException: Null method for chjees.shields
[Ref 701CD62F]
  at HarmonyLib.PatchProcessor.Patch () [0x0001d] in <e53399289d9b419d83f9f5b02c5cf609>:0 
  at HarmonyLib.Harmony.Patch (System.Reflection.MethodBase original, HarmonyLib.HarmonyMethod prefix, HarmonyLib.HarmonyMethod postfix, HarmonyLib.HarmonyMethod transpiler, HarmonyLib.HarmonyMethod finalizer) [0x0002a] in <e53399289d9b419d83f9f5b02c5cf609>:0 
PawnShields.HarmonyPatches..cctor()
   --- End of inner exception stack trace ---
[Ref 6DDF3653]
(wrapper managed-to-native) System.Runtime.CompilerServices.RuntimeHelpers.RunClassConstructor(intptr)
  at System.Runtime.CompilerServices.RuntimeHelpers.RunClassConstructor (System.RuntimeTypeHandle type) [0x0002a] in <51fded79cd284d4d911c5949aff4cb21>:0 
  at Verse.StaticConstructorOnStartupUtility.CallAll () [0x00025] in <61e4173561894da49d210260257b5097>:0 
UnityEngine.StackTraceUtility:ExtractStackTrace ()
Verse.Log:Error (string)
Verse.StaticConstructorOnStartupUtility:CallAll ()
Verse.PlayDataLoader/<>c:<DoPlayLoad>b__4_4 ()
Verse.LongEventHandler:ExecuteToExecuteWhenFinished ()
Verse.LongEventHandler:UpdateCurrentAsynchronousEvent ()
Verse.LongEventHandler:LongEventsUpdate (bool&)
Verse.Root:Update ()
Verse.Root_Entry:Update ()

Xenomorph Host System Loaded
158 Possible Hosts out of 328 Races detected: Race Setting init
UnityEngine.StackTraceUtility:ExtractStackTrace ()
Verse.Log:Message (string)
RRYautja.Xenomorph.XenomorphHostSystem:.cctor ()
System.Runtime.CompilerServices.RuntimeHelpers:RunClassConstructor (System.RuntimeTypeHandle)
Verse.StaticConstructorOnStartupUtility:CallAll ()
Verse.PlayDataLoader/<>c:<DoPlayLoad>b__4_4 ()
Verse.LongEventHandler:ExecuteToExecuteWhenFinished ()
Verse.LongEventHandler:UpdateCurrentAsynchronousEvent ()
Verse.LongEventHandler:LongEventsUpdate (bool&)
Verse.Root:Update ()
Verse.Root_Entry:Update ()

RRY_Pawn_Xenomorph_Normal_Wounded SubSound RRY_Pawn_Xenomorph_Normal_Wounded_0 has no resolvedGrains.
UnityEngine.StackTraceUtility:ExtractStackTrace ()
Verse.Log:Error (string)
Verse.Sound.SubSoundDef:<ResolveReferences>b__37_0 ()
Verse.LongEventHandler:ExecuteToExecuteWhenFinished ()
Verse.LongEventHandler:UpdateCurrentAsynchronousEvent ()
Verse.LongEventHandler:LongEventsUpdate (bool&)
Verse.Root:Update ()
Verse.Root_Entry:Update ()

CharacterEditor v1.6.3 initializing...
UnityEngine.StackTraceUtility:ExtractStackTrace ()
Verse.Log:Message (string)
CharacterEditor.CEditor:.ctor ()
CharacterEditor.CEditor:OnMainMenuInit ()
(wrapper dynamic-method) MonoMod.Utils.DynamicMethodDefinition:RimWorld.MainMenuDrawer.Init_Patch1 ()
Verse.UIRoot_Entry:Init ()
Verse.Root:<Start>b__10_0 ()
Verse.LongEventHandler:UpdateCurrentSynchronousEvent (bool&)
Verse.LongEventHandler:LongEventsUpdate (bool&)
Verse.Root:Update ()
Verse.Root_Entry:Update ()

updating labels for english...
UnityEngine.StackTraceUtility:ExtractStackTrace ()
Verse.Log:Message (string)
CharacterEditor.Label:UpdateLabels ()
CharacterEditor.CEditor/ModOptions:ReInit ()
CharacterEditor.CEditor/ModOptions:.ctor ()
CharacterEditor.CEditor/ModData:CreateType (CharacterEditor.EType)
CharacterEditor.CEditor/ModData:Get<CharacterEditor.CEditor/ModOptions> (CharacterEditor.EType)
CharacterEditor.CEditor/ModData:.ctor ()
CharacterEditor.CEditor:.ctor ()
CharacterEditor.CEditor:OnMainMenuInit ()
(wrapper dynamic-method) MonoMod.Utils.DynamicMethodDefinition:RimWorld.MainMenuDrawer.Init_Patch1 ()
Verse.UIRoot_Entry:Init ()
Verse.Root:<Start>b__10_0 ()
Verse.LongEventHandler:UpdateCurrentSynchronousEvent (bool&)
Verse.LongEventHandler:LongEventsUpdate (bool&)
Verse.Root:Update ()
Verse.Root_Entry:Update ()

loading pawn slot content from file...
UnityEngine.StackTraceUtility:ExtractStackTrace ()
Verse.Log:Message (string)
CharacterEditor.CEditor/ModOptions:LoadSlots (string)
CharacterEditor.CEditor/ModOptions:ReInit ()
CharacterEditor.CEditor/ModOptions:.ctor ()
CharacterEditor.CEditor/ModData:CreateType (CharacterEditor.EType)
CharacterEditor.CEditor/ModData:Get<CharacterEditor.CEditor/ModOptions> (CharacterEditor.EType)
CharacterEditor.CEditor/ModData:.ctor ()
CharacterEditor.CEditor:.ctor ()
CharacterEditor.CEditor:OnMainMenuInit ()
(wrapper dynamic-method) MonoMod.Utils.DynamicMethodDefinition:RimWorld.MainMenuDrawer.Init_Patch1 ()
Verse.UIRoot_Entry:Init ()
Verse.Root:<Start>b__10_0 ()
Verse.LongEventHandler:UpdateCurrentSynchronousEvent (bool&)
Verse.LongEventHandler:LongEventsUpdate (bool&)
Verse.Root:Update ()
Verse.Root_Entry:Update ()

character editor instance created
UnityEngine.StackTraceUtility:ExtractStackTrace ()
Verse.Log:Message (string)
CharacterEditor.CEditor:.ctor ()
CharacterEditor.CEditor:OnMainMenuInit ()
(wrapper dynamic-method) MonoMod.Utils.DynamicMethodDefinition:RimWorld.MainMenuDrawer.Init_Patch1 ()
Verse.UIRoot_Entry:Init ()
Verse.Root:<Start>b__10_0 ()
Verse.LongEventHandler:UpdateCurrentSynchronousEvent (bool&)
Verse.LongEventHandler:LongEventsUpdate (bool&)
Verse.Root:Update ()
Verse.Root_Entry:Update ()

checking editor settings...
UnityEngine.StackTraceUtility:ExtractStackTrace ()
Verse.Log:Message (string)
CharacterEditor.CEditor/ModData:OnSettingsChanged (bool,bool)
CharacterEditor.CEditor:OnSettingsChanged (bool,bool)
CharacterEditor.CEditor:OnMainMenuInit ()
(wrapper dynamic-method) MonoMod.Utils.DynamicMethodDefinition:RimWorld.MainMenuDrawer.Init_Patch1 ()
Verse.UIRoot_Entry:Init ()
Verse.Root:<Start>b__10_0 ()
Verse.LongEventHandler:UpdateCurrentSynchronousEvent (bool&)
Verse.LongEventHandler:LongEventsUpdate (bool&)
Verse.Root:Update ()
Verse.Root_Entry:Update ()

bodysizes genes are active
UnityEngine.StackTraceUtility:ExtractStackTrace ()
Verse.Log:Message (string)
CharacterEditor.GeneTool:EnDisableBodySizeGenes ()
CharacterEditor.CEditor/ModData:OnSettingsChanged (bool,bool)
CharacterEditor.CEditor:OnSettingsChanged (bool,bool)
CharacterEditor.CEditor:OnMainMenuInit ()
(wrapper dynamic-method) MonoMod.Utils.DynamicMethodDefinition:RimWorld.MainMenuDrawer.Init_Patch1 ()
Verse.UIRoot_Entry:Init ()
Verse.Root:<Start>b__10_0 ()
Verse.LongEventHandler:UpdateCurrentSynchronousEvent (bool&)
Verse.LongEventHandler:LongEventsUpdate (bool&)
Verse.Root:Update ()
Verse.Root_Entry:Update ()

CharacterEditor v1.6.3 ...done
UnityEngine.StackTraceUtility:ExtractStackTrace ()
Verse.Log:Message (string)
CharacterEditor.CEditor:OnMainMenuInit ()
(wrapper dynamic-method) MonoMod.Utils.DynamicMethodDefinition:RimWorld.MainMenuDrawer.Init_Patch1 ()
Verse.UIRoot_Entry:Init ()
Verse.Root:<Start>b__10_0 ()
Verse.LongEventHandler:UpdateCurrentSynchronousEvent (bool&)
Verse.LongEventHandler:LongEventsUpdate (bool&)
Verse.Root:Update ()
Verse.Root_Entry:Update ()

CE is trying to create default parameter lists ...
UnityEngine.StackTraceUtility:ExtractStackTrace ()
Verse.Log:Message (string)
CharacterEditor.CEditor/ModOptions:CreateDefaultLists ()
CharacterEditor.CEditor:OnMainMenuOnGUI ()
(wrapper dynamic-method) MonoMod.Utils.DynamicMethodDefinition:RimWorld.MainMenuDrawer.MainMenuOnGUI_Patch1 ()
(wrapper dynamic-method) MonoMod.Utils.DynamicMethodDefinition:Verse.UIRoot_Entry.DoMainMenu_Patch1 (Verse.UIRoot_Entry)
Verse.UIRoot_Entry:UIRootOnGUI ()
Verse.Root:OnGUI ()

creating default parameter list for genes...
UnityEngine.StackTraceUtility:ExtractStackTrace ()
Verse.Log:Message (string)
CharacterEditor.CEditor/ModData:CreateType (CharacterEditor.EType)
CharacterEditor.CEditor/ModData:Get<System.Collections.Generic.Dictionary`2<string, CharacterEditor.PresetGene>> (CharacterEditor.EType)
CharacterEditor.CEditor:Get<System.Collections.Generic.Dictionary`2<string, CharacterEditor.PresetGene>> (CharacterEditor.EType)
CharacterEditor.CEditor/ModOptions:CreateDefaultLists ()
CharacterEditor.CEditor:OnMainMenuOnGUI ()
(wrapper dynamic-method) MonoMod.Utils.DynamicMethodDefinition:RimWorld.MainMenuDrawer.MainMenuOnGUI_Patch1 ()
(wrapper dynamic-method) MonoMod.Utils.DynamicMethodDefinition:Verse.UIRoot_Entry.DoMainMenu_Patch1 (Verse.UIRoot_Entry)
Verse.UIRoot_Entry:UIRootOnGUI ()
Verse.Root:OnGUI ()

250 default entities for genes created
UnityEngine.StackTraceUtility:ExtractStackTrace ()
Verse.Log:Message (string)
CharacterEditor.Preset:CreateDefaults<CharacterEditor.PresetGene, Verse.GeneDef> (System.Collections.Generic.HashSet`1<Verse.GeneDef>,System.Func`2<Verse.GeneDef, string>,System.Func`2<Verse.GeneDef, CharacterEditor.PresetGene>,string)
CharacterEditor.PresetGene:CreateDefaults ()
CharacterEditor.CEditor/ModData:CreateType (CharacterEditor.EType)
CharacterEditor.CEditor/ModData:Get<System.Collections.Generic.Dictionary`2<string, CharacterEditor.PresetGene>> (CharacterEditor.EType)
CharacterEditor.CEditor:Get<System.Collections.Generic.Dictionary`2<string, CharacterEditor.PresetGene>> (CharacterEditor.EType)
CharacterEditor.CEditor/ModOptions:CreateDefaultLists ()
CharacterEditor.CEditor:OnMainMenuOnGUI ()
(wrapper dynamic-method) MonoMod.Utils.DynamicMethodDefinition:RimWorld.MainMenuDrawer.MainMenuOnGUI_Patch1 ()
(wrapper dynamic-method) MonoMod.Utils.DynamicMethodDefinition:Verse.UIRoot_Entry.DoMainMenu_Patch1 (Verse.UIRoot_Entry)
Verse.UIRoot_Entry:UIRootOnGUI ()
Verse.Root:OnGUI ()

creating default parameter list for objects...
UnityEngine.StackTraceUtility:ExtractStackTrace ()
Verse.Log:Message (string)
CharacterEditor.CEditor/ModData:CreateType (CharacterEditor.EType)
CharacterEditor.CEditor/ModData:Get<System.Collections.Generic.Dictionary`2<string, CharacterEditor.PresetObject>> (CharacterEditor.EType)
CharacterEditor.CEditor:Get<System.Collections.Generic.Dictionary`2<string, CharacterEditor.PresetObject>> (CharacterEditor.EType)
CharacterEditor.CEditor/ModOptions:CreateDefaultLists ()
CharacterEditor.CEditor:OnMainMenuOnGUI ()
(wrapper dynamic-method) MonoMod.Utils.DynamicMethodDefinition:RimWorld.MainMenuDrawer.MainMenuOnGUI_Patch1 ()
(wrapper dynamic-method) MonoMod.Utils.DynamicMethodDefinition:Verse.UIRoot_Entry.DoMainMenu_Patch1 (Verse.UIRoot_Entry)
Verse.UIRoot_Entry:UIRootOnGUI ()
Verse.Root:OnGUI ()

1702 default entities for objects created
UnityEngine.StackTraceUtility:ExtractStackTrace ()
Verse.Log:Message (string)
CharacterEditor.Preset:CreateDefaults<CharacterEditor.PresetObject, Verse.ThingDef> (System.Collections.Generic.HashSet`1<Verse.ThingDef>,System.Func`2<Verse.ThingDef, string>,System.Func`2<Verse.ThingDef, CharacterEditor.PresetObject>,string)
CharacterEditor.PresetObject:CreateDefaultObjects ()
CharacterEditor.CEditor/ModData:CreateType (CharacterEditor.EType)
CharacterEditor.CEditor/ModData:Get<System.Collections.Generic.Dictionary`2<string, CharacterEditor.PresetObject>> (CharacterEditor.EType)
CharacterEditor.CEditor:Get<System.Collections.Generic.Dictionary`2<string, CharacterEditor.PresetObject>> (CharacterEditor.EType)
CharacterEditor.CEditor/ModOptions:CreateDefaultLists ()
CharacterEditor.CEditor:OnMainMenuOnGUI ()
(wrapper dynamic-method) MonoMod.Utils.DynamicMethodDefinition:RimWorld.MainMenuDrawer.MainMenuOnGUI_Patch1 ()
(wrapper dynamic-method) MonoMod.Utils.DynamicMethodDefinition:Verse.UIRoot_Entry.DoMainMenu_Patch1 (Verse.UIRoot_Entry)
Verse.UIRoot_Entry:UIRootOnGUI ()
Verse.Root:OnGUI ()

creating default parameter list for turrets...
UnityEngine.StackTraceUtility:ExtractStackTrace ()
Verse.Log:Message (string)
CharacterEditor.CEditor/ModData:CreateType (CharacterEditor.EType)
CharacterEditor.CEditor/ModData:Get<System.Collections.Generic.Dictionary`2<string, CharacterEditor.PresetObject>> (CharacterEditor.EType)
CharacterEditor.CEditor:Get<System.Collections.Generic.Dictionary`2<string, CharacterEditor.PresetObject>> (CharacterEditor.EType)
CharacterEditor.CEditor/ModOptions:CreateDefaultLists ()
CharacterEditor.CEditor:OnMainMenuOnGUI ()
(wrapper dynamic-method) MonoMod.Utils.DynamicMethodDefinition:RimWorld.MainMenuDrawer.MainMenuOnGUI_Patch1 ()
(wrapper dynamic-method) MonoMod.Utils.DynamicMethodDefinition:Verse.UIRoot_Entry.DoMainMenu_Patch1 (Verse.UIRoot_Entry)
Verse.UIRoot_Entry:UIRootOnGUI ()
Verse.Root:OnGUI ()

13 default entities for turrets created
UnityEngine.StackTraceUtility:ExtractStackTrace ()
Verse.Log:Message (string)
CharacterEditor.Preset:CreateDefaults<CharacterEditor.PresetObject, Verse.ThingDef> (System.Collections.Generic.HashSet`1<Verse.ThingDef>,System.Func`2<Verse.ThingDef, string>,System.Func`2<Verse.ThingDef, CharacterEditor.PresetObject>,string)
CharacterEditor.PresetObject:CreateDefaultTurrets ()
CharacterEditor.CEditor/ModData:CreateType (CharacterEditor.EType)
CharacterEditor.CEditor/ModData:Get<System.Collections.Generic.Dictionary`2<string, CharacterEditor.PresetObject>> (CharacterEditor.EType)
CharacterEditor.CEditor:Get<System.Collections.Generic.Dictionary`2<string, CharacterEditor.PresetObject>> (CharacterEditor.EType)
CharacterEditor.CEditor/ModOptions:CreateDefaultLists ()
CharacterEditor.CEditor:OnMainMenuOnGUI ()
(wrapper dynamic-method) MonoMod.Utils.DynamicMethodDefinition:RimWorld.MainMenuDrawer.MainMenuOnGUI_Patch1 ()
(wrapper dynamic-method) MonoMod.Utils.DynamicMethodDefinition:Verse.UIRoot_Entry.DoMainMenu_Patch1 (Verse.UIRoot_Entry)
Verse.UIRoot_Entry:UIRootOnGUI ()
Verse.Root:OnGUI ()

...lists created
UnityEngine.StackTraceUtility:ExtractStackTrace ()
Verse.Log:Message (string)
CharacterEditor.CEditor/ModOptions:CreateDefaultLists ()
CharacterEditor.CEditor:OnMainMenuOnGUI ()
(wrapper dynamic-method) MonoMod.Utils.DynamicMethodDefinition:RimWorld.MainMenuDrawer.MainMenuOnGUI_Patch1 ()
(wrapper dynamic-method) MonoMod.Utils.DynamicMethodDefinition:Verse.UIRoot_Entry.DoMainMenu_Patch1 (Verse.UIRoot_Entry)
Verse.UIRoot_Entry:UIRootOnGUI ()
Verse.Root:OnGUI ()

CE is trying to apply modified parameters...
UnityEngine.StackTraceUtility:ExtractStackTrace ()
Verse.Log:Message (string)
CharacterEditor.CEditor/ModOptions:UpdatingCustoms ()
CharacterEditor.CEditor:OnMainMenuOnGUI ()
(wrapper dynamic-method) MonoMod.Utils.DynamicMethodDefinition:RimWorld.MainMenuDrawer.MainMenuOnGUI_Patch1 ()
(wrapper dynamic-method) MonoMod.Utils.DynamicMethodDefinition:Verse.UIRoot_Entry.DoMainMenu_Patch1 (Verse.UIRoot_Entry)
Verse.UIRoot_Entry:UIRootOnGUI ()
Verse.Root:OnGUI ()

no modifications for genes
UnityEngine.StackTraceUtility:ExtractStackTrace ()
Verse.Log:Message (string)
CharacterEditor.Preset:LoadAllModifications (string,System.Action`1<string>,string)
CharacterEditor.PresetGene:LoadAllModifications (string)
CharacterEditor.CEditor/ModOptions:UpdatingCustoms ()
CharacterEditor.CEditor:OnMainMenuOnGUI ()
(wrapper dynamic-method) MonoMod.Utils.DynamicMethodDefinition:RimWorld.MainMenuDrawer.MainMenuOnGUI_Patch1 ()
(wrapper dynamic-method) MonoMod.Utils.DynamicMethodDefinition:Verse.UIRoot_Entry.DoMainMenu_Patch1 (Verse.UIRoot_Entry)
Verse.UIRoot_Entry:UIRootOnGUI ()
Verse.Root:OnGUI ()

no modifications for lifestages
UnityEngine.StackTraceUtility:ExtractStackTrace ()
Verse.Log:Message (string)
CharacterEditor.Preset:LoadAllModifications (string,System.Action`1<string>,string)
CharacterEditor.PresetLifeStage:LoadAllModifications (string)
CharacterEditor.CEditor/ModOptions:UpdatingCustoms ()
CharacterEditor.CEditor:OnMainMenuOnGUI ()
(wrapper dynamic-method) MonoMod.Utils.DynamicMethodDefinition:RimWorld.MainMenuDrawer.MainMenuOnGUI_Patch1 ()
(wrapper dynamic-method) MonoMod.Utils.DynamicMethodDefinition:Verse.UIRoot_Entry.DoMainMenu_Patch1 (Verse.UIRoot_Entry)
Verse.UIRoot_Entry:UIRootOnGUI ()
Verse.Root:OnGUI ()

...done
UnityEngine.StackTraceUtility:ExtractStackTrace ()
Verse.Log:Message (string)
CharacterEditor.CEditor/ModOptions:UpdatingCustoms ()
CharacterEditor.CEditor:OnMainMenuOnGUI ()
(wrapper dynamic-method) MonoMod.Utils.DynamicMethodDefinition:RimWorld.MainMenuDrawer.MainMenuOnGUI_Patch1 ()
(wrapper dynamic-method) MonoMod.Utils.DynamicMethodDefinition:Verse.UIRoot_Entry.DoMainMenu_Patch1 (Verse.UIRoot_Entry)
Verse.UIRoot_Entry:UIRootOnGUI ()
Verse.Root:OnGUI ()
